sample_id,window_seconds,gpu_delta_1s_pp,gpu_delta_3s_pp,gpu_delta_5s_pp,gpu_derivative_pp_s,gpu_drop_ratio,gpu_variance_5s,cpu_delta_1s_pp,cpu_delta_3s_pp,cpu_delta_5s_pp,cpu_derivative_pp_s,cpu_drop_ratio,cpu_variance_5s,ram_delta_1s_mb,ram_delta_5s_mb,ram_growth_rate_mb_s,ram_variance_5s,resource_sync_score,activity_drop_score,stable_after_drop,foreground_changed,fullscreen_changed,match_ended
3101,3,-13.457,-41.343,-56.325,-15.018,0.2737,252.727,-2.592,-19.763,10.954,-2.916,0.0094,129.666,-67.94,-43.954,-66.907,5057.916,0.7998,81.715,0,0,0,1
1441,10,-17.984,25.404,53.296,-16.934,0.308,292.157,-15.216,-26.117,-27.124,-15.163,0.2232,164.212,-27.983,-29.106,-30.966,3183.569,0.0,39.496,1,0,0,0
1882,5,-21.91,-42.732,-85.326,-25.926,0.4106,500.627,0.718,1.584,-38.898,1.696,0.5211,78.686,-15.317,-143.754,-8.817,1912.085,0.6213,45.737,1,0,1,1
2508,10,-33.632,36.228,-40.008,-33.3,0.1807,354.375,-10.193,-16.446,-33.813,-11.105,0.0222,39.768,-24.392,-35.289,-26.994,1882.655,0.0456,19.38,0,0,0,0
4277,3,-22.968,-14.509,4.851,-24.982,0.6144,314.867,-12.528,-1.755,-39.865,-12.992,0.2774,287.159,-21.858,-3.692,-34.459,4131.448,0.5755,77.147,1,0,1,1
2525,5,-17.017,-14.021,-37.379,-12.068,0.6121,14.245,-8.926,-4.421,-39.276,-7.897,0.3727,167.442,28.577,-20.533,34.636,5281.707,0.6781,87.143,0,0,0,1
2961,5,1.185,-14.944,-22.005,3.815,0.535,36.639,-7.295,-13.519,-14.884,-9.254,0.3309,176.828,-30.076,9.703,-43.676,3683.192,0.7336,64.626,0,0,0,1
3525,10,-8.8,-31.945,10.5,-8.924,0.0,345.208,-14.227,-8.367,-25.427,-13.74,0.161,362.782,-51.805,-6.799,-60.183,82.605,0.3822,13.048,0,0,0,0
3301,3,8.889,-52.96,-9.571,9.665,0.1302,862.958,-0.472,11.805,15.189,-2.57,0.1172,310.018,-44.997,99.784,-44.358,1637.949,0.0105,18.095,1,0,0,0
1756,10,14.138,-33.435,-20.811,14.966,0.1058,341.44,-2.943,-4.157,-39.544,-0.896,0.1073,249.617,7.516,-12.37,6.06,9338.836,0.1074,13.974,0,0,0,0
4262,3,-4.467,-55.694,-72.557,-3.364,0.171,259.778,8.296,16.501,-18.103,5.661,0.1077,36.042,-10.546,210.146,-11.557,2169.074,0.1611,0.818,0,0,0,0
4215,5,4.936,-62.227,-53.813,3.595,0.1552,245.517,8.249,-32.127,-39.636,6.556,0.2172,252.259,22.67,42.054,23.255,3578.007,0.9092,70.356,1,0,0,1
3854,5,4.685,-8.275,57.682,2.682,0.1083,282.277,-9.825,-8.167,5.069,-9.175,0.0,531.595,28.995,27.667,29.429,304.771,0.2995,29.098,0,0,0,0
174,3,-6.851,-38.698,-30.313,-8.727,0.4191,111.282,-8.374,11.605,-39.256,-6.793,0.2135,264.626,57.531,-75.654,63.831,288.109,0.6758,61.349,1,0,0,1
682,3,-19.442,-51.722,-2.781,-17.325,0.4284,343.192,-19.29,-42.634,-8.864,-18.407,0.3406,96.913,37.2,-41.798,29.565,4421.21,0.5957,50.332,1,1,0,1
2570,5,-35.28,-48.408,-81.574,-38.457,0.506,439.741,-20.001,6.042,-3.879,-23.172,0.2117,40.332,-50.143,-140.482,-39.59,422.442,0.437,99.111,1,0,0,1
4987,5,-6.368,-44.84,-80.154,-5.228,0.5036,334.394,-5.172,-19.706,-30.269,-4.05,0.3911,190.721,17.693,-217.359,10.72,4169.94,0.7009,51.798,0,1,0,1
4856,5,-24.917,17.209,-29.131,-30.016,0.2274,383.052,-5.653,3.948,-25.347,-9.188,0.0,1.682,-59.647,-9.758,-74.42,7145.759,0.3609,8.237,0,0,0,0
1233,5,-22.053,-20.327,-53.393,-23.822,0.5162,12.408,-0.975,-21.79,-29.554,-3.008,0.2444,107.263,-39.679,-202.852,-47.601,794.772,0.7792,25.766,1,1,0,1
2977,5,-30.281,-60.423,-30.231,-30.63,0.6048,336.065,-16.76,-24.808,-12.881,-16.419,0.6176,130.046,-8.12,-71.755,-16.099,3100.057,0.5214,83.674,0,0,0,1
4705,3,4.091,26.205,24.531,2.12,0.152,83.404,-6.677,4.378,5.528,-10.146,0.0291,158.66,-16.606,16.842,-5.798,4850.59,0.1281,0.0,0,0,0,0
2930,3,1.195,-10.665,16.467,-1.635,0.0,345.113,4.693,-17.69,-1.28,4.901,0.263,462.012,-12.803,7.176,-17.561,228.517,0.1876,2.363,0,0,0,0
4266,3,2.479,9.77,7.233,3.992,0.234,843.684,9.122,-7.648,-8.684,9.08,0.0,301.552,24.836,141.568,27.111,4906.766,0.1325,0.0,0,0,0,0
1499,5,-5.869,-13.111,-36.832,-6.457,0.644,317.72,4.701,-9.943,-23.59,4.537,0.4101,110.409,-21.978,-14.678,-16.012,3476.695,0.9022,92.503,0,0,0,1
1463,3,6.355,-33.399,-12.861,8.742,0.1946,424.418,-6.017,21.459,75.57,-7.137,0.0175,400.034,41.179,-81.021,46.257,10254.149,0.0675,29.728,0,0,0,0
3704,5,-10.747,-14.928,25.749,-10.012,0.0681,348.234,1.554,15.464,-19.77,2.027,0.0539,362.205,-1.846,100.762,5.683,2078.693,0.2194,34.603,0,0,0,0
3315,10,16.849,-27.764,4.187,14.368,0.1387,787.443,-13.907,-11.506,14.782,-15.574,0.0,343.674,9.983,51.62,27.627,2517.159,0.1492,16.787,0,0,0,0
2009,3,-14.098,-41.083,-49.279,-13.888,0.6207,113.261,-0.701,-3.423,-30.544,-5.985,0.1936,139.866,-0.202,46.404,3.771,915.864,0.9603,78.064,1,0,1,1
4006,10,15.14,31.521,48.883,15.889,0.0477,503.425,2.884,16.714,20.476,3.6,0.1499,409.811,-50.98,-114.449,-49.161,3986.762,0.2652,21.742,0,0,0,0
3516,10,-19.329,-67.43,-71.519,-20.932,0.6034,3.306,-19.303,-20.334,-20.98,-18.154,0.7606,251.32,-104.226,74.161,-103.886,4130.958,0.6966,67.633,0,0,1,1
2155,5,-5.188,30.486,2.198,-1.478,0.0,437.114,8.814,-40.493,6.316,10.209,0.2127,217.58,53.707,-13.868,54.831,1083.244,0.0,28.983,0,0,1,0
4426,5,-9.742,2.775,61.255,-10.254,0.107,504.186,-10.817,-1.521,66.783,-9.896,0.121,205.066,-24.083,-18.579,-18.786,1176.618,0.0331,24.089,0,0,0,0
4586,10,-24.626,-15.394,-26.814,-26.847,0.7208,185.802,-13.321,-28.97,-20.828,-15.495,0.62,23.422,-33.967,67.258,-44.395,250.199,0.7455,61.187,1,0,1,1
2340,10,2.409,-16.772,93.542,2.353,0.0,130.919,-8.425,38.721,3.562,-6.998,0.0876,479.424,58.448,49.088,44.495,2931.099,0.417,23.604,0,0,0,0
2059,3,-17.791,1.996,1.485,-19.308,0.2626,444.046,-3.537,26.608,-9.121,-3.11,0.2047,117.928,-46.478,95.807,-54.223,1681.369,0.4275,30.726,0,0,0,0
3487,10,9.352,4.066,-26.439,8.971,0.2266,306.585,-9.022,-58.02,-17.863,-8.265,0.0235,260.333,28.431,12.348,26.703,7399.265,0.1981,11.634,0,0,0,0
4983,10,-6.834,-13.381,10.677,-8.301,0.7381,160.355,-18.614,-20.126,-31.905,-16.476,0.2225,312.84,-54.722,-134.466,-55.349,2592.738,0.5718,8.08,1,1,1,1
2931,10,13.603,-35.395,-32.294,14.139,0.0,474.17,-16.64,-4.1,59.891,-13.806,0.0155,388.872,66.948,-30.081,72.837,3599.058,0.1209,0.279,0,0,0,0
1788,5,8.478,-7.925,16.81,6.628,0.1123,511.448,-6.043,-0.895,-37.013,-8.456,0.0,291.406,34.557,1.678,42.749,3401.262,0.1273,49.967,0,0,0,0
3774,5,-14.012,8.465,1.648,-12.363,0.0,506.768,-12.759,-23.102,-26.626,-11.719,0.0072,177.277,-32.526,-40.14,-26.835,2596.128,0.2658,31.881,0,0,0,0
1035,10,-17.103,-3.286,18.467,-14.826,0.0706,264.522,-10.767,-21.61,-10.063,-12.012,0.0,515.87,12.316,-258.697,12.287,2721.292,0.0475,0.0,0,0,0,0
4229,5,0.419,34.698,16.844,-1.455,0.0341,449.115,2.619,10.921,-71.311,2.007,0.0,229.957,-27.445,30.147,-28.172,654.742,0.158,14.229,0,0,0,0
4680,10,-8.384,-41.389,17.173,-11.857,0.0433,399.367,-16.505,-9.955,22.765,-13.694,0.1637,356.543,-53.894,-26.981,-45.794,3699.36,0.1665,19.134,0,0,0,0
2765,5,13.927,-39.928,-31.835,14.534,0.5914,400.089,18.701,-1.424,59.309,18.434,0.0693,583.896,44.556,-14.821,33.507,4188.508,0.2827,48.651,1,0,0,0
545,5,1.607,41.167,-3.443,-0.24,0.249,134.563,11.883,7.917,33.923,13.425,0.0,486.047,6.447,116.663,7.442,4386.229,0.3051,10.425,0,0,0,0
4592,3,-10.605,-14.646,4.593,-11.358,0.0052,229.307,-7.117,-23.075,25.974,-4.239,0.0987,456.573,-39.36,161.096,-42.939,5660.01,0.2342,0.0,1,0,0,0
2912,10,-2.235,-34.351,-40.857,-1.655,0.4741,271.34,-9.045,7.904,-23.005,-10.296,0.0919,233.672,-22.498,48.207,-13.218,3064.664,0.0799,56.548,0,0,0,0
4365,5,3.882,-41.5,-29.724,5.362,0.1074,251.416,6.722,10.038,18.731,6.26,0.0,205.526,15.806,59.88,21.972,5126.835,0.4831,19.76,1,0,0,0
191,5,-0.249,-27.599,48.739,2.594,0.1469,482.682,-12.534,-15.909,2.846,-12.376,0.108,156.722,-25.814,20.818,-27.866,6593.354,0.188,29.832,0,0,0,0
2389,10,-17.675,2.626,-46.483,-17.166,0.2844,90.79,1.69,23.599,-6.294,0.686,0.3294,119.323,-28.854,-129.067,-20.428,1332.841,1.0,87.68,0,1,0,1
4899,3,-16.591,-24.852,-55.179,-14.769,0.0861,413.631,0.303,14.036,-15.245,-1.403,0.0,481.035,51.652,34.193,57.63,2308.01,0.3967,17.723,0,0,0,0
3851,5,-26.165,-39.15,-39.708,-26.496,0.6523,342.889,-16.699,16.463,-51.748,-18.777,0.1587,192.359,-108.451,-97.116,-110.978,282.681,0.9356,81.619,1,0,0,1
489,5,-7.097,-2.968,44.546,-5.621,0.1407,253.368,16.019,8.59,-11.502,17.232,0.0,325.399,5.172,-31.402,11.361,6961.748,0.3495,8.396,0,0,0,0
2458,10,-20.246,-19.68,-25.365,-21.68,0.6052,365.967,-5.157,5.781,21.182,-2.874,0.1105,684.377,48.076,90.949,52.522,3308.37,0.1071,36.243,0,0,0,0
1345,10,-12.864,-32.44,-39.949,-13.914,0.3407,258.804,-8.557,-34.22,-15.021,-5.074,0.5353,38.019,-9.376,-13.057,-16.932,2366.529,0.6534,100.0,1,0,0,1
2806,10,-10.242,-33.654,-56.242,-9.027,0.5585,148.657,-18.053,-13.275,-36.384,-23.441,0.5572,190.046,-8.509,-101.119,-18.337,1975.899,0.5895,40.15,1,0,0,1
657,10,-32.103,-14.269,-5.5,-29.961,0.5448,227.078,6.38,-34.354,-26.969,9.968,0.183,67.893,-4.385,-35.887,-16.472,3824.576,0.8334,27.021,1,0,1,1
3354,10,-8.75,17.054,-13.136,-9.329,0.109,594.746,-13.797,-23.642,34.504,-13.807,0.0,295.12,-45.219,-65.41,-46.075,4086.891,0.2397,21.278,0,0,0,0
2979,10,-22.549,-30.826,-67.437,-23.006,0.8658,372.654,-11.877,1.743,-41.426,-11.343,0.2259,272.89,-47.11,7.593,-48.735,8073.052,0.5326,82.981,1,0,0,1
1997,3,-9.573,-35.058,20.942,-7.896,0.2766,641.129,-24.261,-21.96,-100.0,-25.793,0.0405,336.112,-53.006,-24.042,-43.586,3148.485,0.2669,31.011,0,0,0,0
4744,5,-12.702,-16.61,-42.151,-11.971,0.7951,248.544,-21.095,-17.012,-32.673,-19.024,0.4894,222.296,25.117,-85.024,34.526,2621.961,0.7043,74.255,0,1,0,1
4855,5,-17.461,7.641,-7.793,-17.343,0.0,54.077,1.977,7.728,-5.355,3.216,0.0342,143.024,35.032,43.125,27.216,3184.177,0.0516,6.557,0,0,0,0
916,3,-13.026,-36.45,-61.832,-13.9,0.7461,229.529,-17.198,-11.822,-21.285,-20.006,0.6767,14.393,18.628,-55.153,23.079,5608.249,0.5593,79.727,1,0,1,1
2148,10,-20.34,-16.657,18.218,-21.803,0.0628,56.604,13.32,16.975,6.716,14.164,0.1191,115.595,0.198,-65.039,4.739,4703.928,0.2907,11.924,0,0,0,0
1161,3,0.979,-60.628,-54.014,1.573,0.0,245.601,16.679,1.345,-27.399,16.223,0.0,246.46,-7.614,-174.471,5.91,2360.929,0.3017,26.872,0,0,0,0
4269,3,-10.733,-62.616,-28.818,-11.012,0.6659,120.712,-15.45,-18.396,-6.42,-15.041,0.3209,169.077,-77.997,-155.554,-75.288,3483.757,0.6781,73.233,0,0,0,1
2054,10,-8.109,-41.792,-14.032,-6.755,0.7467,29.005,-13.23,-24.178,-33.079,-15.674,0.1791,200.2,-51.198,70.271,-57.648,1037.968,1.0,95.543,1,0,0,1
1645,5,11.516,-15.542,55.659,14.23,0.0332,389.505,3.791,18.69,-19.455,4.466,0.1445,148.905,-37.675,25.248,-42.186,2204.02,0.3403,22.276,0,0,0,0
4161,3,-10.868,-1.78,-54.619,-11.678,0.2652,430.925,-4.785,4.286,-15.023,-5.625,0.0,639.553,10.517,101.546,8.438,6112.843,0.0896,0.0,0,0,0,0
1488,5,-18.291,-18.579,10.765,-17.206,0.0274,366.768,-11.914,-40.372,11.852,-9.999,0.0928,386.177,32.243,-24.26,34.239,3932.666,0.4216,19.795,0,0,0,0
2449,3,8.693,-20.267,-46.46,8.766,0.3014,594.877,1.191,-33.503,29.555,3.936,0.0,649.101,42.476,144.837,44.781,1129.738,0.4308,35.446,0,0,0,0
467,10,11.517,27.601,-24.722,7.604,0.1037,224.265,10.283,36.004,-46.44,10.792,0.1871,363.601,-29.458,-40.872,-29.631,4060.642,0.0,14.06,0,0,0,0
1252,10,-24.276,-66.345,-75.444,-20.426,0.5745,236.74,-13.179,-18.712,-34.759,-10.943,0.2571,168.146,-7.095,0.858,-3.252,1600.341,0.7795,83.711,0,0,0,1
827,3,-3.973,31.571,21.171,-7.77,0.018,437.86,-4.131,20.025,-10.637,-6.219,0.0,255.885,35.177,-27.362,39.86,1342.724,0.4661,24.321,0,0,0,0
4327,5,-6.686,13.338,-32.886,-10.566,0.085,72.375,12.391,-17.394,-4.916,12.158,0.0,322.912,22.621,-5.796,13.201,1989.117,0.2563,0.0,0,0,0,0
4842,5,9.501,-24.813,-40.726,11.647,0.0316,270.459,14.999,-6.081,22.221,17.493,0.0517,256.397,20.432,92.445,21.84,5185.028,0.5241,36.913,0,0,0,0
4138,5,13.131,40.331,29.469,14.593,0.1972,179.272,1.685,-34.554,-0.229,1.7,0.0463,196.774,-19.148,46.853,-16.159,230.765,0.4257,26.16,0,0,0,0
2274,3,-25.702,-47.59,-17.831,-30.857,0.7854,253.22,-11.764,-17.019,-4.525,-12.997,0.3707,104.092,71.628,-35.6,77.861,2994.364,0.6878,45.473,0,1,1,1
3151,5,-2.095,-21.869,-44.672,1.31,0.3397,370.195,21.24,-39.574,-3.905,21.339,0.1113,174.244,-13.318,-9.887,-16.271,496.667,0.2102,81.059,0,0,0,0
2553,5,17.819,-43.686,-39.706,18.775,0.0511,604.383,5.93,-11.339,-6.027,3.739,0.1942,127.53,6.251,7.16,8.064,2377.119,0.3359,4.891,0,0,0,0
372,3,5.613,17.381,-7.183,6.522,0.1109,602.729,-2.526,10.279,-13.934,-1.243,0.2023,464.846,-3.801,53.486,-2.677,373.586,0.3817,2.126,1,0,0,0
247,5,36.057,-3.707,48.358,35.864,0.0,794.028,7.31,6.437,-9.775,8.081,0.0,547.178,6.999,-61.627,7.84,4060.754,0.1968,41.923,0,0,0,0
4062,5,8.855,9.907,-14.562,9.397,0.0874,288.374,-10.359,-20.807,43.187,-12.556,0.0,551.745,-30.467,4.157,-30.855,2758.426,0.0246,36.254,0,0,0,0
3772,10,5.882,37.559,19.421,6.002,0.1932,335.454,-11.917,-14.552,-9.273,-12.141,0.1661,518.715,66.413,28.939,67.922,1176.867,0.3572,0.0,0,0,0,0
4619,5,-20.592,-9.916,-81.717,-17.902,0.6709,202.508,-5.593,-13.552,-22.537,-4.519,0.3691,53.381,-23.858,61.351,-22.47,4912.297,0.7099,67.458,1,1,0,1
4296,3,0.317,28.006,-12.625,-2.863,0.0247,83.737,-15.973,47.544,10.086,-19.034,0.0208,626.814,-31.815,-55.319,-33.431,12.503,0.3057,19.086,0,0,0,0
4150,5,14.718,2.117,-19.05,16.575,0.2533,619.308,1.386,-6.92,23.381,4.669,0.2148,237.727,-46.584,83.047,-32.114,1698.89,0.2387,0.0,0,0,0,0
4120,3,-10.724,-49.915,-14.433,-13.693,0.6123,155.792,1.655,-37.564,-29.133,5.157,0.237,226.347,-92.419,-93.894,-83.557,1986.92,0.6045,73.773,1,0,0,1
2723,5,-5.868,-33.222,-59.904,-7.38,0.703,98.861,-15.1,-54.641,-0.459,-11.609,0.1803,223.269,-20.179,-9.869,-25.997,3019.903,0.4408,62.915,0,0,0,1
223,5,0.601,21.905,-15.933,2.5,0.2093,276.768,-2.481,6.188,40.153,-3.289,0.0537,214.359,-9.576,-41.378,1.508,2546.293,0.2323,5.667,1,0,0,0
2103,3,-13.647,-49.924,-11.816,-12.675,0.4646,178.071,-6.186,-5.449,-13.6,-5.472,0.5116,295.711,-0.588,-31.618,7.619,2858.13,0.6644,42.601,1,0,0,1
1784,3,13.819,-2.534,-32.684,15.297,0.0,183.602,-8.385,23.453,75.588,-4.508,0.0989,243.655,39.016,49.914,42.207,4180.432,0.2756,11.079,0,0,0,0
931,3,-10.157,8.709,16.086,-10.189,0.0991,211.143,-7.891,-51.843,14.617,-9.298,0.1143,275.728,-30.478,73.111,-32.098,4085.864,0.0882,0.0,0,0,0,0
2173,10,2.985,7.687,46.229,5.884,0.0916,356.359,6.197,21.181,-26.633,7.829,0.0,310.487,-8.328,-81.902,-7.071,3586.646,0.2641,20.945,0,0,0,0
224,10,0.576,10.678,39.94,1.433,0.0854,436.568,-13.673,9.995,-32.698,-15.472,0.0,541.072,-7.251,93.446,1.387,6146.235,0.2193,12.781,0,0,0,0
617,3,5.578,11.617,30.156,5.349,0.1164,305.092,-7.633,-47.318,8.284,-11.9,0.2065,257.05,-81.645,5.125,-88.303,4915.242,0.042,31.802,0,0,0,0
4933,3,14.048,16.118,-21.398,13.123,0.0695,379.504,-0.191,16.117,34.524,0.19,0.0,308.82,14.823,-108.472,14.281,1479.307,0.4075,2.085,0,0,0,0
575,3,-25.178,-51.475,-95.481,-28.56,0.7288,279.73,-10.092,16.569,-44.444,-9.964,0.5666,92.154,31.514,131.372,31.582,185.128,0.5941,41.628,0,1,0,1
1498,5,-10.692,-24.741,-19.181,-13.644,0.5611,372.188,3.971,-19.962,19.999,9.002,0.2801,179.757,-9.26,18.021,-31.246,13.458,0.6346,89.422,0,0,0,1
2380,3,-17.222,-45.035,-35.713,-16.991,0.4245,222.441,-1.123,2.018,-10.806,-1.212,0.3175,118.138,-16.989,-64.907,-8.215,1457.296,0.7382,66.766,0,0,0,1
1607,3,-11.05,-61.403,-53.312,-12.612,0.6736,262.674,-18.425,-9.988,-28.108,-15.657,0.2322,179.291,-56.123,26.637,-61.382,2430.773,0.5469,51.511,1,0,0,1
1860,10,-5.575,-20.826,-8.866,-5.932,0.6384,136.884,-3.469,-29.341,12.142,-2.688,0.3075,248.815,-19.895,-70.765,-29.59,1337.417,0.7645,75.127,1,1,0,1
3379,5,-5.394,3.725,39.972,-3.438,0.2007,252.105,-2.414,-13.209,41.851,-3.775,0.0,329.248,16.115,162.901,7.189,26.789,0.1431,0.0,0,0,0,0
12,5,-12.86,-35.941,-58.395,-10.857,0.6747,272.168,-6.68,-42.366,-42.546,-8.582,0.1359,179.524,22.831,-94.258,17.543,3012.23,0.6636,65.949,1,0,1,1
4409,3,-20.566,-36.058,-46.754,-23.385,0.8374,187.474,2.812,-8.56,-20.32,4.447,0.689,138.909,-61.305,-65.186,-63.937,5938.325,0.7665,71.75,0,1,1,1
400,10,-2.02,48.193,10.319,-1.447,0.1537,536.136,3.051,21.743,30.283,0.317,0.1032,351.812,-5.946,35.76,-7.496,857.984,0.0,16.334,0,0,0,0
2048,10,13.741,-38.074,-21.333,11.006,0.1316,581.503,-2.198,-9.556,6.857,-1.993,0.0,410.587,69.322,35.568,76.106,4815.379,0.2277,2.971,0,0,0,0
3701,10,-27.651,-26.469,-24.196,-30.685,0.4787,249.871,-8.174,-17.126,-25.676,-10.432,0.441,52.317,-82.566,41.054,-95.828,4754.211,0.9019,4.01,1,0,1,1
2210,10,-15.891,23.663,8.258,-15.497,0.129,320.367,9.979,-11.857,-20.681,8.66,0.0434,257.919,-23.937,-236.05,-23.773,7793.051,0.2457,8.724,0,0,0,0
404,10,5.682,-32.734,8.502,3.23,0.07,310.779,-12.745,13.422,29.997,-13.009,0.1127,191.191,-16.558,26.836,-18.029,1876.127,0.0653,30.616,0,0,0,0
1735,10,26.393,18.603,48.907,26.726,0.0,199.224,-11.771,-3.858,-8.718,-10.799,0.0935,547.551,-70.226,10.162,-71.513,4007.273,0.0,26.237,1,0,0,0
692,10,-7.819,-13.609,-91.707,-5.714,0.6257,36.732,-7.988,-5.127,-53.973,-4.731,0.3515,207.519,11.102,-231.275,14.152,990.618,1.0,61.652,0,0,1,1
3400,5,-25.831,-2.54,2.269,-24.682,0.0489,469.347,-7.64,-18.871,66.215,-4.72,0.0875,47.198,-38.215,-32.079,-32.11,5184.284,0.2873,35.176,0,0,0,0
1371,10,-10.592,-55.567,-50.47,-8.698,0.5239,29.878,-0.426,-25.436,-4.046,-3.288,0.206,47.354,-74.614,-42.217,-78.502,2939.486,0.5733,72.267,1,1,0,1
2774,10,-10.742,-64.037,-66.561,-12.416,0.4728,89.413,-6.587,-23.992,-27.81,-4.234,0.0,57.03,-12.99,10.562,-12.246,2263.174,0.6424,77.138,0,0,0,1
3231,3,-8.321,-7.659,-63.193,-7.66,0.4335,413.978,-23.528,-6.109,0.379,-26.108,0.1369,387.078,-37.249,-94.039,-35.453,638.734,0.7571,59.806,1,1,0,1
747,5,0.016,4.936,28.34,4.731,0.1555,490.941,27.477,23.572,32.727,27.06,0.0,481.988,-33.779,-91.78,-28.836,2570.211,0.2423,23.198,0,0,0,0
3959,5,-9.963,39.329,-22.161,-9.899,0.1844,855.714,15.978,-16.402,-51.91,18.98,0.1226,305.534,60.303,-110.707,60.203,1001.748,0.0,22.572,1,0,0,0
645,5,-7.283,-51.837,-98.275,-9.729,0.4515,242.358,-13.926,-6.228,-27.584,-14.115,0.0966,98.169,25.048,-343.915,25.488,3224.279,0.6175,63.488,1,0,1,1
3257,3,8.004,-19.027,6.933,7.399,0.1205,465.39,1.499,-16.324,-8.743,-0.636,0.1535,144.113,48.108,-23.823,56.729,4514.39,0.1495,13.344,0,0,0,0
1304,5,-7.714,-14.26,-22.234,-7.751,0.2548,490.148,-3.958,-19.443,5.373,0.13,0.256,173.328,66.474,-90.989,58.993,772.036,0.6758,57.544,1,0,0,1
2145,5,1.628,-3.558,1.917,9.313,0.1394,295.285,1.024,-6.14,-27.064,0.241,0.0456,464.559,9.329,26.877,4.89,10564.519,0.3971,39.221,1,0,0,0
3162,3,-13.868,18.157,-36.168,-12.54,0.0,456.533,-19.962,11.531,15.162,-16.988,0.0852,393.752,34.12,90.04,31.946,7778.425,0.5335,9.822,1,0,0,0
2794,3,4.161,14.8,-44.955,2.222,0.051,332.852,4.812,3.61,-1.246,6.358,0.0,283.681,12.445,-53.189,28.481,1826.978,0.0,0.0,0,0,0,0
458,5,-16.872,-20.129,-34.882,-19.6,0.9913,339.977,-12.474,-19.995,-39.443,-12.53,0.2368,157.612,-48.809,-165.059,-51.98,3775.39,0.4634,68.195,1,1,0,1
2302,10,1.603,-17.564,-36.07,1.001,0.0727,268.273,-0.855,-30.094,-14.735,2.967,0.0046,412.18,15.609,29.328,26.587,3045.262,0.1617,13.045,0,0,0,0
3820,5,6.676,72.746,21.687,6.992,0.0,483.533,4.279,12.999,-57.737,1.821,0.1694,450.271,-19.086,6.427,-25.207,3866.525,0.531,32.623,0,0,0,0
1012,5,-9.483,-48.904,-79.818,-7.979,0.4117,266.322,-5.156,-38.129,-52.036,-4.185,0.4661,176.464,15.68,196.76,9.084,5874.324,0.7668,100.0,0,0,0,1
4257,10,-26.665,-26.033,-12.399,-27.522,0.7411,367.792,-16.06,-13.838,-23.91,-16.508,0.5695,14.284,12.426,-13.139,3.878,4101.877,0.7581,61.93,0,0,0,1
4208,5,-9.732,-23.726,-68.217,-10.592,0.7055,21.22,-15.65,-13.405,-8.486,-17.712,0.2415,148.358,-121.151,-50.511,-130.931,450.861,0.5091,75.149,0,0,0,1
2080,3,11.416,23.634,20.973,11.082,0.0511,225.346,2.402,1.635,-0.412,1.16,0.0647,608.202,-18.298,5.864,-26.216,5964.695,0.1068,9.61,0,0,0,0
4173,5,4.795,10.597,-0.185,8.968,0.0989,368.641,14.267,-1.033,-14.718,14.032,0.0,310.67,59.922,-57.59,64.498,38.855,0.0315,39.051,0,0,0,0
2980,10,-22.797,-31.411,-47.756,-22.086,0.5612,342.072,-4.496,8.424,-44.831,-4.207,0.3313,184.95,-30.187,-77.009,-43.398,1005.959,0.8854,90.302,0,0,0,1
3936,10,-12.357,28.726,41.236,-7.868,0.0251,406.686,4.162,-15.476,-21.274,3.485,0.1356,414.807,9.742,16.592,-3.412,1004.148,0.2597,12.679,0,0,0,0
1370,10,-13.255,47.608,33.171,-16.463,0.0762,638.75,-9.503,-13.199,-45.84,-11.341,0.0119,257.649,31.638,-81.305,15.184,5794.187,0.2345,14.49,1,0,0,0
2016,10,18.527,14.112,49.109,16.315,0.0,195.892,-7.667,-3.954,9.421,-12.456,0.1439,346.878,-45.247,51.286,-40.294,3092.251,0.0,24.801,0,0,1,0
3679,5,38.197,-25.864,-60.961,38.414,0.5693,191.761,-16.034,30.671,-30.631,-16.364,0.1281,218.833,1.667,-5.921,-4.243,3357.219,0.222,35.253,0,0,0,0
4338,10,-11.088,-11.404,25.185,-13.838,0.0,274.758,19.082,6.767,4.281,20.777,0.1118,266.432,-55.61,-30.1,-57.294,2628.187,0.0975,11.738,0,0,0,0
72,3,2.052,15.997,83.083,0.128,0.0993,344.236,-3.238,2.997,-21.211,-4.049,0.0101,141.028,52.359,19.946,42.381,4248.046,0.1645,0.0,0,0,0,0
691,3,1.535,-54.709,14.636,0.772,0.1372,737.55,-17.795,26.29,-20.365,-23.458,0.1304,325.515,-12.512,-86.593,-6.249,4262.704,0.0,34.832,0,0,0,0
889,5,-34.512,-34.653,-17.84,-35.051,0.5024,52.178,-17.545,-22.025,-37.08,-13.947,0.3038,376.525,2.109,-78.482,7.782,3134.199,0.8229,50.899,1,0,1,1
452,10,-6.377,-8.493,-1.13,-7.874,0.1906,398.024,2.637,-23.969,2.644,3.752,0.2145,245.251,35.441,-92.301,27.895,1419.37,0.0,14.003,0,0,0,0
408,5,-27.088,-24.522,-23.726,-30.903,0.6427,306.845,-15.863,-11.806,-29.592,-18.288,0.2337,170.319,9.806,-123.723,22.093,269.71,0.4735,40.89,1,0,1,1
3159,10,-3.571,-6.641,15.062,-4.088,0.0495,211.838,-21.025,11.55,16.042,-21.897,0.0118,457.712,-19.829,-132.94,-25.106,3312.538,0.0497,8.153,0,0,0,0
2747,3,-12.897,-8.931,-85.795,-11.594,0.4322,141.604,-14.42,-4.196,-33.443,-15.734,0.5531,49.931,-33.177,-161.356,-35.884,275.908,0.5353,61.602,1,1,0,1
1801,3,23.71,0.493,23.689,24.928,0.1401,557.661,-16.858,23.244,4.972,-16.142,0.0456,5.39,-2.393,5.743,-10.299,4436.131,0.1215,28.065,0,0,0,0
583,3,-11.159,10.517,-37.418,-11.418,0.0184,498.625,-11.634,15.297,6.925,-12.469,0.0,324.181,10.298,-36.023,-1.143,4424.526,0.2588,38.418,0,0,0,0
943,5,-9.732,-19.597,-41.388,-8.188,0.4136,128.503,-20.942,-16.652,-29.649,-22.83,0.0716,359.265,5.854,-110.81,-4.282,3109.015,0.5356,63.178,0,0,0,0
2413,10,6.932,-18.596,-2.326,9.088,0.0,609.753,16.015,18.949,13.427,13.491,0.1195,182.551,-7.95,-114.497,5.91,2419.349,0.2426,0.0,0,0,0,0
4527,5,36.984,22.28,-43.417,38.387,0.1475,411.229,-4.64,5.941,-23.218,-4.124,0.2294,196.586,3.228,2.893,14.213,4131.448,0.2471,25.182,0,1,0,0
4993,3,-8.527,-13.118,-46.467,-7.397,0.144,103.079,6.032,3.041,-29.01,8.153,0.141,393.496,-16.424,-12.074,-25.079,183.054,0.0205,20.038,0,0,0,0
3381,5,8.506,19.459,22.781,10.876,0.028,267.84,6.507,10.568,20.614,6.95,0.1736,128.268,-63.281,47.301,-63.986,5111.172,0.1318,25.486,0,0,0,0
2991,3,13.894,38.191,-12.773,12.896,0.2513,595.201,-14.761,3.014,42.345,-11.811,0.0474,65.726,7.283,27.871,4.211,186.125,0.2759,19.379,0,0,0,0
3822,3,-17.79,-27.394,-38.315,-15.809,0.4784,213.74,10.965,-28.908,-42.622,13.295,0.0,30.078,-39.785,-125.544,-39.78,294.553,0.8323,55.245,1,1,1,1
1023,5,-11.921,-51.639,-36.239,-11.688,0.5635,66.288,-14.128,-16.62,12.809,-11.026,0.1597,39.031,15.942,-92.964,11.537,1422.289,0.8548,84.648,0,1,0,1
1659,5,6.451,9.836,26.361,6.708,0.0,192.339,-11.144,-1.016,-19.583,-13.027,0.0267,118.128,-20.332,-79.285,-29.069,2672.718,0.4455,18.907,0,0,0,0
511,5,-11.835,-12.244,10.101,-13.734,0.0,438.594,13.959,18.884,30.438,14.28,0.0,246.738,67.233,173.983,69.821,1295.23,0.0,19.913,0,0,0,0
2696,5,9.226,-41.483,33.829,8.962,0.1439,229.295,-9.784,-25.778,-26.501,-5.326,0.0439,577.511,8.091,48.175,14.154,1293.082,0.243,6.934,0,0,0,0
1830,10,-8.934,-54.597,-33.411,-8.237,0.3033,12.749,-17.524,-19.87,-61.876,-15.692,0.4426,222.564,-77.577,-1.863,-69.132,492.63,0.7093,94.366,1,0,1,1
690,10,-9.901,-41.914,-17.856,-7.816,0.6586,268.7,-13.501,-20.833,-26.049,-12.274,0.5717,173.118,-10.583,-102.613,-18.757,1948.513,0.5207,37.625,1,0,1,1
4328,10,-7.575,6.414,-31.987,-4.3,0.5376,203.15,-13.765,-17.431,-21.782,-13.91,0.2585,158.404,23.93,53.445,24.892,1838.2,0.5361,71.402,0,1,0,1
4267,5,-33.912,-9.424,-40.514,-31.96,0.0483,557.934,-13.659,1.365,-24.275,-14.077,0.0484,352.822,-9.355,42.085,-2.373,6676.028,0.0883,0.0,0,0,0,0
816,5,-7.435,-2.402,-2.406,-6.219,0.2019,473.914,-11.006,-4.935,18.207,-11.819,0.0,430.971,-38.95,325.041,-27.24,2559.449,0.1626,13.954,0,0,0,0
2192,10,-5.622,-26.044,-19.307,-3.569,0.1121,388.774,-13.048,21.737,-31.097,-13.516,0.1821,335.178,-7.374,15.22,-5.847,4879.952,0.1311,5.23,0,0,0,0
1692,3,23.166,15.704,15.368,25.112,0.0862,215.362,14.393,12.668,-13.338,14.102,0.1004,248.668,15.221,48.085,15.181,3729.474,0.1825,15.731,0,0,0,0
2506,10,-18.406,-44.404,-18.544,-18.105,0.6805,372.161,-3.666,-10.954,-26.793,-3.736,0.177,146.511,-4.424,45.072,8.949,1784.064,0.8883,40.477,1,0,0,1
2810,5,-0.32,12.981,6.685,-0.565,0.2451,338.984,-4.458,1.938,15.742,-4.896,0.0,463.011,-23.982,91.355,-28.055,5930.385,0.0,16.874,0,0,0,0
4197,5,19.619,-33.168,-25.781,19.143,0.0,514.104,13.473,0.439,-21.581,13.41,0.0936,72.849,14.368,-70.317,37.766,2085.085,0.3107,23.592,0,0,0,0
2017,3,-36.644,-26.935,-77.262,-37.696,0.3951,136.306,0.923,-21.54,-45.251,0.306,0.299,101.779,-26.623,-92.909,-39.375,4121.54,0.544,69.087,0,0,0,1
1028,3,-0.138,-16.414,-4.158,-1.145,0.1005,888.118,-4.598,39.453,-39.746,-4.633,0.0647,125.268,3.209,227.741,5.218,6403.58,0.1824,33.386,0,0,0,0
1148,3,-30.304,-62.056,-16.421,-31.108,0.3778,183.807,-25.211,-32.581,-4.438,-24.27,0.0,39.955,-3.787,-11.985,1.078,2512.456,0.5707,41.513,0,0,0,1
4237,5,3.518,20.702,-10.535,4.075,0.0147,253.838,10.385,-1.177,8.372,12.947,0.1779,566.445,-11.077,-43.69,-3.342,6116.456,0.4649,0.0,0,0,0,0
722,10,-12.211,-5.185,-26.818,-13.598,0.0,402.391,-0.266,11.751,-0.987,1.05,0.0,550.761,-18.563,97.71,-12.648,7646.941,0.4269,0.0,0,0,0,0
946,3,20.496,71.561,-21.145,21.23,0.0,759.014,20.393,-34.701,22.665,23.005,0.0,343.452,-3.162,4.918,-1.006,4518.805,0.1725,13.494,0,0,0,0
1119,10,-9.242,-48.389,-43.78,-10.967,0.6984,175.533,-4.338,-26.559,-14.559,-2.244,0.4363,153.206,-62.468,-89.051,-55.128,350.691,0.8551,100.0,0,0,1,1
1940,5,-7.937,-33.323,-19.105,-9.248,0.6538,148.867,16.691,-22.647,-7.705,18.793,0.0,270.064,-110.537,217.023,-109.805,1086.145,0.9258,62.374,1,0,0,1
567,10,6.126,22.667,5.836,8.732,0.057,317.641,-19.915,5.089,12.92,-21.699,0.0,263.206,17.912,144.658,19.529,4189.876,0.2523,4.207,0,0,0,0
3434,5,-16.882,-9.102,-18.179,-17.535,0.5627,301.206,4.221,12.993,-37.128,6.172,0.22,16.163,-7.912,67.245,-19.416,2711.573,0.5557,45.279,1,0,0,1
446,3,-14.565,-37.021,-26.821,-15.553,0.1202,170.874,-13.134,20.213,19.176,-8.131,0.1017,181.533,-3.138,67.53,13.302,3174.146,0.1683,34.495,1,0,0,0
3574,5,-10.275,-36.292,-82.231,-10.54,0.8842,269.348,-7.68,-42.023,-29.868,-11.19,0.5452,40.515,-43.474,-52.888,-34.245,6178.559,0.517,78.479,0,1,0,1
4935,5,11.559,32.877,34.287,13.017,0.0519,246.25,-6.631,-62.261,33.819,-6.943,0.0932,239.053,59.587,67.272,68.499,7931.708,0.2369,9.299,1,0,0,0
3815,5,-19.211,-45.041,-51.569,-18.967,0.5753,561.764,5.406,15.683,40.962,4.779,0.0,158.085,29.823,88.743,28.187,4922.627,0.3962,50.496,0,0,1,0
2356,3,-20.462,18.605,23.763,-21.674,0.1204,323.641,-5.176,1.354,-34.882,-5.482,0.0868,320.903,-21.157,43.483,-7.34,7095.323,0.4096,0.0,0,0,0,0
2630,3,-20.913,-13.306,-47.47,-22.873,0.6183,170.949,-1.614,-0.922,-11.555,-1.063,0.547,50.66,-43.127,105.721,-51.711,3648.543,0.6085,81.49,0,0,0,1
2577,5,20.382,25.741,-31.576,21.685,0.0,1067.751,17.137,23.038,32.645,18.355,0.0419,292.424,27.629,37.619,38.97,7398.571,0.0364,6.093,0,0,0,0
4914,3,-23.425,-9.051,-12.539,-23.606,0.0,356.326,-5.992,-24.076,5.236,-5.508,0.0897,577.391,6.911,-46.747,14.344,2993.75,0.0089,16.367,1,0,0,0
4562,10,-27.902,-47.016,-47.806,-27.795,0.2731,349.042,-15.035,-17.444,-43.351,-13.198,0.2714,272.223,19.845,-201.584,12.503,1265.129,0.7615,61.47,1,0,0,1
1021,3,-27.146,-24.2,-87.971,-28.438,0.8596,86.22,-4.41,-3.873,-25.744,-5.092,0.1651,146.838,-13.707,-42.729,-25.646,1223.969,1.0,41.439,0,0,0,1
1472,5,-14.227,-0.235,13.366,-15.959,0.0116,663.947,-21.865,53.036,-43.431,-24.474,0.0,642.524,-1.738,-2.022,-3.358,3222.945,0.2362,15.906,0,0,0,0
4101,5,1.87,34.436,2.574,0.121,0.1127,239.11,5.374,3.148,40.159,4.672,0.0,252.45,-15.569,8.269,-13.134,5517.831,0.0819,11.458,0,0,0,0
798,3,19.187,45.782,1.288,21.318,0.072,390.682,25.62,-6.865,-15.167,25.654,0.1159,413.496,-10.197,74.882,-7.287,1562.738,0.0677,3.798,0,0,0,0
234,5,9.977,0.948,2.103,9.603,0.0538,868.48,6.206,-8.363,4.283,5.298,0.0,91.273,3.554,-58.553,5.709,5554.973,0.1708,10.749,0,0,0,0
2515,3,20.978,-9.381,58.944,21.655,0.2314,252.675,20.109,1.979,-31.893,16.654,0.1168,410.893,-94.268,90.178,-88.937,3736.872,0.3715,0.0,0,0,0,0
628,5,8.818,35.766,6.415,9.878,0.1073,292.16,5.216,15.737,-10.707,5.781,0.0,167.448,55.07,178.447,49.45,7681.032,0.2511,8.281,1,0,0,0
3164,3,-17.916,-62.086,-73.068,-18.46,0.5901,344.092,-4.901,-22.344,-20.742,-3.273,0.2031,223.319,32.823,-239.921,43.994,920.049,0.5168,72.252,0,0,0,1
612,3,30.883,4.171,-1.241,35.963,0.0544,288.322,-17.355,-16.495,19.588,-16.36,0.0475,265.758,40.439,131.135,43.704,784.496,0.3096,23.75,0,0,0,0
781,5,-10.413,-25.834,11.617,-11.015,0.1394,93.701,-4.295,18.784,30.99,-3.815,0.0785,303.376,6.835,-30.911,8.19,4947.8,0.4338,32.602,0,0,0,0
1031,5,2.149,2.592,-3.704,-0.008,0.1024,329.264,7.709,-5.09,-23.479,8.264,0.1133,192.753,10.528,26.116,9.592,2969.653,0.3617,33.174,0,0,0,0
4243,3,-7.48,-53.107,17.049,-5.119,0.2738,229.046,4.521,20.459,24.656,5.241,0.0,415.915,85.387,-38.883,85.558,4646.048,0.0,0.0,0,1,0,0
3441,5,18.469,15.13,-38.866,19.919,0.2243,519.833,2.859,-22.275,-35.524,5.117,0.0641,518.538,16.031,103.604,19.303,592.096,0.0793,2.863,0,0,0,0
447,10,-17.363,-38.66,-53.554,-15.806,0.5935,168.443,-7.907,-22.161,-0.046,-8.101,0.0675,174.014,29.789,-114.971,35.202,1689.994,0.8184,43.978,1,0,0,1
1036,5,-26.63,-11.011,-17.921,-22.767,0.491,145.949,3.202,-15.972,-9.193,1.884,0.4344,51.77,26.38,139.336,13.367,1225.76,0.6392,84.265,1,0,0,1
911,5,-20.512,-52.786,-34.889,-21.908,0.4395,130.026,-4.325,-10.665,-22.281,-5.734,0.569,197.362,26.477,-36.351,35.236,2193.278,0.6076,62.19,1,0,0,1
3333,10,-0.269,-39.877,-30.926,1.03,0.065,501.332,-10.285,7.202,-25.177,-7.894,0.1931,176.554,33.383,231.54,31.542,5393.515,0.1163,31.763,0,0,0,0
756,10,-3.375,-34.529,52.526,-2.108,0.1818,581.729,-1.879,6.535,17.381,-0.12,0.0,289.277,10.239,132.662,16.461,1783.727,0.1276,20.848,0,0,0,0
331,3,-13.255,3.377,40.619,-11.778,0.0849,269.732,-9.774,-19.043,2.234,-11.142,0.0734,414.271,1.269,121.165,5.659,3354.621,0.0,0.0,0,0,0,0
2857,5,-15.645,-59.85,-64.852,-14.611,0.4291,127.967,-12.91,-31.462,-64.108,-13.921,0.4562,136.774,-18.102,-161.679,-19.948,890.949,0.7154,69.507,1,0,0,1
3294,3,-9.783,34.998,14.094,-6.705,0.0725,503.998,-5.365,-15.479,7.418,-5.568,0.0055,325.685,15.918,147.319,10.25,4441.858,0.0876,33.723,0,0,0,0
2907,3,14.182,9.65,-3.834,17.714,0.1581,207.354,-8.283,-33.006,23.299,-6.796,0.0,442.314,20.105,-15.481,15.269,729.272,0.3468,36.298,0,0,0,0
1703,5,-13.335,67.145,10.326,-14.969,0.0996,202.248,13.467,-0.101,-7.84,12.425,0.027,405.949,8.783,90.806,8.282,4201.585,0.2187,10.737,0,0,0,0
1319,3,-20.963,-75.241,-54.872,-21.952,0.755,528.844,-3.127,-2.919,-25.407,-6.602,0.2715,85.521,-86.051,64.524,-76.342,4689.317,0.5535,38.883,1,0,1,1
4322,3,-9.911,20.697,-3.856,-12.134,0.0,337.356,10.176,13.851,-36.318,9.152,0.04,303.893,-12.557,13.304,-7.755,3204.736,0.3003,0.0,0,0,0,0
1537,5,0.174,-47.232,-36.706,1.364,0.3626,241.614,2.938,-6.129,-30.892,2.739,0.4379,150.585,2.804,-228.232,7.506,1867.889,0.8473,95.776,1,0,0,1
336,10,5.932,-25.673,15.839,3.679,0.0895,277.748,-1.33,-8.833,-7.536,-2.26,0.0697,501.486,31.182,73.628,23.722,5450.161,0.0903,10.087,0,0,0,0
3873,10,7.376,-32.064,-25.21,5.989,0.064,374.476,-8.873,12.923,-3.609,-9.012,0.0458,224.188,-61.19,14.361,-61.813,4744.701,0.1439,23.042,0,0,0,0
3050,3,8.789,-4.701,14.901,7.663,0.0,653.202,-15.319,-8.031,-13.137,-19.772,0.119,595.326,-98.882,-151.522,-93.691,4410.6,0.3869,19.009,0,0,0,0
1822,10,-8.195,-47.876,-11.622,-13.268,0.781,16.907,-17.357,-18.118,-21.763,-17.833,0.0741,239.732,16.882,82.738,17.114,4969.38,0.4753,59.646,0,0,0,1
790,5,-10.63,-2.845,-71.819,-10.664,0.3455,73.768,-27.502,-13.829,-6.361,-27.288,0.3259,183.438,-61.167,14.935,-65.163,7027.677,0.3737,77.425,1,0,0,1
4125,3,-1.555,22.64,18.707,-2.792,0.0544,574.305,-3.07,9.53,1.195,-0.859,0.1114,204.341,-16.716,136.631,-14.064,4201.897,0.3521,19.547,0,0,0,0
4918,5,-16.808,-35.581,-70.437,-14.88,0.8762,203.324,-6.871,-9.229,-34.555,-5.976,0.0994,300.196,6.677,-230.854,8.761,4216.96,0.4526,89.074,0,0,1,1
3293,3,10.385,64.835,-30.712,13.429,0.0831,507.874,16.905,-25.886,9.161,17.111,0.1147,231.443,26.069,147.297,28.947,4094.844,0.3304,16.788,1,0,0,0
3003,5,-13.495,-11.887,-14.178,-13.377,0.1859,619.13,3.788,-23.861,29.297,-1.044,0.2115,131.015,80.733,174.542,91.537,288.217,0.5352,0.0,1,0,0,0
379,10,12.466,-6.215,26.476,14.306,0.1729,510.854,0.313,12.639,12.316,2.629,0.1177,132.658,56.355,128.554,62.179,5022.95,0.0,17.05,0,0,0,0
4686,3,-10.871,-47.221,-100.0,-6.981,0.6299,207.848,-10.746,-10.143,-17.444,-11.319,0.4337,161.66,-56.459,94.937,-59.285,4555.788,0.634,91.608,1,1,0,1
3884,10,3.069,-1.814,64.216,5.609,0.0381,77.76,-19.437,9.534,20.137,-22.944,0.0,614.47,-37.846,74.456,-40.443,2896.8,0.4745,41.072,0,0,0,0
2088,3,33.32,15.976,-40.071,28.5,0.0,422.246,24.879,-16.987,12.615,25.112,0.0729,166.22,-29.5,92.158,-32.027,782.252,0.0,9.301,0,0,0,0
2999,3,-27.756,-0.729,-62.285,-23.685,0.613,226.663,-23.049,-19.958,-7.85,-23.31,0.3743,7.723,-41.857,86.391,-49.341,5966.4,0.4043,100.0,0,0,0,1
4775,3,-2.107,-42.797,22.553,-0.915,0.0139,654.134,-9.351,-13.133,-2.415,-10.167,0.1036,111.477,-63.467,131.841,-61.7,2551.028,0.0,28.072,0,0,0,0
2060,5,-7.04,-66.236,-38.317,-9.6,0.3231,192.732,-18.293,-35.589,-14.879,-19.437,0.3277,95.947,-9.3,-148.392,-12.532,1326.164,0.7744,89.052,0,0,0,1
435,3,3.273,-73.511,1.992,4.222,0.2362,402.619,-0.5,1.493,0.408,0.611,0.1214,253.687,-20.479,32.48,-30.752,202.654,0.3177,0.0,1,1,0,0
271,10,3.594,-11.139,-54.123,1.875,0.0479,249.892,1.948,8.435,-27.178,1.192,0.1608,460.745,11.622,111.385,24.408,7684.137,0.1958,43.305,0,0,0,0
3554,3,-22.138,-51.842,-71.291,-20.028,0.8987,326.56,-0.263,-26.408,-14.155,2.431,0.283,282.677,-62.626,-48.387,-49.746,313.276,0.8902,54.116,1,1,0,1
3429,5,-5.898,-74.469,-30.926,-5.774,0.5594,5.214,0.588,-22.436,-13.24,0.595,0.4205,190.096,-111.232,34.86,-108.596,3458.502,0.6543,82.028,1,0,0,1
846,5,16.434,-28.564,34.779,19.892,0.023,638.556,7.606,23.771,37.222,5.171,0.2111,372.21,-31.883,88.023,-21.287,4901.106,0.0,7.976,0,0,0,0
295,5,-0.522,-33.093,-31.32,-0.877,0.5416,622.934,-9.756,-2.016,32.481,-10.472,0.202,335.659,-26.286,44.539,-12.119,3379.957,0.3092,67.36,1,0,0,0
627,3,-24.754,-48.295,-55.851,-23.375,0.6229,483.154,-9.023,4.424,24.398,-5.21,0.0424,267.418,58.998,-68.145,64.463,8143.927,0.4108,45.834,0,0,0,0
1925,3,-17.523,14.855,-78.99,-18.795,0.0,305.367,-2.524,25.954,-33.94,-0.751,0.0,209.716,-56.651,-73.471,-62.338,5031.671,0.244,22.274,1,0,0,0
1892,5,-23.263,-21.422,-33.187,-19.951,0.2168,751.765,-14.847,-19.294,17.434,-14.872,0.1928,326.688,8.018,-118.381,-1.768,4345.966,0.1302,29.263,0,0,0,0
4050,3,-11.566,-39.128,-71.791,-13.474,0.5869,448.584,-4.712,-36.508,4.947,-6.945,0.5154,1.217,7.268,-76.901,4.626,5144.926,0.7151,85.919,0,0,0,1
3946,10,17.031,-14.0,-34.549,19.315,0.0,644.276,26.928,-17.639,-21.054,27.72,0.0,413.704,25.847,126.215,12.642,4802.467,0.3378,21.57,0,0,0,0
124,5,-22.402,21.44,26.703,-27.313,0.0011,374.338,-13.142,-22.378,37.999,-13.308,0.138,225.192,-32.687,53.865,-35.482,5160.402,0.0359,15.301,0,0,0,0
4862,10,13.051,-3.242,35.469,11.77,0.0666,260.576,3.648,4.538,-6.878,3.004,0.1433,424.738,28.403,-26.065,14.289,970.548,0.3938,0.0,0,0,0,0
897,10,-22.708,3.308,-50.429,-23.269,0.5738,100.952,-11.182,-9.748,-40.469,-9.102,0.4404,185.41,45.246,54.478,33.787,2014.458,0.7822,51.323,0,0,0,1
4440,5,-14.439,27.607,-35.052,-14.907,0.08,36.204,8.162,-9.578,5.84,9.304,0.0181,276.582,80.064,-62.974,81.887,4964.668,0.2852,34.401,0,0,0,0
3095,10,-2.265,-14.631,-16.036,-1.543,0.0,315.547,-4.342,10.889,29.018,-3.152,0.0011,31.324,-21.969,-77.668,-26.574,720.306,0.2901,0.0,0,1,0,0
2087,3,6.406,-44.774,87.83,9.57,0.1479,74.668,9.369,39.787,31.368,8.45,0.2085,279.527,-13.824,-124.348,-11.684,2737.709,0.1897,0.0,0,0,0,0
3394,5,28.682,-11.167,2.63,28.454,0.1365,292.581,-1.799,-35.671,10.754,-0.028,0.1603,403.276,-38.78,-45.85,-50.131,1894.78,0.2768,12.663,0,0,0,0
961,3,-4.386,-5.637,-17.163,-5.622,0.0198,352.517,14.187,1.463,-20.386,13.838,0.0085,94.716,-26.215,-64.876,-30.106,889.281,0.0765,0.258,0,0,0,0
3503,5,-15.388,30.275,49.893,-15.152,0.0518,337.742,6.358,20.164,-7.934,5.517,0.0376,182.001,-4.237,-46.231,-15.255,5392.835,0.1772,20.982,0,0,0,0
4419,3,-26.789,-11.053,-32.76,-23.619,0.5371,283.096,-5.355,-40.095,-27.852,-5.306,0.0372,39.278,10.111,-96.317,11.9,3920.652,0.6964,74.614,1,0,0,1
4595,10,22.443,21.926,-17.563,25.295,0.0,344.262,-11.076,9.129,-2.431,-2.641,0.008,353.051,38.264,6.15,31.161,586.907,0.2979,9.644,0,0,0,0
3530,3,-23.288,-13.978,-51.169,-22.849,0.2523,530.231,-1.061,21.354,-19.833,-4.806,0.0503,211.999,-54.827,5.911,-43.999,4666.871,0.2599,51.382,0,0,0,0
3160,3,8.283,12.84,-58.248,7.034,0.0,425.138,-13.019,12.291,-27.47,-12.983,0.0,660.399,-25.958,-127.462,-19.032,2837.588,0.2121,29.346,0,0,0,0
251,3,-5.415,-18.322,-47.674,-5.877,0.305,348.791,6.471,23.996,4.15,9.86,0.1194,442.12,-10.876,70.257,-16.606,306.147,0.3341,71.431,0,1,0,0
3409,10,-23.184,-20.142,-46.639,-24.065,0.2993,384.853,-0.126,31.147,-22.311,-4.063,0.0,335.749,-15.098,53.55,-7.214,4732.303,0.3171,44.275,0,0,0,0
1151,5,-26.561,-65.368,-63.673,-25.806,0.5726,133.439,-0.768,-27.355,-26.615,-1.919,0.3107,332.127,75.208,-163.484,80.339,1670.578,0.7466,55.084,1,0,0,1
4772,10,-31.339,-7.331,-32.7,-29.504,0.4183,235.491,-3.075,-41.81,-38.614,-3.577,0.0255,242.43,-10.038,-102.05,-15.36,1169.302,0.4793,52.454,0,0,0,1
2096,5,-12.46,-10.315,-30.67,-12.618,0.2481,284.431,-13.864,-12.159,-19.672,-12.728,0.4082,229.242,36.998,-78.156,27.913,6415.703,0.729,81.876,1,0,0,1
2456,5,12.036,20.257,36.312,10.359,0.1205,194.581,-8.835,6.952,5.782,-11.012,0.0627,246.895,70.757,186.179,67.25,2546.872,0.1269,23.118,0,0,0,0
2282,5,6.946,-1.208,30.039,6.578,0.0629,289.345,-9.394,20.892,-6.912,-8.346,0.1865,495.535,5.107,10.837,-7.902,2315.701,0.2509,14.525,1,0,0,0
7,10,-33.067,-30.218,-78.543,-36.224,0.7573,271.611,-4.055,-20.065,-24.873,-2.774,0.3579,154.436,49.323,-168.959,47.223,139.355,0.7951,49.662,1,0,0,1
2129,10,-0.756,-40.166,-35.382,0.414,0.6255,319.68,-14.659,-6.225,-15.517,-13.694,0.2542,273.609,-104.763,-61.225,-109.148,3705.162,0.7259,49.166,1,1,0,1
687,3,3.731,25.327,31.135,2.854,0.0064,265.725,2.413,-23.429,17.168,2.982,0.0,283.194,5.453,19.255,19.602,68.33,0.1639,3.507,0,1,0,0
1500,5,11.744,-27.35,-50.634,15.262,0.3151,295.688,11.379,5.016,-25.44,8.898,0.0,218.162,-2.335,-135.276,-6.03,4291.712,0.2642,57.696,0,0,0,0
3713,3,-4.87,26.222,10.423,-4.94,0.0489,365.6,-36.292,-18.953,-63.293,-35.722,0.0616,347.798,36.566,-89.165,40.611,1938.186,0.0,29.991,0,0,0,0
2589,3,-5.132,-53.328,-100.0,-3.326,0.2571,0.026,2.837,-9.375,-19.953,0.679,0.2748,71.35,-3.201,253.775,-11.937,5333.715,0.6325,69.814,1,0,0,1
3648,3,-30.96,-50.977,-58.64,-28.272,0.5512,219.628,-7.308,-20.235,-31.657,-8.617,0.6257,155.035,-4.398,-37.12,-13.883,2651.308,0.9468,31.036,0,1,0,1
340,10,-11.232,8.242,16.229,-11.063,0.0,297.439,14.633,31.577,21.836,10.919,0.0,460.121,32.88,-35.573,34.301,8827.003,0.2827,4.1,0,0,0,0
4375,3,-22.764,-45.821,-68.491,-23.153,0.834,25.143,-7.134,-16.446,-15.412,-9.0,0.5285,23.524,37.256,19.144,35.129,4076.37,0.8585,55.418,1,0,1,1
948,3,-13.824,-20.21,-19.805,-14.591,0.0478,161.388,15.682,-19.812,21.988,15.833,0.0988,502.57,-42.224,-60.624,-42.659,3981.677,0.0707,8.805,0,0,0,0
1996,10,2.717,6.143,26.745,1.875,0.0829,215.882,-15.214,-17.68,1.984,-14.112,0.0672,470.557,-26.684,-26.77,-27.658,4416.059,0.0619,11.297,0,0,0,0
4576,3,-4.915,-28.246,-63.418,-2.752,0.3867,350.835,-15.403,2.66,-45.854,-15.191,0.1583,116.605,14.672,-143.045,11.28,2243.609,0.7695,74.464,0,0,0,1
1720,5,9.745,18.1,-23.133,11.093,0.1146,271.298,2.087,21.269,8.972,3.411,0.1089,442.138,13.974,-19.195,9.59,2699.406,0.2044,15.838,0,0,0,0
1876,5,12.628,52.064,45.887,10.826,0.0663,480.398,-0.956,13.168,-34.879,-0.406,0.1228,246.432,-2.97,21.008,-10.904,2549.457,0.3166,41.547,0,1,0,0
1471,10,11.981,16.847,13.271,7.551,0.0496,452.236,-6.443,1.943,-3.635,-5.593,0.1903,39.335,17.757,77.916,16.82,1912.589,0.0796,0.0,1,0,0,0
296,5,-13.036,41.832,6.773,-13.009,0.0473,440.852,-1.648,-26.307,36.639,-2.989,0.0,365.61,14.789,24.65,18.655,4934.246,0.1736,25.03,0,0,0,0
3584,5,-24.732,-66.241,-61.431,-28.507,0.6664,7.565,-5.863,-4.163,-2.024,-2.621,0.31,5.701,6.051,70.834,-0.362,4226.052,1.0,98.702,0,0,0,1
870,5,-30.719,0.137,-26.826,-30.726,0.0862,529.524,-3.768,13.484,-2.572,-2.269,0.0712,56.826,48.743,30.181,55.519,6421.419,0.0697,1.986,0,0,0,0
4523,10,21.938,-28.184,17.051,23.385,0.0,449.004,-5.76,-12.846,-2.335,-8.913,0.2242,307.839,-48.571,-111.281,-46.592,4607.623,0.0388,19.617,1,0,1,0
2928,5,-24.519,13.202,62.716,-26.005,0.1919,223.494,-0.59,-20.381,-10.481,-0.89,0.1502,565.484,-14.513,-112.856,-13.677,4508.677,0.0864,4.815,0,0,0,0
1932,10,0.437,-27.377,1.483,-3.469,0.0408,120.931,-8.756,-29.035,-54.753,-7.973,0.0,295.264,30.425,-222.636,35.459,4562.541,0.2911,25.182,0,0,0,0
3482,3,-19.09,-54.525,-15.839,-18.387,0.4734,503.424,-0.007,-29.993,-32.86,-0.985,0.3718,191.231,-56.329,36.324,-60.649,2686.997,0.763,44.164,0,0,0,1
2450,5,-18.278,49.046,0.877,-16.86,0.0,184.003,0.29,-8.395,7.723,-3.532,0.1148,95.322,0.313,-164.793,0.15,2793.052,0.0056,13.324,0,0,0,0
2500,3,-7.011,28.145,0.377,-8.576,0.0319,142.354,-20.902,-5.397,-22.075,-24.211,0.0393,29.685,-6.448,185.129,-15.135,5474.766,0.2027,15.36,0,0,0,0
2412,5,-34.637,-19.253,38.903,-35.05,0.0,479.859,22.44,10.617,16.662,25.11,0.0,341.971,48.908,22.645,46.956,1342.072,0.1079,29.464,0,0,0,0
1037,10,-5.022,31.522,-7.174,-6.991,0.0877,422.128,11.227,-13.141,-29.997,14.338,0.1977,58.765,-49.366,-38.38,-36.367,8484.774,0.0,4.334,0,0,0,0
2681,3,-8.711,-29.322,32.649,-11.096,0.1012,370.026,7.379,-29.167,19.795,8.813,0.0,3.552,60.281,-13.207,59.15,6891.73,0.0076,24.51,0,0,0,0
4454,5,-45.793,-73.236,-52.414,-45.877,0.6369,260.493,-10.466,-12.799,30.499,-10.242,0.1443,164.27,-27.717,-29.77,-32.567,2796.139,0.3579,41.19,1,0,0,1
1307,3,-0.545,-15.358,-74.318,-0.82,0.0,468.17,6.52,-46.115,-11.549,4.313,0.2784,325.385,2.622,-7.557,5.017,965.883,0.2392,0.0,0,0,0,0
2040,10,20.516,15.421,73.248,18.752,0.2137,213.512,15.778,0.452,-1.381,17.499,0.0,364.909,45.878,5.26,53.137,2361.101,0.2139,23.011,0,0,0,0
1144,10,3.84,-4.47,5.395,2.9,0.0816,298.801,-5.223,-26.852,21.616,-3.88,0.104,606.03,-21.005,64.42,-20.864,1291.479,0.3703,0.0,0,0,0,0
1666,10,12.378,-32.949,-34.034,10.778,0.2929,352.164,10.503,43.548,7.638,7.902,0.1358,224.465,2.381,39.828,-1.017,4780.566,0.1544,0.0,0,0,0,0
4489,3,-19.819,-72.64,-61.226,-22.677,0.631,354.354,-6.879,-6.916,-26.109,-3.79,0.337,186.073,57.753,40.029,62.189,5048.643,0.7389,82.196,0,0,0,1
2661,5,13.407,-3.976,-6.239,15.114,0.0,249.791,-11.563,2.418,-30.801,-10.774,0.192,123.653,26.715,127.252,35.293,4355.317,0.25,5.706,0,1,0,0
4777,3,-19.593,-51.833,-70.416,-19.542,0.5435,116.345,-9.757,-17.103,-16.501,-9.713,0.3922,49.927,-33.255,47.77,-33.995,741.587,0.6685,92.471,1,0,0,1
4845,3,-17.565,-41.243,-52.639,-14.037,0.2635,526.336,-14.29,-12.797,47.25,-14.976,0.0468,331.978,0.807,-40.927,4.982,1854.214,0.3407,40.606,0,0,0,0
1897,5,-10.001,-58.116,-16.568,-6.544,0.5002,36.486,-3.425,-12.748,-24.887,-3.873,0.2981,118.057,-34.845,-254.888,-32.016,2538.274,0.5919,34.882,1,1,1,1
2937,3,-1.786,-11.061,55.929,-5.506,0.2112,419.174,14.576,10.317,42.25,14.024,0.0105,514.805,-44.878,-4.704,-42.755,4530.099,0.2439,19.237,0,0,0,0
983,10,-1.835,9.311,-12.731,-2.915,0.2048,608.114,-13.707,41.904,-17.61,-15.999,0.1127,321.278,-28.121,-111.172,-26.166,2774.326,0.0,11.308,0,1,0,0
1619,5,-30.346,-38.231,-36.567,-32.923,0.4957,243.269,-11.551,-6.378,-38.141,-9.785,0.3937,163.378,-84.697,-44.402,-86.758,3913.864,0.9963,72.486,1,0,1,1
4793,5,4.196,-7.092,-14.512,4.588,0.0,347.592,-16.722,-4.459,-22.714,-21.327,0.0922,366.059,14.305,-176.593,11.104,6413.171,0.2573,23.018,1,0,1,0
2636,5,-0.182,20.216,-82.365,-0.245,0.0271,379.179,8.397,-15.301,-16.423,8.016,0.1368,306.036,39.004,48.397,38.825,578.407,0.3467,16.174,1,0,0,0
2936,5,-6.442,10.093,-40.012,-8.75,0.0,418.605,0.336,41.469,50.034,-1.08,0.069,522.793,4.581,12.457,3.98,8071.067,0.1079,9.728,0,0,0,0
323,5,-26.5,-17.569,3.999,-31.434,0.1142,649.996,5.235,-22.786,-51.493,4.396,0.0017,147.939,9.314,-13.242,12.916,5303.727,0.1818,0.0,0,0,0,0
4100,10,-19.371,27.146,-45.268,-20.524,0.1779,345.978,-14.151,-12.243,-1.494,-13.598,0.0497,433.878,-9.054,41.942,-12.093,4027.863,0.2221,12.979,0,0,0,0
2722,3,18.287,-40.925,-17.665,18.095,0.4431,138.106,23.916,-18.343,-15.708,25.984,0.1283,270.209,20.123,154.69,23.758,361.259,0.4637,47.038,0,1,0,0
2222,10,5.263,-24.381,11.536,6.596,0.1823,267.966,-17.607,0.077,-17.242,-17.381,0.1577,263.671,-18.011,121.997,-21.643,4023.833,0.1351,40.016,0,0,0,0
4191,3,23.818,-23.24,-11.266,22.635,0.0,399.212,1.685,7.76,-18.971,1.648,0.1252,511.973,15.762,-8.845,16.566,2994.175,0.1287,13.889,0,1,0,0
2196,3,-13.302,-17.451,-9.928,-12.881,0.5706,187.927,-2.739,-3.371,-23.146,-1.553,0.507,478.079,-13.422,20.029,-15.129,1320.972,0.6329,61.956,1,0,0,1
4505,5,17.13,-19.276,-16.637,18.901,0.0,558.611,-6.14,33.724,-16.815,-6.82,0.1881,450.959,-14.441,27.559,-15.136,5101.784,0.331,29.393,0,0,0,0
3360,5,1.106,17.675,-4.354,1.109,0.2348,438.346,-8.469,-6.058,10.062,-9.381,0.1099,316.324,19.866,-31.054,32.32,1653.941,0.3903,40.144,0,0,0,0
1359,5,0.079,49.973,-20.603,-0.596,0.0,449.595,2.608,11.8,18.28,0.495,0.0305,374.423,-17.496,-157.034,-10.805,5822.455,0.1662,2.264,1,0,0,0
4697,5,-21.703,-15.947,33.924,-19.167,0.1884,286.785,-20.499,24.195,-28.927,-20.269,0.1088,271.927,-21.803,100.905,-24.141,6365.606,0.1718,24.991,0,0,0,0
4112,10,-21.336,-9.355,-61.386,-23.2,0.4922,253.713,-19.721,-43.499,-42.759,-25.146,0.414,12.13,29.039,150.163,37.253,2815.528,0.7634,62.03,0,0,0,1
3078,5,-25.552,3.125,-66.88,-25.847,0.7462,106.957,-0.816,3.485,-26.733,-1.778,0.301,128.766,-34.79,-197.239,-43.92,923.135,0.9405,98.456,1,1,0,1
2786,5,-9.946,-5.113,25.585,-11.542,0.1357,62.637,9.123,26.948,61.662,13.105,0.0572,242.81,6.249,-62.528,11.749,2615.633,0.0237,3.798,0,0,0,0
3161,10,-16.761,-36.302,-60.434,-20.823,0.7389,294.769,-10.075,-1.3,-16.652,-14.288,0.3418,102.965,-47.87,69.939,-33.533,2269.17,0.5216,98.157,1,0,0,1
189,5,-19.017,-2.086,-21.46,-19.61,0.0628,541.597,11.168,-1.692,-3.145,13.985,0.0759,220.186,7.552,-19.441,17.969,1574.648,0.3168,24.632,0,0,0,0
1336,3,5.538,57.417,-52.184,3.905,0.1379,298.181,-1.874,-36.324,37.147,-5.344,0.1121,242.029,28.208,109.878,22.945,1494.8,0.0,6.004,0,0,0,0
3776,10,18.044,-32.096,-30.957,18.492,0.712,452.937,3.142,-11.511,11.777,2.566,0.0,209.023,5.794,37.864,9.055,1613.883,0.4715,58.488,0,0,0,0
1064,10,-40.388,-19.906,-52.09,-41.815,0.5654,304.601,-3.572,-17.358,10.842,-2.505,0.1515,303.338,-55.984,-63.033,-47.715,653.39,0.8326,74.548,1,0,0,1
3637,10,-21.175,-35.719,-33.045,-20.955,0.5031,241.785,-16.372,-22.439,-11.428,-17.206,0.4751,159.974,-11.956,-61.381,-8.205,927.862,0.6226,26.201,1,1,0,1
4876,5,-0.8,26.87,31.378,-2.071,0.0142,394.948,18.256,-8.17,7.492,20.412,0.1903,37.74,27.441,-70.788,19.117,1617.894,0.1434,11.229,0,0,0,0
3465,10,9.235,-28.798,-27.589,7.184,0.4229,170.23,15.202,21.681,-55.345,13.795,0.1155,109.707,-19.949,-31.546,-14.659,4706.674,0.3656,66.125,0,1,0,0
999,10,-12.843,19.219,-9.359,-13.781,0.1733,197.573,-0.035,-3.376,8.524,-1.174,0.3004,345.833,109.772,-169.988,102.796,689.603,0.1177,28.099,0,0,0,0
3802,3,-18.29,30.118,-38.086,-19.02,0.0069,383.178,10.872,11.622,-20.096,10.403,0.0,38.017,49.342,-114.676,46.207,1163.211,0.1638,40.529,1,0,0,0
1278,5,-0.083,-25.735,24.207,-1.428,0.0,476.373,8.778,1.006,-15.353,9.656,0.0492,390.04,-7.31,-28.827,3.773,1480.6,0.0149,0.0,1,0,1,0
3467,10,-12.134,-23.176,-24.531,-12.211,0.0,533.892,29.495,-20.028,-68.816,29.214,0.0,194.573,-17.758,177.425,-16.506,2706.892,0.2366,9.353,0,0,0,0
940,10,5.07,1.758,9.506,4.758,0.0368,316.977,3.697,11.873,-42.997,4.806,0.0,299.282,34.937,-37.587,42.029,1948.339,0.1181,4.804,1,0,0,0
1775,5,-17.506,-4.234,8.351,-15.231,0.2392,234.201,-27.072,-12.939,44.371,-29.352,0.0,382.604,63.1,26.507,73.062,2112.15,0.2438,4.655,0,0,0,0
661,5,-13.904,26.707,35.887,-14.969,0.1071,19.584,-1.124,45.599,-6.797,1.679,0.0615,412.722,31.873,19.968,32.695,8493.475,0.1203,22.804,0,0,0,0
4332,3,28.649,5.541,14.933,27.611,0.0285,397.664,-21.185,-37.388,-33.177,-22.779,0.0789,282.087,50.671,75.169,36.206,2750.032,0.5324,15.258,1,0,0,0
2215,5,10.144,-1.736,-8.446,6.343,0.0128,421.26,3.828,31.905,-29.464,1.327,0.0,437.124,34.122,153.948,30.545,2805.756,0.2316,0.0,0,0,0,0
1727,10,-23.887,6.975,-20.019,-24.107,0.1019,556.918,18.995,-27.409,-28.113,18.877,0.113,184.921,12.652,46.931,5.154,895.159,0.3363,5.33,0,1,0,0
4496,5,-24.695,-36.394,-66.862,-22.683,0.5711,160.331,-1.868,-6.533,-41.984,-3.009,0.1877,6.062,-6.565,-90.03,5.17,1961.414,0.4553,98.856,1,0,0,1
2363,3,-18.209,-56.508,-54.084,-18.146,0.8366,273.59,-20.364,12.325,-31.98,-21.429,0.3817,125.785,-59.179,-237.809,-66.931,2448.434,0.8277,68.457,1,0,0,1
4889,10,-0.471,23.26,-15.004,0.917,0.1505,129.959,9.171,-5.633,36.241,10.855,0.0432,415.373,8.783,-139.448,15.825,2115.569,0.0966,9.453,0,0,0,0
3182,5,-23.988,36.835,15.282,-25.053,0.0233,265.229,-13.015,1.551,-42.9,-14.539,0.1408,522.431,16.642,53.96,25.144,978.517,0.4162,8.287,0,0,0,0
492,3,-26.628,-18.714,-52.406,-23.82,0.7954,264.591,-11.506,-21.397,-55.189,-9.511,0.6566,152.863,-61.377,-195.275,-56.088,3248.868,0.51,94.363,0,0,0,1
1318,10,-25.459,3.269,-36.785,-25.481,0.0229,172.305,2.044,11.421,19.513,4.942,0.0485,214.748,20.335,11.712,25.923,5698.319,0.0788,37.884,0,0,1,0
4326,3,-6.544,8.959,-62.545,-4.953,0.0218,705.617,2.175,24.989,19.741,0.173,0.0,468.254,-11.367,-105.542,-24.466,6050.874,0.3435,20.516,0,0,0,0
598,10,-18.133,-41.982,-49.574,-17.337,0.2766,419.301,-15.663,16.193,-37.065,-18.456,0.1241,95.49,-4.328,-93.597,-8.41,1090.055,0.2532,62.218,1,0,0,1
1685,3,-7.64,2.55,22.352,-8.306,0.0251,554.816,-9.155,32.96,23.296,-10.089,0.2042,151.182,-4.074,-109.908,-7.899,4658.381,0.42,13.294,0,0,0,0
740,10,-21.348,7.888,-16.682,-20.185,0.0234,238.795,17.197,4.789,-2.247,16.413,0.0,93.788,83.297,154.308,82.506,4580.736,0.3331,22.282,0,0,0,0
2801,3,-24.113,-37.833,-74.699,-24.95,0.8067,222.17,5.614,-31.522,-57.611,4.662,0.5243,195.337,-49.796,-66.426,-42.166,1451.616,0.8051,64.563,1,0,0,1
3735,5,-13.156,-2.654,-25.869,-12.548,0.0715,347.837,5.119,-4.383,25.957,2.232,0.076,435.074,83.638,49.177,82.938,179.011,0.2714,0.0,1,0,0,0
4300,3,-24.638,18.471,-29.363,-28.857,0.0913,376.49,17.013,-10.055,33.424,16.259,0.0,204.062,-42.963,50.205,-43.689,687.511,0.1272,0.0,0,0,0,0
4078,3,-12.699,27.37,0.259,-12.219,0.1554,172.365,-11.111,11.966,23.403,-10.234,0.1537,134.137,15.088,-98.793,-2.279,503.869,0.3575,17.412,0,0,0,0
904,3,-4.111,11.751,61.357,-5.164,0.0761,384.621,-10.086,-3.436,32.491,-10.936,0.0,312.974,-27.092,25.471,-29.716,4606.723,0.1144,10.527,0,0,0,0
1408,3,32.5,-18.438,42.32,35.099,0.2117,194.824,-1.626,5.197,8.844,-2.34,0.066,192.456,-18.007,154.745,-8.334,2711.54,0.0,9.942,0,0,0,0
532,3,0.604,-30.377,-78.142,-0.23,0.0,527.853,-21.538,13.74,-39.02,-20.117,0.0,267.192,-0.534,-93.087,9.6,6945.098,0.222,0.0,0,0,0,0
420,5,2.288,21.153,-33.145,-0.827,0.1828,302.498,-8.213,14.317,-72.298,-9.467,0.0,484.689,-63.141,-7.251,-59.439,6016.938,0.0915,25.273,1,0,0,0
1210,3,-10.877,-20.951,-34.889,-8.319,0.2296,275.596,0.779,-11.037,-15.633,1.359,0.0834,454.769,16.058,56.579,33.35,3308.134,0.2453,59.1,0,0,0,0
1224,3,-1.235,7.328,-48.756,-0.64,0.0,87.032,0.396,1.207,-61.688,-1.355,0.0692,408.298,13.687,145.348,17.779,5165.77,0.2274,38.038,0,0,0,0
1859,10,-2.628,-20.753,-11.257,-3.303,0.0,358.589,-13.381,-26.691,-30.224,-13.48,0.0897,372.473,-30.361,-9.991,-26.896,7513.473,0.2787,23.891,1,0,0,0
3225,3,-16.856,-17.193,-47.882,-13.637,0.4358,599.594,14.745,-4.688,-2.305,17.472,0.1161,293.072,-43.089,107.596,-46.179,5888.68,0.6585,39.28,0,0,0,0
4376,3,-8.588,-10.135,16.098,-8.015,0.1401,265.044,-12.149,9.26,21.446,-14.687,0.0989,163.054,-0.11,-34.622,6.065,737.65,0.381,39.571,0,0,0,0
4103,10,6.496,4.334,15.26,5.048,0.1651,250.221,13.127,8.786,-11.234,13.434,0.0849,247.107,83.672,-39.514,91.157,6705.847,0.3256,1.935,0,0,0,0
1786,10,-18.524,-31.506,-94.445,-18.214,0.6258,170.746,-12.121,-4.336,-46.76,-9.833,0.2325,74.232,2.381,49.974,8.204,6123.254,0.6099,100.0,1,0,1,1
1959,10,5.847,-24.505,12.397,10.072,0.1085,226.917,-14.237,49.815,-25.658,-14.418,0.0,483.216,4.224,4.323,1.974,5666.072,0.0,0.0,1,0,0,0
39,5,-10.305,40.874,-35.518,-11.651,0.0,486.607,3.072,14.56,-21.929,0.063,0.0,135.812,-24.696,-39.309,-21.605,2632.54,0.3349,0.0,0,1,0,0
1184,5,-3.471,4.182,-13.848,-2.986,0.1241,431.662,-0.31,-9.609,48.574,-0.774,0.1169,76.746,-14.958,114.606,-22.378,1605.564,0.2434,29.847,0,0,0,0
494,10,11.677,20.251,22.848,13.762,0.0553,489.689,13.466,-22.414,-29.497,7.533,0.2471,396.555,25.583,147.682,29.838,4560.117,0.1444,0.0,0,0,0,0
1960,5,4.904,62.678,12.034,3.629,0.0,316.978,-11.59,17.332,-63.598,-11.595,0.0,216.271,-17.763,-7.236,-1.746,384.557,0.0,16.526,0,0,0,0
3074,3,28.574,12.763,-70.371,26.355,0.1018,452.872,2.792,-12.689,32.726,3.048,0.0,261.527,-9.107,44.493,2.241,8313.323,0.3968,0.0,0,0,0,0
470,3,6.459,16.291,-24.05,9.038,0.0721,759.084,-14.246,11.658,10.19,-11.94,0.0,484.946,32.063,15.625,36.238,2380.099,0.0931,42.341,0,0,0,0
4252,5,-14.978,-48.471,-53.384,-12.222,0.856,402.048,-4.185,1.184,-7.428,-5.047,0.4983,256.513,42.634,-6.163,57.801,2010.062,0.4274,66.588,1,0,0,1
2062,3,-14.88,-76.613,-28.579,-15.689,1.0,171.066,-8.51,-2.568,-41.156,-11.66,0.2047,225.058,-76.184,114.361,-77.977,2231.273,0.8593,65.925,0,0,1,1
344,3,14.779,-23.544,-51.998,13.054,0.2242,257.037,7.688,11.585,37.042,7.488,0.0905,474.257,38.186,52.027,29.636,930.575,0.1928,19.825,1,1,0,0
1344,10,-1.834,30.04,-24.462,-2.702,0.2489,376.8,3.291,4.225,85.2,-0.111,0.0355,458.001,36.486,81.645,38.415,5204.327,0.3082,24.729,0,0,0,0
159,10,-16.733,-16.468,-26.818,-17.809,0.3438,324.937,-13.044,0.148,-70.059,-13.162,0.2553,74.025,1.202,-135.497,-7.505,4458.218,0.2602,47.187,0,0,0,0
353,5,-12.56,-34.731,-33.295,-10.713,0.7498,256.43,-4.681,-46.907,-36.076,-4.393,0.4156,120.44,-36.577,-38.174,-27.782,2630.397,0.6862,62.805,1,0,1,1
433,5,-3.682,-23.093,-47.609,-2.185,0.4787,38.369,8.144,31.283,-7.69,7.622,0.1027,411.315,19.088,-55.956,5.265,3194.569,0.2348,58.917,0,0,0,0
2903,10,13.855,-22.911,-27.884,10.968,0.1114,200.813,27.08,-27.187,-21.849,22.605,0.0,327.815,2.632,0.804,-9.111,3919.986,0.1144,9.402,0,0,0,0
2447,3,-4.05,-2.951,65.096,-5.786,0.0,458.839,-0.798,-17.003,7.709,0.761,0.0,268.447,31.656,-1.956,33.092,4537.036,0.2836,19.323,0,0,1,0
1042,3,-22.163,-49.39,-54.94,-23.29,0.1525,396.366,12.64,12.979,8.572,12.252,0.1076,481.712,-8.073,19.813,-5.24,1774.985,0.097,17.595,0,0,0,0
658,3,-21.395,-34.977,-29.543,-21.419,0.709,187.953,-24.169,-27.053,-31.022,-26.328,0.4743,40.835,-61.233,-154.165,-53.212,2235.575,0.5877,77.027,0,0,0,1
3222,5,18.254,-33.876,-7.233,18.098,0.423,552.124,-16.477,8.351,56.685,-16.489,0.0,560.328,2.132,-33.579,7.421,364.171,0.3634,71.853,0,0,0,0
2387,10,12.127,-1.693,-59.596,11.064,0.009,274.947,-16.608,14.048,32.293,-17.73,0.0333,303.118,-7.455,48.528,-12.495,5227.114,0.1964,9.243,0,0,0,0
3432,5,-3.017,1.623,-2.724,-3.535,0.1483,155.06,-10.881,24.6,5.204,-12.843,0.0,226.783,-0.033,24.114,-10.693,3043.087,0.2796,24.384,0,0,0,0
1600,3,27.856,-12.358,35.291,28.33,0.0928,289.669,2.874,-7.601,-24.439,2.328,0.0,385.214,-29.496,145.671,-25.09,3048.56,0.3261,26.448,0,0,0,0
3313,3,1.494,19.128,43.135,5.242,0.1603,166.036,4.831,30.412,19.376,1.992,0.0026,66.647,17.364,116.601,10.533,4314.252,0.2859,15.016,0,0,0,0
3933,5,19.483,-53.997,6.97,16.61,0.0,398.084,-11.036,13.015,9.079,-11.019,0.0,248.593,-14.634,137.67,-25.629,551.482,0.1184,7.42,0,0,0,0
4346,3,24.682,-9.994,-4.627,27.188,0.0,422.841,-24.202,-15.636,-22.673,-23.078,0.0773,403.864,-8.152,3.108,-18.304,1239.661,0.4296,4.66,0,0,0,0
1839,3,-8.241,16.27,-19.251,-7.743,0.2185,368.257,1.697,0.221,-40.691,-1.87,0.0,245.828,-60.462,-24.631,-69.859,4905.928,0.3955,26.895,0,0,0,0
1889,3,5.701,-19.165,44.892,1.213,0.2022,439.233,-6.997,-18.211,2.194,-7.23,0.0028,7.441,-17.223,48.536,-1.581,433.439,0.2633,10.484,0,0,0,0
1310,5,-3.728,-31.205,-36.221,-3.04,0.1114,740.613,19.833,-47.164,1.641,22.127,0.0,412.729,20.683,144.072,31.757,4661.777,0.0871,0.0,0,0,0,0
198,3,29.896,-43.056,-12.365,28.558,0.0941,354.469,17.957,9.501,36.866,17.049,0.1576,257.57,42.11,-85.948,35.627,2014.036,0.0871,9.97,0,0,0,0
4894,5,3.583,18.879,1.787,8.465,0.0788,118.856,6.577,-6.253,22.709,4.947,0.0083,257.58,-73.785,23.064,-88.787,3769.036,0.2865,4.103,0,0,0,0
880,5,3.336,-16.97,34.328,5.613,0.0533,99.661,-8.067,35.98,38.137,-10.391,0.1118,143.389,-21.915,-124.286,-14.059,1087.619,0.1727,1.413,0,0,0,0
1191,3,1.901,-46.286,-8.613,4.896,0.0782,678.784,8.842,7.136,14.273,7.241,0.1717,523.69,65.159,99.478,59.353,2156.222,0.1826,46.68,0,0,0,0
821,5,1.594,-38.288,-30.941,2.245,0.117,373.649,-4.409,25.634,-14.744,-4.381,0.0475,129.375,3.448,288.318,3.537,5634.376,0.5284,4.857,0,0,0,0
4163,3,8.392,-25.77,-26.179,6.736,0.3471,642.083,-23.028,-12.383,30.471,-21.918,0.028,350.073,-9.247,-79.654,-19.438,1442.737,0.32,60.542,0,0,0,0
3788,5,-13.578,-38.621,-85.423,-14.745,0.8033,147.323,4.492,-25.614,-7.61,2.388,0.3402,121.762,-96.665,-144.348,-91.37,391.702,0.4806,78.004,0,0,0,1
4958,5,13.805,48.618,19.797,13.732,0.1192,275.563,3.241,-18.421,-29.469,2.394,0.056,309.246,1.587,98.398,-11.056,7404.612,0.0,13.965,0,1,0,0
1578,3,-27.287,-22.975,22.951,-27.996,0.3827,368.919,-17.775,-6.755,-43.06,-15.798,0.6161,90.02,32.198,7.472,28.804,3339.624,0.847,95.966,1,0,0,1
2452,3,-5.927,-38.903,14.279,-4.549,0.0239,22.549,3.984,3.84,-0.109,6.704,0.0402,471.269,39.618,-26.366,43.053,666.133,0.2431,23.025,0,0,0,0
1767,10,-27.798,-15.866,5.564,-31.112,0.1875,76.85,2.991,-7.618,-14.927,4.115,0.0,227.914,-47.413,-110.25,-61.536,5773.189,0.4129,14.869,0,0,0,0
3025,5,-23.537,-15.552,-79.162,-23.029,0.4844,83.735,-6.298,-14.981,-47.89,-9.26,0.1099,14.27,54.409,-58.959,51.801,853.055,0.472,85.687,0,1,0,1
1810,10,2.215,-39.054,-44.965,1.27,0.3804,440.027,5.836,7.174,39.169,7.295,0.1389,500.573,99.214,150.378,91.248,2867.359,0.1331,52.138,0,0,0,0
2229,10,24.265,-18.844,84.632,23.09,0.1978,371.748,17.771,-21.591,-32.488,13.006,0.1118,528.652,11.006,77.681,9.995,449.765,0.2743,7.644,0,0,0,0
3138,10,20.578,25.038,30.647,21.149,0.1898,24.474,-0.733,-10.313,14.689,-1.771,0.1223,111.454,39.975,64.094,40.961,3660.876,0.1754,20.064,0,0,0,0
2608,10,-3.333,0.425,-4.388,-5.459,0.1023,404.468,16.188,6.077,-26.963,13.928,0.0,442.246,7.742,35.06,6.007,2181.728,0.1751,29.85,0,0,0,0
2701,3,-13.961,-62.894,-21.395,-15.14,0.0,206.798,8.22,-15.41,49.555,11.162,0.0808,92.784,7.907,77.508,12.168,2207.429,0.0,22.326,0,0,0,0
1185,5,9.013,4.953,-39.727,8.42,0.038,286.41,-6.058,-2.847,-22.446,-0.344,0.0,393.172,-22.007,-99.882,-26.316,6791.581,0.1616,19.594,0,0,0,0
3742,3,-13.698,-21.712,-11.16,-15.214,0.9111,286.415,-11.921,-27.639,-17.21,-12.371,0.4384,64.014,14.756,-104.346,8.53,184.265,0.7486,40.359,0,0,0,1
1327,5,5.866,16.641,19.756,5.416,0.244,219.053,3.436,12.113,-76.962,1.925,0.0,474.799,33.129,5.634,33.307,6631.395,0.0739,28.717,1,0,0,0
2591,10,7.499,50.597,-70.797,3.77,0.0,262.206,26.899,17.626,-52.653,30.811,0.0,403.018,-44.377,41.074,-34.823,6245.716,0.0,26.706,0,0,0,0
3219,10,-6.735,-4.703,20.799,-6.792,0.1795,491.303,-6.306,-9.463,30.753,-8.868,0.0132,370.761,6.892,86.911,14.769,2640.282,0.2851,0.0,0,0,0,0
4121,5,1.514,-30.575,11.193,2.136,0.0,529.195,-19.598,10.817,-23.95,-18.953,0.0386,113.465,-11.629,143.898,-20.97,4672.989,0.4829,0.0,0,0,0,0
4957,3,19.946,39.668,-15.159,21.99,0.0,375.652,18.621,-34.848,-0.945,19.76,0.1274,226.832,51.004,55.519,38.912,3065.824,0.1785,12.005,0,1,0,0
671,3,-6.731,-47.634,-27.113,-1.475,0.2328,128.167,2.765,-15.067,-18.46,5.284,0.135,61.218,-20.717,185.224,-18.739,2154.795,0.765,90.352,0,1,0,1
2650,10,-8.278,-32.523,-12.007,-9.871,0.0592,383.387,21.059,12.564,-34.637,18.047,0.1473,504.076,15.034,7.121,4.325,4048.653,0.2315,25.875,0,0,0,0
4040,10,-7.124,4.958,41.354,-6.191,0.0,574.325,6.857,-18.009,-7.284,3.732,0.0,116.942,-12.099,46.028,-8.91,4312.268,0.3214,13.205,1,0,0,0
3602,3,10.835,-14.253,-13.101,9.36,0.1162,465.033,14.042,-18.424,-14.667,13.382,0.1118,630.518,-9.591,-43.353,-9.155,4244.637,0.0753,1.174,0,0,0,0
1902,10,-28.005,-40.496,7.395,-29.135,0.2555,285.041,-5.619,-42.392,-43.603,-8.355,0.5254,147.37,-20.513,-132.401,-15.229,2250.171,0.6153,79.062,0,0,0,1
1769,5,19.406,-26.567,-37.64,19.058,0.3197,418.86,-10.292,47.497,-14.697,-11.356,0.0,351.433,36.133,-16.856,36.798,1963.134,0.0,46.41,0,0,0,0
4317,3,-0.233,-9.299,-6.95,-3.51,0.2444,268.819,-7.168,-10.439,-3.021,-7.548,0.0,251.505,-16.495,58.104,-27.833,4753.533,0.1769,25.298,0,0,0,0
4155,5,5.574,-33.48,-8.366,8.301,0.0,211.475,-17.937,38.689,21.357,-19.716,0.0663,403.655,-6.255,-8.384,-4.367,5941.4,0.29,0.0,1,0,0,0
2438,3,-6.733,-25.924,3.619,-7.288,0.1388,508.828,-2.319,27.039,-42.911,-1.623,0.0458,166.766,-48.213,-127.597,-45.815,1370.931,0.2505,7.055,0,0,0,0
2776,3,6.172,-9.796,-5.531,6.981,0.1415,166.218,19.737,-21.939,-10.48,18.13,0.0,130.344,-51.001,95.603,-53.95,2474.837,0.0686,26.441,1,0,0,0
3297,3,-5.725,-19.256,-21.359,-3.355,0.1181,484.984,-20.334,17.575,-26.805,-17.597,0.1915,229.15,47.412,172.387,53.894,2509.562,0.1477,0.0,0,1,0,0
2986,5,9.729,-42.427,61.883,11.265,0.2084,533.852,-0.425,-9.401,24.113,-1.312,0.0,384.548,-10.28,12.548,-4.022,4037.45,0.1204,0.311,0,0,0,0
950,5,-33.494,-3.798,-55.824,-30.956,0.3991,289.034,-8.1,-16.143,-43.593,-6.352,0.3547,4.92,60.256,-12.775,57.284,3630.554,0.7271,99.93,0,0,0,1
1265,10,27.268,-7.847,33.41,25.581,0.0872,413.283,1.457,1.853,82.447,2.678,0.0082,210.566,-25.712,87.628,-20.768,5141.884,0.2049,26.349,0,0,0,0
498,3,9.358,-23.162,-54.839,11.93,0.2835,258.56,-22.638,1.332,-11.895,-22.66,0.0348,443.178,-56.121,10.256,-49.191,2363.672,0.1326,0.7,0,1,0,0
1979,5,-28.711,-23.148,-49.021,-28.045,0.8223,278.436,-0.574,-14.665,-24.558,0.942,0.0026,191.096,-19.017,-83.515,-4.156,3593.831,0.5166,76.447,1,0,0,1
700,3,-11.061,6.738,0.086,-9.896,0.1679,321.189,28.111,6.631,15.487,26.29,0.1041,218.081,-60.413,-171.954,-50.846,2856.186,0.0,1.98,1,0,0,0
1606,3,-27.125,1.578,0.676,-26.386,0.0675,371.321,14.919,-22.6,41.651,13.447,0.0924,232.048,-19.523,-42.24,-32.603,6574.898,0.0955,0.0,0,0,0,0
2545,10,-11.636,-47.84,-9.765,-10.61,0.6634,137.198,-7.027,-38.053,-46.643,-5.402,0.3319,69.335,-74.105,34.537,-84.333,3763.88,0.7966,44.702,0,1,0,1
500,3,-2.199,-1.198,4.816,-2.893,0.0,654.557,-4.661,-11.289,20.601,-7.336,0.0706,73.549,-107.527,-189.336,-112.127,1631.03,0.1625,8.607,0,0,0,0
3944,5,-27.782,-21.956,-88.574,-29.816,0.2917,300.471,-2.725,6.492,-31.457,-7.788,0.2895,218.776,-50.369,-137.908,-47.522,2559.882,0.7713,77.634,0,0,0,1
2279,3,36.543,8.131,-10.835,39.088,0.0793,305.327,-16.299,20.245,20.422,-14.018,0.0409,113.586,16.113,-110.847,9.297,3790.73,0.2511,0.0,0,0,0,0
550,10,3.387,2.596,-27.16,4.318,0.0685,124.649,-1.659,-2.436,-11.567,-3.636,0.2364,534.421,-62.679,175.252,-65.368,2460.465,0.0833,5.197,1,0,0,0
2475,5,6.279,11.697,27.791,4.074,0.1049,621.416,21.267,25.332,-20.215,22.86,0.003,120.277,-23.963,45.304,-11.929,7995.618,0.2264,23.818,0,0,0,0
1011,10,-11.375,-16.217,12.875,-10.397,0.186,340.779,12.114,10.166,-3.404,8.69,0.0197,115.989,-10.591,-68.246,2.858,434.96,0.1853,0.0,0,0,0,0
4198,10,-0.667,-12.175,30.409,1.99,0.224,394.078,20.933,7.061,-13.526,19.772,0.0,522.025,-49.72,36.739,-64.964,2725.028,0.1635,5.205,0,0,0,0
892,3,2.275,-26.447,2.845,4.747,0.1556,332.749,-19.729,20.872,49.974,-19.081,0.0153,545.845,34.111,-4.575,26.711,2636.678,0.1039,6.628,0,0,0,0
534,3,-21.748,-28.155,-48.699,-22.981,0.4649,163.425,-0.193,-24.418,46.035,-0.103,0.0499,478.931,-1.48,56.184,1.537,2450.587,0.4857,49.634,0,0,0,0
4650,3,-7.544,5.68,-11.094,-5.174,0.1801,254.461,9.497,-3.028,-57.287,8.322,0.0892,439.542,-35.776,59.834,-34.949,727.331,0.2923,15.312,0,0,0,0
2573,3,4.535,33.13,-4.041,7.176,0.1375,284.464,-17.784,-37.233,20.343,-16.956,0.0683,619.555,-3.875,-65.86,-7.136,7536.549,0.1221,7.789,0,0,0,0
856,3,-9.517,-50.237,-27.754,-11.007,0.6105,173.564,-8.361,-26.961,-44.917,-8.337,0.4888,298.813,-36.682,-44.42,-45.053,4924.258,0.5752,66.603,1,0,0,1
1697,10,5.452,-7.096,-2.846,4.336,0.2051,470.811,3.785,4.548,-9.72,5.868,0.0,341.295,45.274,-107.142,48.32,7659.033,0.3607,12.644,0,0,0,0
1542,5,-16.681,-33.551,-20.642,-15.142,0.1499,388.742,1.791,-1.569,46.834,-0.429,0.0781,150.959,-51.655,101.198,-56.169,1473.596,0.3317,43.923,0,1,0,0
4451,10,18.22,-32.796,-9.875,23.082,0.1611,647.094,-10.158,18.819,-11.399,-12.134,0.1183,469.253,49.828,124.75,57.643,5625.76,0.0012,7.573,0,0,0,0
565,10,11.015,27.915,56.918,12.562,0.0,490.942,0.28,7.906,-5.779,0.656,0.0,302.155,89.925,-1.223,92.31,2770.891,0.0,10.745,0,0,0,0
3966,5,-6.592,38.546,15.385,-9.911,0.0527,592.274,-3.025,-19.006,12.932,-6.625,0.2224,132.225,3.462,-123.904,1.53,1504.28,0.0378,0.0,0,0,0,0
3212,5,-18.961,-13.245,-58.547,-20.981,0.4846,248.597,-5.668,-0.687,-45.741,-6.724,0.5412,96.336,-7.852,19.379,-14.092,951.908,0.7659,75.665,1,0,0,1
4185,10,19.555,-1.334,-10.205,19.525,0.0254,571.717,-6.003,-8.978,30.609,-8.753,0.0965,361.504,11.59,27.685,21.808,5691.995,0.189,19.546,1,0,0,0
2984,10,-18.143,-25.179,-46.372,-17.233,0.0,440.399,4.056,-19.718,14.198,2.171,0.1072,415.261,26.039,90.888,11.387,3892.147,0.3584,31.896,1,0,0,0
1748,10,-17.304,10.617,-33.948,-15.209,0.1928,504.575,4.448,-4.133,-12.845,4.351,0.031,495.694,24.112,-198.802,27.701,1590.955,0.2219,10.195,0,0,0,0
3846,5,-15.802,7.552,-68.948,-16.14,0.0051,119.873,3.171,8.448,14.157,4.821,0.1693,321.01,27.457,-78.366,21.952,5158.431,0.2435,45.793,0,0,0,0
4259,10,-19.246,-16.81,35.623,-17.908,0.019,353.112,24.143,9.375,11.584,24.609,0.0,315.074,17.04,249.986,22.733,3215.998,0.2011,16.632,0,0,0,0
3153,10,-10.664,4.053,-19.386,-9.43,0.1261,377.324,2.439,-16.533,29.821,1.754,0.0786,352.498,14.629,-56.461,5.143,2600.984,0.3512,6.207,0,0,0,0
4099,10,-9.169,-32.349,-1.854,-8.587,0.4122,305.924,-8.803,-25.629,-4.072,-11.867,0.1462,172.712,-10.731,-287.98,-24.915,2220.578,0.7104,45.513,1,0,0,1
2672,3,-10.793,-12.04,-23.706,-10.071,0.4739,403.771,-24.485,-18.847,-39.356,-20.802,0.3995,79.356,-5.937,-194.871,16.254,230.666,0.5266,40.259,1,1,1,1
4214,5,2.585,-35.219,-12.255,-0.393,0.1724,393.973,-3.984,-57.47,-3.471,-5.192,0.0743,362.824,-21.909,34.314,-18.411,6038.938,0.0,4.872,0,0,0,0
1259,10,-5.798,-17.476,-71.621,-7.193,0.678,52.954,-4.568,-13.772,-18.925,-3.455,0.2606,134.177,13.07,2.994,2.643,4465.672,0.7359,77.437,1,1,0,1
1920,5,-25.204,-41.905,-52.185,-24.024,0.4824,85.197,-7.72,-13.95,-27.802,-3.09,0.383,19.94,50.934,171.916,45.784,1678.912,0.6045,100.0,1,0,0,1
495,10,-1.01,-2.09,-28.713,-2.627,0.2257,712.201,10.819,-1.07,55.308,6.586,0.0332,554.885,-83.698,52.704,-92.932,4931.504,0.5461,57.319,0,0,0,0
50,3,-3.889,-65.668,8.3,-6.416,0.5834,441.554,2.139,-27.388,-11.469,4.583,0.0699,199.365,-28.342,116.694,-48.123,1371.78,0.8523,50.367,1,0,0,1
1644,10,-14.319,-5.454,16.598,-15.59,0.0645,145.874,4.415,-3.094,8.535,4.692,0.3088,182.353,-24.017,-32.305,-24.769,769.241,0.1576,28.439,0,0,0,0
2091,3,-1.725,3.902,-0.326,3.738,0.0,306.161,17.789,-2.844,-17.726,12.994,0.2985,313.604,-7.591,127.114,-12.172,4388.514,0.1936,26.652,0,0,0,0
1791,10,5.175,41.98,-2.151,5.047,0.2921,662.443,-0.879,-28.031,68.147,0.783,0.1594,261.498,65.68,-18.873,64.936,4346.816,0.1613,0.0,0,0,0,0
436,5,6.145,36.309,-22.595,4.545,0.0,554.014,-0.33,1.824,-17.966,-1.835,0.0692,226.719,22.187,-37.195,26.38,2427.118,0.0025,3.891,0,0,0,0
1131,5,-15.943,-7.487,21.608,-13.595,0.0,369.328,-3.099,42.594,-28.56,-4.675,0.2021,462.919,45.478,47.127,46.565,4787.621,0.195,24.308,0,0,0,0
1857,10,-8.623,-42.409,17.274,-9.514,0.0653,473.565,11.605,16.851,-1.976,11.67,0.1362,94.314,-32.545,-21.903,-38.364,5777.504,0.2303,5.359,0,0,0,0
1323,3,-16.31,1.593,-78.612,-15.673,0.1496,15.737,-16.154,-21.781,-13.054,-13.811,0.2989,209.165,-52.295,-1.407,-47.158,155.403,0.8239,75.226,1,0,0,1
356,10,-22.273,-51.142,-71.824,-23.391,0.7804,323.8,-13.347,-31.582,-6.06,-9.963,0.151,156.444,9.081,29.528,26.652,1318.217,1.0,100.0,1,1,0,1
1193,5,-27.356,31.313,37.918,-26.053,0.2086,525.992,6.856,4.876,34.502,7.723,0.0,750.779,-28.865,79.235,-26.933,2999.16,0.4039,26.853,0,0,0,0
2330,10,-2.792,-7.374,39.957,-1.26,0.0,262.326,0.752,-17.893,52.099,-1.832,0.0421,158.4,-10.524,-89.284,-8.481,5494.99,0.1761,2.008,0,0,0,0
3200,10,-17.155,-36.046,63.578,-18.642,0.0533,777.552,5.272,-52.35,5.272,7.905,0.0292,334.098,54.778,-40.744,61.028,6368.908,0.3003,27.329,0,0,0,0
3832,5,19.749,-56.556,-40.073,16.514,0.0,466.709,-1.619,9.804,11.337,0.175,0.1347,337.315,40.758,107.275,51.928,575.353,0.1184,10.644,0,0,0,0
4350,3,4.763,-40.078,-42.389,2.388,0.4059,842.874,10.103,-37.612,-10.487,9.226,0.0,116.262,11.965,-92.427,5.49,4900.221,0.7018,30.769,0,0,0,0
2001,3,-24.001,-42.309,-61.988,-23.007,0.7689,33.559,-4.818,-41.834,-27.758,-5.597,0.359,188.189,-1.557,46.004,-4.327,899.346,0.5892,83.43,1,1,1,1
4513,5,-7.671,-67.145,-8.628,-4.834,0.0,447.44,-4.458,10.808,-21.147,-5.804,0.0281,383.591,-36.241,52.227,-44.49,3681.544,0.2593,23.399,0,0,0,0
1263,5,0.849,9.81,-11.707,3.099,0.0,504.727,-11.235,-3.82,1.063,-10.681,0.2181,339.468,3.265,-53.997,2.38,1707.473,0.3728,5.034,0,0,0,0
1448,10,3.633,36.203,-10.285,1.991,0.14,364.891,2.919,-20.046,70.307,4.633,0.0653,308.337,-32.473,-65.724,-52.129,609.899,0.2718,17.751,1,0,0,0
4013,10,-20.297,-24.624,-68.644,-20.708,0.3015,444.431,-7.239,-25.015,-32.47,-5.187,0.2669,81.411,-20.915,-74.216,-10.366,2859.392,0.6848,87.785,0,0,0,1
1198,5,-11.469,25.184,-2.216,-10.229,0.0869,370.036,10.311,6.291,5.035,12.067,0.0,204.123,-33.006,37.805,-19.342,5043.734,0.1267,40.191,0,0,0,0
3835,10,-13.506,-32.041,20.819,-14.717,0.0,256.979,21.927,20.472,-23.469,24.798,0.181,286.541,12.049,-19.433,27.222,6363.358,0.4204,22.039,0,0,0,0
2346,3,6.762,-55.194,-58.689,5.075,0.6872,83.089,1.99,-18.789,-49.112,2.824,0.0385,108.171,-105.081,67.045,-94.918,4855.424,0.898,81.59,0,1,0,1
1300,10,-18.747,-9.863,-43.23,-17.662,0.1217,763.764,10.707,21.063,41.761,9.323,0.0,267.878,-9.147,-120.69,-19.182,570.997,0.1474,15.302,1,0,0,0
1662,3,8.74,-0.739,15.52,10.107,0.1329,251.591,5.945,0.004,-3.379,7.254,0.0105,467.172,42.618,19.623,43.954,5032.092,0.0,0.0,0,0,0,0
4657,5,-4.096,-9.589,-31.613,-5.829,0.1225,581.821,-18.233,-4.787,-10.871,-20.254,0.1128,387.828,77.389,34.317,81.26,3566.173,0.2168,36.914,0,0,0,0
3770,3,-2.824,5.861,-10.384,-1.756,0.0077,625.902,-1.719,-4.211,-2.889,-0.053,0.0,344.987,-52.613,-99.414,-50.261,4.357,0.0,23.647,0,0,0,0
1660,10,-9.274,-7.79,9.653,-10.492,0.1174,334.303,11.658,-3.234,27.453,12.028,0.0,104.125,-4.309,69.819,2.019,5528.007,0.0,23.583,0,0,0,0
3398,5,-28.625,-77.036,-45.72,-30.327,0.4317,333.956,-11.216,1.745,-9.719,-6.08,0.0,36.453,76.094,115.537,77.521,2219.109,0.987,65.5,0,0,0,1
2918,5,-2.534,20.037,47.59,-2.717,0.1062,315.367,14.986,11.527,76.439,14.213,0.0,212.239,25.897,137.711,13.006,7549.078,0.3972,0.0,0,0,0,0
1736,5,-9.894,1.496,-32.165,-7.027,0.0,726.351,15.516,-12.022,14.123,15.492,0.0,214.478,-31.962,-37.663,-37.731,3541.11,0.0659,26.36,0,0,0,0
4437,3,-27.764,4.542,49.045,-24.714,0.0425,152.042,-12.254,-24.493,-18.25,-10.081,0.0,376.362,33.636,-69.19,38.873,3336.123,0.2815,19.24,0,0,0,0
1243,5,-10.127,-34.663,-56.517,-10.885,0.5881,506.056,-11.714,-5.295,0.738,-13.875,0.1202,462.682,-59.895,76.288,-48.363,3256.017,0.1247,65.78,0,0,0,0
1970,3,-24.993,14.73,31.754,-24.826,0.1521,352.864,1.891,5.607,-32.231,5.02,0.2389,140.902,6.939,-52.348,-10.601,807.194,0.2368,15.472,0,0,0,0
4539,10,-4.962,-14.801,-13.221,-5.545,0.0935,321.575,-21.359,-23.344,-26.935,-21.021,0.0596,52.391,65.517,61.146,62.514,4162.885,0.0979,0.0,0,0,0,0
421,3,-16.565,-56.342,-55.829,-15.776,0.6756,520.205,-11.021,5.35,-41.801,-9.353,0.6916,125.047,1.902,-82.724,0.335,621.336,0.8671,55.241,1,0,0,1
1922,5,9.054,-39.128,-27.102,8.631,0.1085,271.555,11.911,20.18,21.883,9.166,0.0884,40.749,-7.144,-64.659,3.375,5406.586,0.0594,3.328,0,0,0,0
240,10,-13.416,-29.067,-27.207,-11.826,0.4604,362.926,1.938,-4.807,-26.781,1.021,0.2755,98.113,-117.122,-108.085,-119.713,1630.98,0.5592,75.949,1,0,0,1
3457,3,-25.532,-27.451,-56.999,-24.62,0.5501,403.267,-29.898,-8.868,-37.862,-27.891,0.1796,92.784,-2.963,-92.927,10.354,2904.721,0.8574,68.209,0,0,0,1
3066,5,44.862,49.879,-10.73,45.828,0.0,291.398,-11.025,-3.918,45.881,-11.685,0.0794,197.909,33.413,-90.868,40.974,4395.705,0.067,20.35,0,0,0,0
4077,10,-4.073,16.162,8.146,-2.7,0.0465,190.819,-7.706,25.823,54.585,-6.146,0.0806,207.38,60.998,91.728,55.075,2618.276,0.1696,17.351,1,0,1,0
2231,5,1.041,-41.38,8.927,4.69,0.158,176.66,1.951,-8.42,33.55,2.149,0.0946,200.195,-2.997,-39.696,3.907,1516.435,0.1171,27.371,0,0,0,0
1048,5,-16.535,-31.093,-55.767,-19.093,0.2033,318.829,-16.835,-19.995,5.046,-16.378,0.451,281.328,-4.909,183.126,11.27,326.432,0.6262,38.965,1,0,0,1
933,3,22.784,-52.951,9.256,24.166,0.0658,685.421,-9.737,50.008,-31.342,-11.534,0.0192,349.616,67.111,-11.324,66.133,4035.839,0.2471,6.431,0,0,0,0
4250,10,-11.425,-60.792,-41.566,-13.105,0.2428,41.152,-3.946,-28.483,-28.621,-4.701,0.3322,114.171,-44.096,-70.476,-25.376,4186.63,0.5929,76.128,1,0,0,1
2609,5,-25.734,-55.388,-31.192,-28.745,0.3706,289.379,-13.859,-27.868,-50.669,-13.491,0.0768,229.689,-85.553,-228.746,-107.965,6562.813,0.8973,70.436,0,0,0,1
2863,10,5.278,-11.899,-6.226,10.303,0.0,297.832,4.674,-13.169,-46.763,5.415,0.1247,437.025,-9.789,-5.107,-16.685,2685.508,0.3784,39.329,0,0,0,0
2246,10,2.406,4.766,27.999,3.382,0.2016,75.372,5.492,4.901,-24.981,7.619,0.0563,455.086,-38.796,15.793,-49.429,6058.706,0.0427,10.119,0,0,0,0
523,10,5.097,8.934,-57.77,5.739,0.1257,130.143,1.189,-28.233,-42.859,0.272,0.0,396.664,-51.259,54.16,-55.524,118.517,0.2699,2.798,0,0,0,0
4217,3,8.374,-25.012,-10.081,7.412,0.0754,203.194,-25.363,-13.2,22.782,-22.255,0.2187,208.958,30.199,-41.79,33.501,431.428,0.3013,36.853,0,0,0,0
2100,10,7.447,-7.801,6.387,5.781,0.0,604.919,-6.933,2.184,-31.545,-5.738,0.0,193.217,-14.921,44.011,-21.152,3501.816,0.1178,12.279,1,0,0,0
3001,3,-19.325,-51.183,54.53,-20.546,0.0147,345.444,0.61,-26.541,-48.612,-1.617,0.0217,566.4,33.791,-86.699,38.484,4197.057,0.418,1.923,0,0,1,0
953,10,1.065,4.812,-57.149,3.499,0.3774,311.387,-12.815,-21.18,-38.304,-10.932,0.4225,112.398,15.433,135.547,2.93,425.166,0.6904,79.252,1,0,0,1
3615,5,-17.101,-31.097,-85.513,-19.638,0.5876,227.471,-18.095,-1.914,-72.468,-16.791,0.3771,10.988,-54.434,17.947,-55.166,1072.944,0.5367,82.617,0,1,0,1
3977,3,-16.737,-11.583,-44.23,-13.901,0.7026,240.801,-9.994,-33.767,-23.085,-10.842,0.3642,62.472,-33.569,112.121,-35.692,1161.25,0.4162,78.763,1,0,0,1
4265,10,-23.488,-16.581,-15.982,-21.724,0.1983,262.583,1.771,13.749,7.598,1.961,0.0351,290.057,-48.056,122.205,-45.002,180.109,0.3612,31.631,0,1,0,0
3537,3,-10.45,34.442,-5.266,-11.408,0.1672,398.316,-17.892,12.529,-7.186,-16.23,0.0,283.745,3.623,-74.3,11.95,752.005,0.3557,27.208,0,0,0,0
2554,10,-15.547,12.174,-50.494,-14.167,0.0714,233.884,-21.388,1.072,-18.131,-23.558,0.1203,243.634,-1.701,-25.182,-9.231,3469.935,0.2793,9.974,0,0,0,0
207,5,-9.934,-3.085,-5.588,-11.174,0.1326,284.064,16.832,-11.59,15.026,18.164,0.1027,184.942,-2.77,-176.315,-2.729,2270.686,0.0378,34.429,0,0,0,0
1401,5,7.447,19.616,-29.848,9.252,0.0304,478.935,0.353,13.964,12.382,-0.56,0.2115,598.64,29.847,54.089,29.633,1359.904,0.4738,21.249,0,0,0,0
552,10,-9.248,-44.512,-49.425,-9.475,0.7458,242.654,-10.637,-38.256,5.621,-9.94,0.1625,22.749,-32.185,-66.767,-26.044,1107.388,0.9334,36.095,1,0,0,1
4011,5,-19.109,-46.501,-60.972,-17.256,0.4981,198.065,-19.048,-1.622,-15.531,-22.538,0.0,255.357,5.449,-106.805,12.002,6253.172,0.5048,88.868,0,0,0,1
1716,3,-15.376,-34.321,-47.995,-15.581,0.6034,311.485,-13.785,-33.021,0.532,-12.776,0.4296,44.722,36.731,4.028,25.677,3946.506,0.5292,80.262,1,0,0,1
1842,10,2.49,-8.355,33.202,3.874,0.0,457.399,4.918,16.153,-54.658,6.738,0.0701,263.281,-8.931,-208.84,-6.331,730.249,0.1649,19.578,0,0,0,0
4882,10,-6.835,-29.876,-28.534,-5.984,0.3425,202.154,-8.482,-42.857,-33.121,-7.973,0.1673,2.75,-53.06,-37.949,-52.131,3882.374,0.2594,86.729,0,0,1,1
2489,3,15.785,-9.105,-20.338,15.034,0.0597,284.468,7.381,-12.126,3.147,6.486,0.0,407.835,-13.79,163.324,-19.507,1640.788,0.4097,46.318,0,0,0,0
3693,10,-25.895,-9.285,-93.378,-22.462,0.0961,373.337,-8.819,20.206,16.676,-8.898,0.0502,211.74,-31.274,11.239,-31.148,6477.27,0.0,18.184,0,0,0,0
4690,3,-11.175,-42.608,-83.41,-5.794,0.3599,221.84,-3.868,-2.691,-24.785,-1.736,0.3919,84.581,-36.59,-85.182,-44.165,1150.401,0.8632,64.435,1,0,0,1
1956,10,8.29,18.753,-4.492,9.86,0.2006,655.143,-6.016,42.062,-51.915,-6.19,0.1905,584.777,30.619,-7.519,38.175,1290.546,0.2008,4.039,0,0,0,0
3829,3,4.2,30.061,-5.612,4.43,0.0899,544.066,19.97,18.145,28.898,20.664,0.1678,381.001,44.743,46.971,47.083,840.395,0.0,12.961,0,0,0,0
1973,5,-0.901,-49.535,-32.766,-1.139,0.0,458.739,-9.084,-9.333,-26.545,-8.501,0.0157,76.607,38.202,21.305,35.788,3884.486,0.0916,42.565,0,0,0,0
4186,10,-10.901,3.632,14.329,-11.807,0.173,483.924,10.204,15.657,7.49,8.622,0.0,315.698,-9.977,-1.157,-20.577,1986.589,0.1067,21.155,0,0,0,0
4180,3,-23.39,-37.076,-28.998,-19.587,0.687,181.484,-0.754,-27.678,-14.839,0.932,0.2191,61.306,27.781,14.63,30.451,2600.427,0.7643,91.985,1,0,0,1
1092,3,-4.564,-28.275,17.46,-7.971,0.294,680.886,0.236,-29.749,-4.027,-0.968,0.0179,142.636,8.421,-22.437,19.026,4127.476,0.0578,29.587,0,0,0,0
3702,3,-14.3,-52.972,-59.487,-16.402,0.355,33.757,2.448,11.513,-1.608,2.711,0.1039,426.931,-65.15,-1.984,-72.082,2838.893,0.3407,42.756,0,0,1,0
2544,3,-21.975,-31.405,-33.723,-22.349,0.0395,170.788,-7.758,24.767,17.987,-6.715,0.1741,494.365,40.134,69.98,41.106,2199.463,0.0,23.261,0,0,0,0
3866,3,-27.944,-28.548,90.166,-29.285,0.1268,435.108,-5.797,-44.106,34.902,-7.29,0.0523,141.626,28.321,52.63,27.645,1052.187,0.2719,17.998,0,0,0,0
2445,10,-2.77,48.821,-17.957,-2.004,0.0,479.62,-1.608,26.363,15.744,-0.386,0.0,278.015,29.509,-42.556,28.111,2337.124,0.2308,14.742,1,0,0,0
4530,3,1.311,3.084,-10.881,5.28,0.0,445.066,23.611,-12.941,-16.724,27.376,0.1782,535.166,-56.17,-69.111,-53.473,7011.95,0.0,25.763,1,1,1,0
3500,5,7.911,2.588,13.249,6.217,0.0794,477.877,2.167,19.247,7.982,1.163,0.0785,36.717,-24.405,64.871,-24.917,3879.684,0.0,17.971,0,0,1,0
4841,10,4.973,-9.706,-28.745,5.17,0.0631,244.291,-9.119,33.207,22.647,-8.092,0.03,451.824,-55.891,47.839,-49.364,2684.343,0.1449,17.405,0,0,0,0
3346,10,21.212,9.368,22.718,19.129,0.0127,390.593,11.13,-33.596,-13.108,11.02,0.0883,550.976,-49.942,-162.604,-28.93,1514.807,0.0153,27.545,0,0,0,0
887,5,-14.73,-43.917,-60.084,-14.714,0.3928,340.64,-10.393,-12.644,-27.84,-10.224,0.3392,35.978,40.339,-341.913,44.16,5006.833,0.8696,60.489,1,0,0,1
241,3,12.635,-12.574,-50.814,12.217,0.1588,275.782,8.684,2.082,-49.72,7.124,0.0863,91.696,28.697,3.258,28.388,969.946,0.0038,43.161,0,0,0,0
2226,10,25.125,14.883,26.075,28.867,0.179,649.074,10.223,4.288,-60.539,14.082,0.1879,526.417,34.762,87.87,43.188,2367.995,0.1008,5.316,0,0,0,0
4369,3,-23.3,-7.593,-100.0,-24.294,0.4721,148.419,-13.5,-16.859,4.605,-13.042,0.3138,150.201,-50.806,-209.735,-40.178,978.182,0.8209,87.586,1,1,0,1
2314,5,-0.685,-6.174,5.199,-0.563,0.1349,444.359,-4.338,32.292,-17.167,-4.092,0.0243,204.512,-24.075,69.407,-22.919,3300.569,0.3106,0.0,0,0,0,0
594,3,-16.031,-45.806,-15.321,-14.371,0.6169,252.82,-20.165,6.264,-40.294,-15.253,0.2328,71.466,-37.995,80.141,-29.579,3086.674,0.5504,95.207,0,0,1,1
1061,3,-9.44,8.42,-38.5,-8.685,0.0,391.398,-1.056,26.324,-4.04,-2.079,0.0922,285.801,-13.824,-62.029,-4.792,2085.75,0.0901,14.049,0,0,0,0
2886,10,5.467,12.721,-38.39,2.492,0.0056,335.593,-0.533,40.553,10.623,-0.821,0.0079,107.066,12.78,4.883,11.306,5167.099,0.3474,12.207,0,0,0,0
2981,10,-0.145,-13.173,-59.079,-3.244,0.2065,368.605,11.144,-16.102,1.203,14.276,0.0,308.444,-5.773,98.582,-0.291,669.135,0.2575,44.266,0,0,0,0
1337,3,-0.643,-53.857,-63.799,1.525,0.5476,252.418,-15.548,14.072,-32.46,-19.877,0.4509,121.363,16.504,-71.76,22.165,1622.818,0.3885,56.254,0,0,0,1
4001,10,14.242,22.153,8.661,16.108,0.0797,320.454,-3.524,-2.105,51.4,-5.248,0.0232,347.01,31.842,-13.055,35.477,7919.436,0.0,20.743,0,0,0,0
955,5,-14.156,-52.884,-49.154,-12.804,0.5547,142.712,-6.843,-4.835,2.202,-7.098,0.2867,196.873,19.429,30.225,22.058,3870.908,0.6944,86.394,1,0,0,1
1339,3,-7.875,1.203,35.662,-7.454,0.0,302.27,-18.091,-25.406,-2.271,-19.731,0.0,265.192,-37.165,86.209,-51.887,3414.137,0.1063,7.667,0,0,0,0
3845,5,13.922,-6.681,-39.997,14.531,0.0,294.864,-0.249,-0.171,22.712,-2.487,0.1648,263.607,4.323,144.007,5.244,7676.378,0.1073,37.086,0,0,0,0
2159,5,19.528,-1.861,48.022,17.321,0.3679,332.99,-5.559,-27.387,-2.109,-3.553,0.0806,296.526,33.183,-12.22,20.455,6406.77,0.1469,18.777,0,0,0,0
1688,10,-4.424,28.791,31.512,1.505,0.0334,296.655,25.351,9.179,-3.5,26.853,0.0705,380.288,-46.092,-143.663,-31.11,5160.082,0.2108,16.528,0,0,0,0
456,10,-6.848,4.15,-10.474,-5.342,0.2519,758.334,10.572,0.208,6.687,11.255,0.0,218.762,-43.611,-163.955,-39.649,4495.601,0.3089,22.122,0,0,0,0
4205,5,-25.311,-10.449,-2.943,-24.437,0.0419,170.816,-10.741,-23.063,-3.329,-10.204,0.084,394.388,16.282,-177.62,12.789,1847.67,0.18,0.0,0,0,0,0
3193,5,-26.985,-39.934,-33.47,-27.544,0.7101,166.504,-11.9,-8.614,-38.991,-12.997,0.1762,4.179,48.211,-12.394,41.735,38.442,0.7969,94.022,1,0,0,1
3426,3,14.622,-31.394,36.25,13.952,0.0109,592.131,-9.971,-9.729,1.828,-11.245,0.0583,90.507,17.04,-52.841,19.517,451.451,0.1085,0.784,0,0,0,0
3165,10,-14.462,-44.263,-43.702,-12.899,0.5485,19.246,-0.227,-0.18,-22.173,-0.726,0.3468,185.962,95.897,-29.62,105.796,4629.265,0.1166,86.823,1,0,1,1
2718,5,6.496,29.284,100.0,1.695,0.194,329.223,9.022,-17.21,-52.467,8.951,0.1325,144.123,-5.309,44.52,-16.696,2472.485,0.053,0.0,0,0,0,0
4071,5,6.15,1.792,-26.535,3.841,0.1299,432.114,-3.174,-35.252,32.026,-4.145,0.0288,526.664,54.606,-71.817,45.096,1863.994,0.2054,10.489,0,0,0,0
2861,5,-3.425,-25.34,-1.358,-4.827,0.1493,198.846,10.514,-2.81,48.363,9.996,0.0,294.046,15.899,31.736,16.823,2970.07,0.3289,0.0,0,0,0,0
4207,3,-16.943,9.19,-23.554,-18.068,0.1445,504.467,-3.682,17.793,6.152,-3.383,0.0,213.025,20.861,84.858,30.53,3346.146,0.0951,24.734,0,0,0,0
4746,10,8.474,-43.05,-24.048,8.315,0.1115,514.552,-10.259,14.393,2.478,-7.943,0.004,468.469,-32.448,-36.287,-37.906,5517.363,0.0,0.0,0,0,0,0
2638,3,0.268,36.742,23.888,-2.103,0.092,230.903,12.148,12.653,10.698,13.45,0.0,22.29,-28.163,-87.879,-26.917,561.2,0.1519,25.592,0,0,0,0
2292,5,-23.575,-20.955,-14.642,-23.186,0.1972,472.553,3.88,-6.085,-48.038,4.174,0.1135,320.609,82.042,36.05,84.615,1782.489,0.6094,48.929,0,1,1,0
4434,5,12.266,-7.297,9.641,13.899,0.2215,627.277,-3.997,-6.47,8.742,-8.673,0.1197,163.45,-35.19,-48.43,-32.367,2902.037,0.4138,8.978,1,0,0,0
1469,3,-8.265,5.305,52.408,-7.987,0.1819,337.673,-3.536,22.564,30.357,-2.291,0.0449,345.877,34.866,-54.14,28.64,1649.161,0.3477,0.878,0,0,0,0
3853,5,-18.974,41.078,48.131,-20.103,0.1285,49.38,0.687,-24.215,20.304,-0.609,0.0481,562.356,62.474,146.945,74.415,7201.742,0.0,0.0,0,0,0,0
1770,10,9.738,-22.017,-36.099,7.975,0.3013,489.322,0.136,-5.86,-28.959,-1.393,0.1227,522.045,42.859,-18.618,37.233,613.65,0.2765,25.86,0,0,0,0
1975,10,-25.337,-33.4,-34.837,-23.909,0.7128,93.132,3.627,-32.775,-31.798,3.313,0.2931,150.995,-59.609,-251.613,-58.612,2728.56,0.5676,73.918,1,0,1,1
763,10,-6.156,43.797,34.274,-4.771,0.0553,502.075,3.783,44.077,-13.958,1.861,0.1845,483.842,35.79,60.158,39.082,512.831,0.0,12.624,0,0,0,0
4482,10,-22.824,-50.767,-58.668,-20.464,0.7153,480.254,-8.994,-7.049,2.508,-9.721,0.1484,295.287,6.728,7.645,7.26,1810.398,0.8651,67.493,0,1,0,1
4682,5,3.131,45.88,-31.95,1.873,0.0669,296.223,3.144,-29.301,0.171,2.421,0.0114,449.006,19.798,50.437,27.991,2369.465,0.2305,0.0,0,0,0,0
1321,3,-21.307,2.825,15.016,-21.786,0.2428,198.44,-7.788,10.127,-16.572,-9.887,0.075,328.369,63.276,-70.881,61.896,712.107,0.1745,40.971,0,0,0,0
3249,10,23.301,50.882,11.74,21.646,0.0764,436.406,20.625,8.229,13.142,22.108,0.0624,417.505,27.698,72.202,30.6,4135.823,0.1839,13.895,0,0,0,0
1253,3,-19.747,-31.937,-58.298,-19.445,0.5553,122.43,-4.984,-9.254,-18.846,-6.585,0.3942,100.362,-62.318,295.986,-64.991,148.002,0.7218,76.651,1,0,0,1
157,3,-15.989,-39.16,-52.127,-11.389,0.4796,100.489,-1.6,-15.107,-31.01,0.666,0.6514,112.129,46.263,-22.488,50.891,5287.385,0.6484,85.359,1,1,0,1
1222,10,-25.339,-29.583,-100.0,-25.453,0.7281,185.067,-16.403,-2.918,-56.41,-16.193,0.2788,239.654,-57.256,-141.356,-54.533,4503.405,0.9253,100.0,0,0,0,1
2492,5,5.353,36.309,-5.759,8.531,0.2496,385.833,12.175,2.498,-16.79,9.94,0.04,307.084,57.188,12.921,58.964,7341.38,0.5404,33.653,0,0,0,0
4054,3,-6.469,22.013,-18.827,-6.479,0.1103,457.985,14.768,-3.44,15.158,13.876,0.0576,208.931,43.562,35.981,44.244,2163.867,0.2939,32.631,0,0,0,0
367,10,-11.579,13.054,31.537,-7.785,0.0369,504.18,-10.109,37.241,65.46,-12.43,0.0649,385.231,-33.601,122.948,-32.641,413.871,0.2097,27.776,0,0,0,0
4408,5,7.216,-31.682,-51.381,7.313,0.5061,481.463,16.302,-18.044,-21.964,15.134,0.2202,93.819,-23.026,-137.625,-20.699,1263.158,0.2068,36.355,0,0,0,0
1389,5,-3.772,-30.276,24.633,-2.634,0.0088,246.235,-7.756,-6.648,-23.574,-10.413,0.0,26.286,0.679,34.158,-6.761,369.429,0.0,13.725,0,0,0,0
1868,3,-17.488,-30.301,-26.598,-17.916,0.0758,86.4,-2.717,-30.207,18.837,-2.426,0.3164,274.19,7.168,-54.082,7.685,2892.58,0.9011,88.215,1,0,1,1
4985,5,11.753,-5.271,-43.391,12.548,0.1455,156.383,-23.917,-18.239,-33.711,-23.91,0.1663,198.872,-18.796,33.754,-24.442,1620.584,0.2982,17.577,0,0,0,0
3203,3,-9.66,27.108,-42.21,-11.381,0.0,700.519,8.579,5.823,12.771,9.189,0.0506,425.59,-28.236,206.717,-11.061,656.227,0.4273,0.0,1,0,0,0
3421,10,3.19,-18.732,46.54,-0.233,0.1918,573.083,19.38,32.961,-20.399,17.846,0.1463,308.029,-23.495,-65.154,-33.954,6736.788,0.3839,27.519,0,0,0,0
3610,10,23.659,-38.462,-56.186,25.374,0.4637,228.081,-10.852,-1.266,-12.457,-13.713,0.0,222.341,9.94,62.663,16.791,2261.674,0.4188,70.378,0,0,0,0
4525,10,-11.301,-19.919,29.345,-10.348,0.1391,255.583,-4.826,15.661,16.896,-2.831,0.0,372.758,7.45,-95.57,-15.026,6048.635,0.2585,37.508,0,0,0,0
2436,5,-22.766,-60.831,-16.21,-20.07,0.6211,128.504,-8.927,-32.472,-55.296,-7.527,0.3213,52.968,-117.823,-140.069,-127.255,3166.542,0.7334,26.657,1,0,0,1
1238,10,-5.814,-72.546,-67.403,-4.471,0.7297,68.884,-14.444,-12.173,-23.734,-12.358,0.6447,49.934,93.9,-15.672,89.483,4375.037,0.5385,45.501,1,0,0,1
3181,3,-22.954,-25.891,-70.03,-22.626,0.7125,19.321,-9.266,-38.691,1.38,-8.531,0.2862,201.493,24.432,-113.335,28.882,2718.824,0.9799,100.0,1,0,0,1
1098,10,0.51,-0.363,-44.35,0.5,0.0,260.776,4.538,28.27,8.016,3.319,0.2136,249.523,-6.379,-65.764,-21.16,1148.809,0.2469,21.823,0,0,0,0
4202,3,5.383,-0.506,39.633,5.293,0.0749,581.442,-12.334,-20.627,-22.489,-11.661,0.1465,339.858,62.889,46.444,54.649,10122.085,0.3757,13.993,0,0,0,0
466,10,-12.712,-35.878,-21.421,-14.265,0.7508,437.258,-1.005,-16.742,-43.0,-1.406,0.3603,151.577,24.115,-116.184,18.388,1455.28,0.5007,38.785,0,1,1,1
2394,5,10.315,40.006,-15.012,8.749,0.0789,482.675,5.766,-10.548,7.772,3.041,0.0,373.015,-51.045,3.725,-47.239,3661.814,0.1657,33.063,0,0,0,0
2207,10,-29.824,-47.534,-16.305,-29.619,0.3531,303.174,-8.048,-4.695,-39.426,-7.47,0.3083,128.517,-70.343,42.213,-79.207,394.609,0.7742,39.443,0,0,1,1
4936,3,-15.567,-63.026,-50.24,-17.078,0.6214,37.405,-7.979,3.93,-3.61,-7.371,0.3121,128.535,-55.319,-81.827,-57.727,3133.282,0.9454,71.719,1,0,1,1
2848,5,-34.369,14.444,-22.697,-35.08,0.0,257.324,-8.077,-14.199,-35.829,-8.979,0.0458,313.351,-13.572,-54.535,-10.896,5684.812,0.3739,27.469,0,0,0,0
2209,10,-11.401,1.894,7.828,-8.942,0.2352,459.948,-12.92,-12.17,-7.93,-12.823,0.0894,197.223,69.865,88.426,62.76,2704.417,0.0,24.145,0,0,0,0
959,10,8.91,37.381,32.412,13.656,0.112,226.062,24.863,-12.503,2.09,21.586,0.0846,211.13,-13.484,-210.084,-16.126,7256.911,0.0,0.0,0,0,0,0
2418,3,-12.195,-40.022,-50.898,-14.938,0.4781,385.352,-11.303,-26.754,-17.186,-12.147,0.5593,135.733,-71.62,-2.275,-70.895,846.891,0.7885,95.56,1,0,0,1
3601,3,-5.789,-7.956,-57.942,-9.363,0.7338,321.113,-8.252,-20.565,-33.315,-6.066,0.6057,245.555,-0.404,-162.688,2.945,3821.85,0.49,65.678,1,0,0,1
4923,3,-22.865,-29.897,-39.338,-20.315,0.576,526.811,7.692,-2.65,-5.864,6.749,0.0441,191.207,-5.012,-38.377,2.009,1240.569,0.512,28.2,0,0,0,0
3228,5,2.916,33.093,37.779,1.517,0.3002,363.819,-2.472,17.924,53.524,-4.46,0.0,349.049,-43.373,110.391,-43.426,6717.601,0.1461,1.991,0,0,0,0
652,10,-13.939,-41.005,-60.652,-11.425,0.4915,250.159,-1.363,-11.922,-30.966,-2.159,0.1267,308.244,-63.225,-196.76,-61.664,1223.334,0.62,42.389,1,0,0,1
3016,3,-2.959,75.09,43.166,-3.612,0.0955,389.547,29.021,-6.497,-6.491,28.915,0.1243,381.7,12.074,42.888,12.786,3593.771,0.0886,13.721,0,0,0,0
44,3,-21.491,-39.868,-39.502,-21.456,0.6291,42.35,-7.45,7.897,-23.777,-9.615,0.3325,228.872,-11.482,-68.438,-25.488,2510.622,0.6156,88.756,1,0,0,1
1807,10,-1.441,-8.24,35.468,0.951,0.2425,244.422,3.411,11.371,-67.0,6.305,0.113,85.463,-11.316,-206.666,-9.545,5580.214,0.2344,0.0,0,0,0,0
1125,3,20.36,-42.93,-43.163,19.203,0.4626,443.934,-13.494,-26.712,28.955,-16.425,0.0,240.257,11.344,68.176,18.48,369.458,0.2384,48.785,0,0,0,0
3743,5,10.287,-13.269,-16.66,8.72,0.2055,522.639,14.619,15.838,19.681,13.759,0.0528,394.049,-61.027,-110.738,-56.655,7503.199,0.0,34.097,1,0,0,0
4094,10,-10.298,-19.613,-25.33,-9.635,0.9062,152.632,-5.487,-34.399,-33.001,-7.129,0.1695,124.047,56.506,57.681,68.023,3550.66,0.7629,71.162,1,0,0,1
3065,3,6.56,15.632,45.742,7.344,0.028,424.082,-5.846,33.499,21.726,-6.987,0.1144,282.25,-37.066,33.277,-35.681,6189.351,0.0,25.652,0,0,0,0
1412,10,-21.137,-35.267,-68.898,-23.981,0.5055,325.852,-1.176,-27.096,-45.282,-3.033,0.3385,216.806,-41.128,-194.783,-51.658,1666.207,0.6196,93.082,1,1,0,1
2951,3,3.869,17.674,23.416,4.887,0.0,253.489,5.399,-12.025,10.392,2.449,0.0171,261.359,-30.364,94.415,-29.635,239.443,0.5041,21.11,0,0,0,0
3810,10,-12.22,-15.77,-58.001,-12.792,0.5463,90.025,-5.735,-25.429,-30.358,-3.126,0.098,138.444,-19.313,186.335,-24.748,1054.372,0.7065,80.447,1,0,0,1
3797,10,-38.398,-65.635,-100.0,-35.835,0.4255,297.904,-12.433,-32.296,-16.979,-14.099,0.3945,83.111,-88.183,-97.344,-93.166,7208.397,0.7335,83.895,0,0,0,1
654,3,-16.871,-54.438,-69.713,-12.692,0.288,290.404,-8.272,-11.696,-23.067,-2.977,0.5582,82.289,-11.628,98.695,-9.733,1376.358,0.4363,45.52,0,0,0,1
281,3,-26.474,-34.068,-61.599,-29.78,0.4526,268.98,-15.576,-14.795,-11.715,-16.28,0.373,144.603,-91.135,170.165,-96.21,4848.14,0.8059,58.711,1,0,0,1
4506,10,-9.843,7.195,-46.782,-8.452,0.0887,563.959,6.15,-35.145,20.63,6.103,0.1921,301.806,78.401,77.468,68.246,338.92,0.139,12.028,0,0,0,0
2877,5,-32.296,-19.216,-100.0,-32.721,0.4143,160.454,-10.862,-37.874,15.647,-15.899,0.4254,171.334,79.454,-210.877,82.203,3707.83,0.8507,89.34,0,0,0,1
2646,5,-16.596,-43.979,-24.817,-15.086,0.1084,218.75,-15.837,-22.063,-15.554,-19.101,0.1238,400.352,69.316,-9.045,62.955,2842.383,0.2195,4.553,0,0,0,0
4602,3,-4.989,-34.77,26.587,-4.291,0.0257,199.849,18.599,-4.471,8.434,16.649,0.0194,204.086,-20.401,-3.135,-26.625,3755.644,0.019,27.048,0,0,0,0
169,3,-21.595,-0.582,-38.165,-20.872,0.077,193.872,-14.48,-8.284,-28.801,-11.883,0.099,422.993,-93.24,77.364,-81.984,7778.819,0.3682,8.915,0,0,0,0
4605,3,-18.693,-57.449,-13.281,-20.554,0.714,276.763,-7.794,-16.431,-40.428,-8.977,0.1823,182.133,9.803,-51.378,13.071,286.211,0.9738,40.377,1,0,0,1
1158,10,-4.479,-29.99,-53.449,-2.401,0.4908,484.92,-5.587,-41.97,-38.905,-5.344,0.0656,63.496,-48.607,-43.515,-45.851,3693.036,0.7715,67.573,1,0,0,1
1391,10,-1.89,-2.216,9.899,-1.745,0.0152,373.151,6.863,-25.651,-25.01,10.932,0.0687,185.883,-60.867,70.236,-58.998,1398.643,0.1109,28.02,0,0,0,0
325,5,-6.791,-38.182,-8.054,-6.453,0.5773,206.416,-22.195,-21.33,-10.814,-24.242,0.3485,151.792,49.791,63.282,53.759,1413.12,0.5596,67.905,0,1,0,1
3771,5,-13.971,-42.998,-38.981,-11.125,0.5872,105.396,-19.658,-17.04,-27.569,-20.49,0.085,181.162,-39.419,42.937,-33.984,195.951,0.6355,89.777,1,0,0,1
3728,3,8.087,-9.914,26.726,5.822,0.0555,216.878,3.239,13.423,-34.187,5.911,0.0,11.112,-3.211,219.575,0.58,4179.541,0.1719,0.0,0,0,0,0
6,3,-23.666,-45.494,-34.445,-22.817,0.2227,226.266,-2.115,-7.117,-42.127,-0.533,0.4459,209.562,-7.302,0.7,7.114,1837.206,0.7211,57.851,0,0,0,1
2221,5,2.833,4.31,-1.497,-0.59,0.0,604.401,-3.022,14.031,-0.016,0.73,0.0649,436.029,1.275,-80.316,3.893,4164.044,0.3123,0.0,0,0,0,0
1430,10,-2.021,21.452,2.228,1.486,0.1235,221.863,-7.331,23.717,42.77,-7.617,0.0,318.833,20.28,70.196,12.29,1077.418,0.1742,21.096,0,0,0,0
3785,10,24.077,14.067,-27.974,26.094,0.0945,188.511,13.324,24.033,-53.665,13.743,0.119,198.55,11.672,-61.543,17.665,5699.281,0.2001,13.604,0,0,1,0
3501,5,-26.825,-25.014,-67.97,-25.716,0.6137,1.287,-8.107,-8.472,-10.726,-8.815,0.1712,188.815,10.06,-176.461,21.585,2527.644,0.701,87.534,0,0,0,1
1105,3,-8.02,45.598,13.052,-1.529,0.025,199.161,-7.978,-5.225,-2.994,-10.861,0.0,337.947,19.087,138.737,10.19,5417.375,0.191,26.802,0,0,0,0
2772,3,22.23,53.197,-21.367,22.294,0.0,156.7,0.619,-36.751,4.645,-3.004,0.0,341.196,36.987,-3.34,52.213,2667.552,0.239,14.855,0,0,0,0
4028,10,-18.896,-37.168,-99.342,-19.803,0.3294,148.255,-13.064,1.583,-21.485,-13.586,0.0,21.943,-12.915,-27.301,-13.469,2495.282,0.6168,74.273,0,1,1,1
2021,5,13.296,19.453,10.802,13.621,0.2276,179.347,2.063,33.261,39.475,-1.401,0.0539,251.803,26.85,-10.914,38.109,5191.537,0.3961,5.528,0,0,0,0
2153,5,19.36,5.626,-39.381,18.202,0.0,459.415,5.177,12.071,-6.462,3.423,0.0586,397.538,-2.727,-4.648,-3.999,7133.286,0.1577,25.766,0,0,0,0
1867,5,-19.285,-21.716,-5.811,-16.584,0.7818,232.575,-1.692,-36.67,-48.941,-1.448,0.1686,26.098,-49.578,-23.612,-59.456,1353.762,0.83,46.75,0,0,0,1
3514,3,-2.086,12.231,-2.154,-6.122,0.224,441.346,-15.672,-26.347,25.675,-16.531,0.039,607.179,20.925,14.634,15.858,1676.698,0.0,1.605,1,0,1,0
3499,5,-21.937,-53.923,-76.427,-24.511,0.7002,60.9,-7.108,2.541,-33.762,-5.782,0.3749,184.998,-67.886,21.679,-68.176,3734.127,0.7915,47.494,0,0,0,1
3282,10,-0.616,41.093,12.425,2.278,0.0,505.71,0.012,-23.292,-7.67,2.56,0.0,367.031,46.622,-27.833,49.731,834.778,0.002,32.083,0,0,0,0
2487,3,-22.378,-43.061,-94.135,-21.567,0.8662,116.419,-2.48,-18.352,-25.607,0.671,0.4104,317.545,15.92,-48.634,4.874,895.459,0.6395,74.103,1,1,0,1
2652,10,-8.899,42.925,0.42,-11.617,0.0772,456.795,-14.781,-11.331,46.842,-15.105,0.0801,342.486,19.679,-141.251,33.227,739.616,0.3004,19.932,0,0,0,0
4387,5,-15.884,22.704,-3.549,-17.153,0.0,467.721,2.256,-8.76,12.051,1.142,0.0,171.651,36.712,-12.337,38.427,4842.516,0.2608,26.351,0,0,0,0
1154,10,5.114,-6.991,13.865,4.339,0.2238,489.901,-11.028,-11.912,-8.367,-8.298,0.2074,179.341,-27.525,-9.98,-27.498,168.084,0.225,31.209,0,0,0,0
256,5,-0.165,1.522,19.889,-1.17,0.135,252.237,-14.556,0.744,35.757,-17.761,0.1036,306.554,9.997,-13.995,15.59,3506.757,0.3228,29.603,0,0,0,0
2071,5,2.979,29.308,-39.205,5.487,0.1487,667.361,10.577,9.523,36.034,10.397,0.0297,317.705,-24.331,-17.844,-16.115,1167.711,0.2082,11.495,0,0,0,0
2963,10,-9.637,-60.846,9.293,-8.544,0.3828,300.613,-10.562,-9.224,-35.255,-10.724,0.3035,237.274,31.115,-279.545,38.549,5886.701,0.7282,72.507,1,1,0,1
4000,10,-2.475,-32.046,7.894,-3.466,0.1405,524.346,-2.23,19.518,54.602,-3.939,0.1558,318.326,17.866,-110.71,24.019,2468.085,0.0,0.0,0,0,0,0
2565,10,-2.414,-2.215,18.601,-6.659,0.0,409.74,-0.395,21.212,-29.493,-1.186,0.0638,79.485,5.382,121.181,7.834,4635.616,0.4108,26.644,0,0,0,0
1078,10,-13.53,1.415,30.486,-15.82,0.1303,140.809,2.838,-16.909,-5.448,5.676,0.0,173.068,-52.466,-2.666,-47.718,20.89,0.1511,42.218,0,0,0,0
4789,10,-23.623,-44.3,-71.254,-23.404,0.9346,266.765,-15.366,-10.131,-32.801,-17.422,0.3413,54.003,53.901,-199.38,43.688,2580.93,0.8468,84.782,1,0,1,1
3598,10,-32.366,-43.406,-75.446,-37.072,0.7507,339.149,-14.988,-18.98,-43.895,-16.556,0.5616,45.261,-57.242,-144.272,-58.239,2379.041,0.6797,89.333,1,0,1,1
2832,3,-13.797,-28.63,-10.906,-16.13,0.2282,570.122,6.199,3.236,7.238,10.957,0.0839,261.561,37.289,49.22,25.664,1165.799,0.3737,16.241,1,0,0,0
1513,5,-10.296,-12.71,-31.108,-11.323,0.2278,670.496,-9.656,-13.558,28.034,-11.067,0.2003,348.058,29.363,46.244,38.428,2047.1,0.3518,0.0,0,0,0,0
3115,5,11.386,-34.979,-47.499,11.827,0.3425,59.263,9.686,1.67,-49.119,7.839,0.0,296.271,18.047,-133.24,11.863,2520.176,0.3718,52.7,1,0,0,0
2481,10,-22.645,31.429,11.556,-23.459,0.0,287.493,5.744,-2.337,-33.327,6.534,0.0,254.857,39.596,96.156,45.894,164.453,0.1162,23.423,0,0,0,0
2134,5,1.296,15.939,-22.65,5.479,0.1612,228.326,4.21,-4.007,-26.735,4.817,0.0,409.816,30.753,16.29,35.046,5979.484,0.1092,0.0,0,0,0,0
731,5,-9.64,-10.828,11.832,-6.034,0.0122,353.78,7.158,-2.083,35.661,6.692,0.1172,480.397,80.719,-172.617,79.569,1611.964,0.0325,14.52,0,1,0,0
1226,3,-13.279,31.715,8.41,-13.195,0.1187,233.876,6.687,8.734,-73.312,7.429,0.241,393.407,-14.66,69.849,-14.271,8422.708,0.0851,13.14,1,0,0,0
4962,5,0.966,-25.42,-45.338,0.686,0.1862,284.586,-19.919,-15.767,25.356,-22.465,0.0,471.932,44.005,-144.3,43.674,6441.207,0.4407,46.076,0,0,0,0
2527,10,-27.647,-29.544,-19.63,-29.447,0.7952,188.33,4.497,-52.116,-23.408,3.927,0.7524,168.604,-80.636,-22.203,-72.617,203.191,0.4277,68.63,1,1,0,1
1523,5,12.292,-2.323,-39.08,12.775,0.3315,408.405,-16.465,10.179,-41.741,-17.352,0.0877,201.204,-16.469,-97.585,-15.162,2226.338,0.3641,42.613,1,0,0,0
176,10,-14.629,-35.431,-58.736,-15.85,0.7461,199.997,-19.598,-9.079,-2.364,-19.504,0.2226,162.22,-6.926,42.304,6.756,2467.972,0.6584,69.328,0,0,0,1
4754,5,2.702,-28.161,47.717,-0.67,0.0,29.167,18.078,-8.154,27.961,17.964,0.054,380.34,64.365,-53.653,66.045,4979.391,0.1316,13.885,0,0,0,0
3517,3,-41.719,-15.903,-27.185,-39.467,0.0662,442.2,-5.615,30.052,-32.008,-7.449,0.0,211.75,-1.319,89.695,-0.149,5743.418,0.2464,14.799,0,0,0,0
3649,3,15.485,-19.244,-32.04,17.792,0.0768,301.31,29.549,13.907,-67.529,27.785,0.1161,158.691,-18.337,140.152,-11.519,817.828,0.1295,23.253,1,0,0,0
4393,5,-4.934,-18.624,66.999,-1.579,0.0035,355.879,12.471,-7.381,-2.144,15.663,0.0241,246.064,-4.245,-15.219,-6.224,3243.484,0.4176,28.662,0,0,0,0
4738,5,5.332,-28.187,0.272,6.45,0.0,17.268,-4.162,-10.777,-21.338,-4.714,0.0804,374.436,-49.089,-146.91,-58.093,8813.518,0.2358,16.982,0,0,0,0
2442,3,-6.659,2.338,-73.038,-5.231,0.0602,293.449,-3.405,-7.084,-12.709,-5.162,0.012,176.983,13.122,-165.182,17.3,4529.314,0.1453,43.662,0,0,0,0
718,5,-29.987,34.337,-34.118,-29.107,0.0848,477.665,-0.715,-12.017,-5.609,-3.26,0.139,196.754,-19.658,-47.89,-27.647,2958.461,0.2705,22.237,0,0,0,0
3309,10,-2.281,22.839,-67.152,1.605,0.2405,481.428,-8.161,-24.225,-8.89,-9.732,0.0,292.003,58.946,0.453,74.235,4142.95,0.1671,9.977,0,0,0,0
2285,10,-1.445,-23.067,10.141,-4.425,0.0471,482.008,21.501,-2.964,7.359,23.986,0.0583,238.393,-54.2,-0.632,-53.221,2383.096,0.113,7.309,0,0,0,0
1212,10,-5.827,-33.888,-10.904,-6.896,0.0649,713.973,2.895,1.74,-15.823,2.612,0.0,206.347,14.964,-163.526,23.168,6567.413,0.1088,14.352,0,0,0,0
483,5,5.377,-18.378,-95.061,4.544,0.0,254.28,6.314,13.668,-17.773,6.419,0.0211,155.184,36.637,114.532,33.524,1627.074,0.0237,3.527,0,0,0,0
993,5,1.302,23.258,-12.285,-0.883,0.0048,622.531,-3.132,26.924,-27.328,-0.585,0.2063,78.305,-7.348,83.506,-16.221,1682.454,0.2229,13.906,0,0,0,0
971,5,8.179,2.339,44.406,5.475,0.1089,491.881,-32.317,7.011,-22.949,-33.207,0.0918,143.116,-17.143,-110.876,-7.851,1703.175,0.1697,24.78,0,0,0,0
4642,10,-17.41,-18.683,12.213,-19.609,0.083,394.061,6.098,-17.11,4.778,6.563,0.2066,278.851,2.254,-23.435,9.639,4676.702,0.0241,0.0,0,0,0,0
4997,10,8.984,10.646,-23.366,10.563,0.0,411.818,-7.881,16.249,44.631,-8.32,0.0489,183.436,-17.339,41.905,-18.869,4124.293,0.155,31.535,0,0,0,0
2444,3,-16.417,-26.698,-24.27,-14.39,0.1348,514.664,-0.452,-15.398,22.018,3.155,0.0,372.001,71.956,118.364,78.064,1062.32,0.0359,3.035,1,0,0,0
4747,3,11.753,-19.176,-48.572,10.945,0.1522,277.817,-7.399,-20.63,-12.89,-7.7,0.0693,74.018,43.037,-45.948,45.877,5293.891,0.3027,37.185,0,0,0,0
4461,5,-4.857,48.864,3.527,-3.325,0.1839,125.678,2.954,0.724,-0.165,6.69,0.1388,745.692,31.649,-27.681,28.715,2507.217,0.0899,9.471,1,0,0,0
2680,10,-28.162,-37.422,-38.33,-27.63,0.0942,627.944,28.639,-19.424,29.658,26.368,0.1297,252.115,12.356,-10.362,22.379,5901.143,0.4123,28.71,0,0,0,0
1699,5,5.358,-25.437,-14.996,5.652,0.2943,569.259,2.312,-8.816,-2.873,0.117,0.0785,367.208,-20.283,78.411,-23.916,2601.634,0.1239,43.941,0,0,0,0
1710,5,-2.179,-12.857,-33.057,-1.851,0.6957,434.123,-1.012,-22.934,-13.332,-3.609,0.2133,83.145,2.435,25.852,-6.522,4824.928,0.9155,100.0,1,1,0,1
1343,3,-22.861,6.165,-21.888,-26.535,0.0215,471.419,6.191,-0.025,43.8,4.261,0.0,331.864,-25.952,30.235,-11.319,5593.91,0.3444,16.073,0,0,0,0
3498,10,7.826,3.101,-12.357,7.651,0.2411,415.789,-3.254,4.053,2.21,-0.557,0.038,567.051,45.348,109.884,46.047,925.007,0.2627,7.972,0,0,0,0
3532,10,-5.332,-15.26,-33.313,-7.476,0.4435,108.824,-3.587,-27.047,-4.38,-3.104,0.1177,101.288,2.177,99.395,-3.388,2073.53,0.5713,72.424,1,0,0,1
4168,5,-10.784,-14.888,1.504,-10.628,0.0,442.785,-30.025,4.58,-31.779,-31.95,0.0,111.235,75.666,48.087,91.61,998.767,0.3153,5.382,1,0,0,0
4820,10,18.288,-23.538,68.939,15.369,0.0064,362.155,3.488,-42.354,11.881,7.2,0.0,26.621,44.531,83.602,42.606,4666.945,0.3481,28.625,1,0,0,0
4884,3,-11.783,-49.038,-100.0,-11.001,0.9139,276.622,-19.57,-20.238,-52.337,-22.926,0.058,183.966,-34.889,-172.582,-30.626,1781.524,0.689,100.0,1,0,0,1
3596,3,-14.537,-27.744,-71.286,-16.516,0.5304,307.963,-29.047,-27.254,-28.65,-29.152,0.3241,218.184,-7.709,-233.542,8.274,9204.384,0.4307,100.0,1,1,0,1
1294,5,-12.423,7.489,-51.573,-13.866,0.1248,117.766,12.033,29.111,56.348,12.244,0.0,410.752,41.916,-14.214,49.007,4803.218,0.1964,0.28,1,0,0,0
4861,5,-2.985,9.893,22.942,-3.771,0.2262,29.787,-3.644,12.384,23.24,-3.58,0.0638,156.637,-4.627,-29.947,-5.059,3247.152,0.3618,4.002,0,1,0,0
1936,5,-0.869,-5.931,55.639,-3.661,0.0458,400.862,-12.356,11.678,5.354,-10.971,0.0,450.939,-5.504,-34.34,-1.95,2178.282,0.2328,21.488,0,0,0,0
1914,3,6.862,23.168,-20.076,8.852,0.0,562.161,-6.609,6.601,-18.072,-9.035,0.0389,49.177,68.941,204.609,69.35,4682.516,0.346,8.123,0,0,0,0
183,5,15.45,5.627,-18.055,16.879,0.1873,358.455,-10.673,10.609,-6.822,-8.738,0.2297,186.058,-21.95,-138.373,-27.187,993.233,0.0,4.947,0,0,0,0
2038,3,-7.97,-53.327,-56.903,-7.813,0.8571,161.76,-7.589,-3.863,-5.773,-6.542,0.3472,188.531,-43.445,27.762,-44.076,1483.16,0.804,63.959,1,0,0,1
4912,5,-9.114,-25.928,-60.601,-6.676,0.3092,192.033,-3.823,-15.829,-23.701,-0.251,0.5037,291.823,-51.397,20.553,-57.047,912.315,0.9038,81.032,0,1,0,1
3759,3,-10.386,40.237,8.999,-10.686,0.0,362.381,-12.306,-22.069,-56.17,-12.991,0.1594,114.872,-54.584,-21.459,-61.241,2775.715,0.458,14.286,0,0,0,0
1927,10,3.22,42.536,-23.366,2.987,0.0,578.182,-0.316,8.129,26.652,-2.896,0.0,110.99,-10.174,96.177,2.309,2962.428,0.3635,22.369,0,0,0,0
471,5,-9.951,-44.329,-53.689,-9.728,0.5038,255.925,-13.063,-14.56,-26.563,-14.509,0.1729,22.507,-26.59,-36.133,-25.064,1421.892,0.8547,59.555,1,0,0,1
4928,5,-1.496,34.337,17.164,-1.361,0.1218,13.941,13.832,5.108,54.481,13.763,0.0415,445.934,31.251,85.836,32.614,6246.295,0.4593,0.0,0,0,0,0
1909,10,-19.569,-64.012,-3.879,-20.646,0.9164,181.901,-6.452,-9.578,-8.647,-7.445,0.2466,257.775,-59.881,-156.127,-44.518,5361.974,0.6999,39.42,0,0,0,1
4285,3,-32.523,10.198,-5.722,-31.656,0.0,43.427,17.106,-27.955,17.826,18.117,0.1268,193.874,-30.718,29.346,-35.334,2876.742,0.3882,20.435,0,0,0,0
1862,3,-11.031,21.045,17.673,-10.256,0.0943,507.734,2.328,-27.778,4.037,2.732,0.0632,281.289,8.798,55.204,-1.804,5183.416,0.0502,6.073,0,0,0,0
1849,3,-27.147,-25.094,-75.509,-29.532,0.6734,72.616,-5.112,-0.043,0.307,-7.15,0.598,174.687,-73.235,3.224,-77.869,2854.192,0.8731,82.876,0,0,0,1
3850,3,-21.558,-24.964,-100.0,-21.454,0.8242,153.934,-12.067,-32.28,-46.426,-10.306,0.6547,154.549,17.509,42.676,14.199,4542.869,1.0,89.253,1,0,0,1
182,10,-14.195,-26.917,11.668,-17.161,0.0,61.543,2.044,28.47,63.22,-1.14,0.195,658.775,18.039,-127.225,28.482,425.574,0.224,13.828,0,0,0,0
3135,3,-15.276,-30.029,-52.498,-16.06,0.5976,279.028,-2.847,-18.416,-26.299,-1.468,0.2301,168.149,-38.369,-192.614,-44.345,4094.169,0.7285,56.475,1,0,0,1
680,10,-36.377,-58.689,-15.732,-33.195,0.7686,336.376,-9.483,-20.634,-29.235,-5.456,0.2527,13.562,31.297,-17.17,40.872,317.731,0.831,61.324,0,0,0,1
2797,5,-31.144,-42.813,-98.632,-28.53,0.6223,139.141,-6.882,-18.161,-32.157,-7.296,0.3853,211.792,-40.144,51.64,-32.689,77.515,0.5295,70.11,0,0,0,1
4541,3,-15.72,-16.951,1.438,-15.312,0.127,271.285,-11.32,-19.933,40.967,-7.537,0.0861,174.675,15.362,-99.567,22.21,779.827,0.1685,3.788,0,0,0,0
3241,3,-22.557,0.332,-21.514,-20.948,0.6497,314.973,-4.085,-13.409,-22.954,-6.341,0.2079,366.866,0.813,-104.661,15.043,244.658,0.4436,42.411,0,0,0,1
1655,3,17.508,10.442,2.699,20.39,0.0313,113.342,2.589,4.28,-23.445,0.021,0.0755,598.465,28.632,44.631,28.8,6517.014,0.3752,18.01,0,0,0,0
4919,5,-0.179,-41.61,-59.268,-1.923,0.2974,323.722,-6.627,-19.194,-48.974,-6.559,0.604,309.671,-59.774,-25.497,-60.882,3306.927,0.9169,45.428,1,0,0,1
2470,10,16.601,-4.983,-30.816,17.079,0.0562,504.935,-27.197,33.539,5.706,-24.84,0.0754,285.976,22.916,-138.545,26.026,4745.732,0.4592,23.637,0,0,0,0
2924,3,10.736,23.496,25.241,12.319,0.0916,237.15,-19.279,5.956,15.029,-19.317,0.0987,251.724,-0.845,38.749,8.196,364.626,0.3516,39.362,0,0,0,0
1293,5,22.59,-31.545,-51.151,22.575,0.028,561.172,12.317,-11.01,-12.466,10.893,0.0629,330.42,5.819,-79.029,13.909,5238.565,0.0,26.527,0,0,0,0
3184,3,-13.048,-19.744,-84.817,-13.235,0.5601,250.275,-11.746,-22.143,-22.998,-12.115,0.4349,152.952,-30.441,-0.646,-42.379,376.683,0.7787,100.0,0,1,0,1
3780,3,-8.686,-6.221,-25.1,-9.934,0.0003,176.733,16.459,-4.611,30.423,20.248,0.0,134.277,13.362,36.718,9.467,1432.798,0.0907,4.598,0,0,0,0
4614,10,-9.878,-48.283,69.284,-7.641,0.0,339.077,2.016,12.547,-13.984,1.813,0.0797,214.214,-56.919,-51.607,-67.975,829.62,0.0863,24.85,0,0,0,0
679,10,-32.539,-35.199,-37.964,-30.727,0.0918,267.597,-11.853,8.01,43.981,-11.79,0.1166,151.489,21.714,136.62,32.158,5739.957,0.2154,0.0,0,0,0,0
4212,3,-3.58,-2.668,21.378,-1.991,0.0633,469.146,19.281,11.024,32.685,21.599,0.0105,148.482,65.842,-17.695,75.008,7348.668,0.0255,15.916,0,0,0,0
1178,10,-35.907,19.735,-41.128,-38.353,0.0792,299.418,1.199,-0.288,25.943,3.072,0.0258,514.237,13.042,1.685,5.239,4799.393,0.228,25.313,0,0,0,0
4110,5,2.278,-4.373,-62.616,1.514,0.1266,595.557,-11.482,13.489,-21.996,-9.956,0.0889,245.115,-29.368,-60.451,-26.177,6135.116,0.1139,13.502,0,0,0,0
4741,3,1.703,-9.811,44.25,3.886,0.0,468.018,-14.603,40.452,-9.828,-15.12,0.099,290.22,-46.695,82.726,-58.187,409.319,0.0593,39.1,1,0,0,0
2121,5,-18.905,-15.918,-5.955,-19.995,0.1963,596.693,-6.376,-42.934,7.832,-9.491,0.0613,199.962,27.103,-65.991,39.978,550.062,0.1167,2.127,0,0,1,0
3470,10,-17.512,-2.653,-66.206,-17.951,0.0462,459.688,1.549,6.574,20.956,3.432,0.1008,238.428,40.004,-14.388,50.667,4485.725,0.3975,36.617,0,0,0,0
788,3,-14.86,9.041,36.708,-15.608,0.2427,507.023,-2.115,27.022,25.282,-4.094,0.0,400.931,8.985,21.957,19.281,2290.257,0.1894,25.649,0,0,0,0
297,3,15.321,-17.484,40.099,15.065,0.1234,349.811,-1.128,-27.809,-19.042,0.15,0.1055,25.959,50.079,-78.254,45.979,3760.904,0.1221,29.3,0,0,0,0
4465,3,-4.46,-34.874,9.174,-5.57,0.0174,155.541,-27.604,33.696,-28.109,-23.806,0.1193,325.294,-1.773,-30.242,-4.666,6428.747,0.3285,3.342,0,0,0,0
2708,5,0.244,34.635,2.341,-0.74,0.0845,251.967,26.129,-0.865,0.351,24.605,0.117,307.182,39.542,11.213,41.432,3224.693,0.0,39.749,0,0,0,0
4931,3,-0.691,-89.102,1.464,-1.047,0.1184,121.808,7.258,28.581,-12.138,8.116,0.045,253.695,1.39,176.426,-5.727,2120.84,0.3808,51.595,0,0,0,0
4445,5,-2.803,-15.764,12.631,-0.295,0.1263,25.667,-16.242,14.112,16.726,-17.317,0.189,379.638,-38.814,56.66,-33.603,3557.899,0.2641,9.229,0,0,0,0
4242,5,9.839,0.16,8.524,10.393,0.0629,245.977,6.213,1.231,-15.037,6.069,0.0,59.61,-9.018,-108.875,-12.46,2497.72,0.1082,8.465,1,0,0,0
791,5,15.422,-4.003,50.234,17.537,0.069,19.558,0.181,-1.892,24.507,-0.704,0.1381,418.843,-3.759,42.444,-1.277,1507.066,0.3018,29.066,0,0,0,0
414,5,38.337,43.856,-13.297,39.627,0.2164,385.325,-6.635,13.145,-2.596,-9.51,0.0,198.424,-5.462,4.684,1.399,1488.648,0.3387,4.673,0,0,0,0
3746,5,-11.857,30.122,-8.403,-13.789,0.0,453.917,-5.871,-18.159,-21.999,-6.642,0.0,404.344,38.216,-111.949,31.786,643.136,0.4653,0.858,0,1,0,0
4023,5,21.287,32.745,-12.818,20.66,0.007,243.087,0.022,-16.133,-14.216,1.624,0.0,232.755,7.229,-14.661,11.165,789.812,0.1922,17.738,0,0,0,0
3443,3,5.632,-5.882,-23.974,3.955,0.0,102.01,2.163,4.222,-36.064,2.566,0.0,311.043,-21.253,50.109,-22.819,517.849,0.1315,0.0,0,0,0,0
1225,10,-13.733,-29.741,-73.907,-13.058,0.5023,329.567,-14.564,-14.15,-35.531,-11.845,0.191,128.786,32.369,-77.188,48.285,3532.386,0.6468,74.154,1,0,0,1
3308,3,-12.7,-15.065,-0.121,-15.382,0.2101,151.011,-27.455,6.095,73.569,-28.776,0.0548,284.973,-42.02,23.489,-43.641,4026.327,0.5522,18.539,0,0,0,0
3904,3,-17.488,-0.6,25.454,-12.774,0.0,265.394,-9.012,-2.282,47.298,-6.539,0.0,550.374,-54.903,-12.183,-40.392,1829.019,0.2024,36.162,0,0,1,0
1249,5,-16.536,-31.531,-71.472,-15.864,0.2361,60.522,-9.899,-36.346,-27.861,-13.275,0.3101,222.364,-35.175,23.71,-40.586,592.773,0.7214,69.711,1,0,0,1
2427,3,9.123,-8.311,-29.921,8.18,0.0068,203.735,8.042,-37.619,19.139,10.901,0.2757,149.128,4.203,-8.464,3.818,4816.161,0.3346,0.0,1,0,0,0
2992,3,0.042,-9.449,-50.438,0.578,0.0419,390.081,-2.926,-21.773,31.736,-5.616,0.0176,427.624,48.452,-84.815,43.096,61.817,0.1731,14.377,0,0,0,0
135,10,-1.707,-69.136,-22.265,-1.728,0.4335,191.156,-14.173,-6.23,9.225,-15.127,0.4153,208.109,-26.533,-56.698,-31.508,5247.372,0.8086,81.114,1,0,0,1
354,10,-17.257,68.873,2.281,-19.478,0.0973,474.012,5.915,-9.205,65.657,7.7,0.1442,317.278,0.091,-98.123,3.59,3741.589,0.2694,24.165,0,0,0,0
586,3,-13.413,-53.386,-59.473,-14.244,0.4259,165.41,-6.136,-15.907,-14.505,-5.789,0.4853,65.735,-38.771,103.761,-46.071,2782.006,0.6068,86.504,1,0,1,1
4177,10,4.353,6.776,28.837,3.119,0.031,164.981,-1.026,20.08,-25.125,-2.623,0.1739,450.847,42.486,-76.619,45.058,687.04,0.1624,10.488,0,0,0,0
1244,3,20.59,10.44,26.409,19.667,0.3111,407.583,8.764,-16.039,1.913,7.661,0.0546,381.228,-24.338,41.826,-22.475,653.589,0.5199,7.12,0,1,0,0
3268,10,-0.097,3.283,-1.615,-1.846,0.0784,116.113,37.479,10.423,20.58,36.847,0.0,154.68,15.147,-49.578,12.212,9613.717,0.0435,31.586,0,0,0,0
348,10,2.572,-41.678,-61.393,4.755,0.5109,96.976,-14.399,43.026,29.68,-11.777,0.1276,24.675,-28.668,87.887,-32.596,5026.112,0.2247,48.685,1,0,1,0
2348,5,4.564,-3.483,48.908,4.108,0.0,94.39,-20.146,-1.083,-4.137,-24.134,0.1662,55.831,-23.169,62.92,-37.301,2390.007,0.0,0.0,0,0,0,0
764,3,-8.416,-4.439,5.03,-7.004,0.0164,261.303,-5.607,17.596,-55.541,-2.706,0.1783,351.334,-51.177,-194.031,-48.689,3304.251,0.4516,22.593,0,0,0,0
1993,5,6.986,-32.788,-51.185,8.456,0.3688,199.186,7.734,-3.99,-7.684,9.143,0.2148,208.542,29.603,36.534,27.121,6100.648,1.0,72.936,1,0,0,1
3921,3,-0.027,-5.519,25.88,-3.229,0.1538,360.486,9.717,-28.509,-12.821,10.576,0.0,233.748,45.745,74.591,33.811,5155.813,0.251,14.067,1,0,0,0
261,10,-34.875,-17.498,-35.236,-32.003,0.0,488.31,-8.193,15.384,25.754,-9.964,0.1759,223.673,-2.096,-68.55,6.533,5061.701,0.085,0.3,0,0,0,0
59,5,-14.791,0.028,-70.276,-15.205,0.4831,503.881,-4.005,-2.111,-23.383,-3.427,0.3352,1.968,-67.687,-59.046,-73.196,4047.86,0.7463,71.493,0,0,0,1
1871,3,-26.982,-28.142,-8.32,-26.973,0.0046,84.275,-0.719,34.263,13.699,-0.016,0.0449,208.085,-74.498,35.896,-63.224,1136.824,0.4108,19.69,0,1,1,0
3608,5,-5.933,-28.976,-95.558,-3.77,0.0109,392.951,-6.529,-2.653,-7.893,-6.637,0.0885,309.438,-44.599,8.059,-32.251,3101.593,0.232,22.092,0,0,0,0
4324,3,-8.578,-15.92,-2.118,-9.513,0.0745,316.4,-17.263,-35.869,-7.367,-15.436,0.0,444.989,6.978,-198.716,1.377,9416.491,0.2217,0.0,0,0,0,0
942,3,-0.293,-16.208,13.465,-0.142,0.0,196.068,1.526,-0.956,-50.122,2.731,0.0316,340.632,13.767,84.119,32.513,2187.513,0.0,0.0,0,0,0,0
4182,10,-8.426,-16.901,-49.235,-9.49,0.32,203.214,-5.745,16.3,26.493,-7.415,0.1138,552.128,9.774,-74.594,10.324,499.781,0.5235,43.453,0,0,0,0
2522,5,-17.233,4.151,5.371,-17.164,0.0366,550.128,10.799,-6.752,-16.91,9.777,0.1165,222.635,12.5,-113.165,4.965,2653.668,0.2759,18.752,0,0,0,0
886,10,-7.756,-28.764,-14.006,-7.353,0.4076,328.257,2.075,5.033,47.559,-0.283,0.1322,171.528,33.034,138.52,35.33,2532.363,0.0077,52.419,0,0,0,0
4128,10,-8.333,-39.915,19.261,-10.67,0.0618,708.322,-4.656,42.453,10.449,-8.21,0.123,366.85,-91.618,11.308,-89.805,3669.574,0.0758,24.877,0,0,0,0
4443,5,-19.666,-36.755,-91.295,-19.891,0.4036,448.177,-0.946,-27.102,4.861,-0.613,0.4255,304.058,-17.585,-46.614,-16.904,4163.848,0.7176,61.494,0,0,1,1
431,3,-22.202,-14.235,-9.394,-23.013,0.1587,406.299,-11.667,24.076,27.548,-12.441,0.1302,342.271,2.782,-22.385,-7.4,2334.269,0.0793,0.0,0,0,0,0
4780,10,-2.898,7.109,8.308,-0.591,0.2252,47.438,17.735,3.374,-28.933,18.751,0.0825,265.547,32.53,56.07,48.815,2664.555,0.1463,11.197,0,1,0,0
2550,10,-18.571,-48.44,-7.74,-22.19,0.5505,383.263,-0.965,-11.534,-45.814,0.862,0.2447,141.85,-15.702,-42.92,-16.03,2738.329,0.829,100.0,1,0,0,1
1719,10,-5.175,-31.107,-30.306,-7.444,0.2466,678.808,-5.282,-8.847,-5.011,-7.498,0.0,229.8,-55.404,1.805,-52.055,7782.242,0.4811,47.807,0,0,0,0
4736,3,-8.956,-45.764,-79.813,-9.445,0.5008,48.016,-10.447,-26.512,-47.559,-6.582,0.0,0.796,41.463,-8.841,38.111,5009.862,0.5291,79.477,1,0,1,1
832,5,-26.346,-27.042,-82.858,-23.895,0.1823,283.737,-6.185,-25.39,-38.691,-9.342,0.2002,93.588,-66.819,-157.097,-62.456,3330.057,0.7278,98.358,1,1,0,1
4113,5,-8.93,27.722,72.604,-7.9,0.232,356.447,-7.672,-8.15,-1.384,-8.916,0.2497,161.468,-47.111,-11.914,-48.684,8992.729,0.5873,4.078,0,0,0,0
928,3,19.609,-17.62,-68.812,16.848,0.0212,470.894,-12.216,-20.379,-5.951,-11.875,0.0504,622.863,16.841,14.367,2.31,6690.499,0.3177,8.338,0,0,0,0
3145,5,-16.836,14.224,-5.188,-16.184,0.2363,24.914,15.022,-21.895,-4.465,15.801,0.0,7.944,-2.541,74.751,-13.491,118.955,0.121,0.0,0,0,0,0
2576,3,10.093,40.327,-13.343,10.646,0.086,470.359,-7.548,30.035,25.43,-6.86,0.1705,190.585,-13.254,47.598,-19.226,2787.615,0.1308,21.425,0,0,0,0
1824,3,-16.339,-46.977,-5.983,-16.872,0.0,213.624,6.466,-20.122,4.771,6.829,0.2065,386.109,47.593,-47.764,49.626,7798.0,0.0869,16.905,0,0,0,0
2972,3,1.31,-19.697,-21.023,-0.628,0.8428,398.542,-12.402,-48.153,-6.928,-13.129,0.0,400.353,34.609,170.77,46.468,8075.478,0.3102,64.09,0,0,0,0
873,5,-7.072,7.02,-17.7,-6.744,0.034,415.067,8.541,-10.068,-5.406,8.885,0.0092,425.845,16.935,74.347,13.814,1959.169,0.4248,0.0,0,0,0,0
3208,3,19.078,-4.198,-33.592,20.473,0.0875,928.856,-2.81,16.582,21.941,-4.903,0.0732,380.491,-11.651,122.941,-34.771,3442.715,0.3167,18.987,0,0,0,0
2378,3,16.954,-31.794,-30.417,14.685,0.2259,214.172,-4.419,-0.887,-11.165,-5.753,0.0384,191.154,-57.294,90.947,-45.73,762.085,0.248,50.31,1,0,0,0
2228,3,-0.589,-63.327,-34.922,1.355,0.3152,450.335,9.267,-26.121,-2.877,10.481,0.0,265.351,-85.411,3.197,-86.627,2682.496,0.4944,43.126,0,0,0,0
76,5,-0.571,-6.743,5.54,-5.036,0.0,431.488,-18.521,57.314,-23.53,-18.6,0.1302,532.919,-33.853,81.472,-40.412,1987.922,0.3726,17.243,0,0,0,0
4911,5,22.82,4.552,-22.603,19.226,0.1321,354.596,8.254,-2.242,-17.507,5.476,0.0,121.409,31.513,-96.301,38.352,4164.661,0.5159,25.6,0,0,0,0
1846,5,5.664,3.532,-21.046,4.886,0.1153,301.497,-4.656,0.295,-14.461,-5.061,0.0,400.565,-15.192,-76.252,-11.102,4998.826,0.3086,22.102,0,0,0,0
3789,5,3.219,-4.103,-71.369,4.528,0.1818,220.82,5.754,9.748,5.862,6.836,0.0,348.91,59.763,-53.029,74.024,4127.439,0.318,56.38,0,0,0,0
3721,3,0.652,-33.122,-56.813,-0.731,0.7041,166.666,-6.949,-0.714,-48.814,-3.697,0.3894,145.071,-56.369,22.212,-54.793,3422.783,0.8341,69.438,0,0,1,1
823,10,-16.246,-34.658,-68.966,-16.963,0.3054,169.896,-22.032,-22.978,6.683,-25.89,0.0369,400.655,-10.167,68.479,-14.94,6491.643,0.261,62.556,0,0,0,0
4757,10,-5.009,7.908,-60.976,-7.034,0.0,510.053,-11.571,14.421,-12.766,-14.521,0.1966,57.111,-41.786,-48.602,-30.722,3985.564,0.0,34.01,0,0,0,0
1320,5,10.206,-6.535,9.987,8.924,0.098,87.746,-14.918,-21.204,11.766,-15.746,0.0,429.404,-19.251,56.044,-16.495,3080.508,0.2583,5.683,0,1,0,0
3361,10,-2.122,12.148,-63.074,-2.306,0.0947,463.207,1.194,-10.707,25.978,3.259,0.2633,266.239,-59.296,-24.212,-74.528,4682.903,0.2879,13.149,0,0,0,0
1599,5,22.649,3.547,38.409,23.075,0.0,592.48,-10.584,13.775,25.421,-9.368,0.1146,133.724,-35.921,-75.656,-31.296,3306.344,0.4291,49.467,0,0,0,0
4584,3,-22.339,-25.116,-65.627,-25.555,0.6609,1.533,-15.704,-17.992,-37.023,-16.476,0.2017,29.31,-2.481,-177.934,-9.211,5382.759,0.5192,54.319,0,0,0,1
1458,10,2.976,27.472,-36.051,5.963,0.0968,324.449,-2.753,-6.636,83.001,-2.325,0.0,164.262,-54.486,-143.044,-54.596,4143.2,0.3089,23.671,0,0,0,0
1205,3,21.021,-10.84,-10.87,20.183,0.1191,371.158,-8.974,-17.925,-19.58,-9.368,0.033,339.588,-32.998,-1.664,-30.968,6405.848,0.2821,23.246,1,0,0,0
3919,3,-17.424,-7.168,-60.299,-20.735,0.9181,92.278,-8.403,-14.949,-71.1,-11.386,0.0438,40.816,-80.917,67.778,-82.138,3960.655,0.5509,76.432,1,0,1,1
3625,10,-18.199,-54.06,-77.905,-19.682,0.4666,302.991,-4.726,-19.377,-12.944,-7.22,0.2712,216.867,14.729,22.012,22.754,3154.335,0.7182,60.815,0,0,1,1
2617,10,-1.778,-7.342,-27.718,-0.482,0.0347,397.065,-6.927,4.411,1.718,-8.253,0.0444,515.577,-25.33,-72.546,-30.03,29.579,0.4231,17.233,0,0,1,0
4759,5,19.899,0.021,-0.815,18.696,0.0734,442.138,-15.813,-11.571,-13.631,-13.639,0.2493,10.699,-20.592,23.059,-32.262,1322.061,0.2482,15.558,0,0,0,0
2013,3,-4.986,-54.42,-45.092,-1.649,0.2832,38.317,-15.576,-23.431,-25.214,-13.474,0.4518,266.759,9.389,-165.958,12.887,5410.563,0.9342,71.018,0,0,0,1
1465,3,-15.974,-51.827,-94.634,-16.938,0.8362,125.7,-3.535,4.61,-38.22,-5.925,0.4313,92.42,-4.406,-205.636,-1.6,588.545,0.5187,58.295,1,0,0,1
1773,5,-19.901,21.193,29.714,-17.557,0.0586,216.192,2.968,-14.315,-10.769,1.159,0.0702,317.789,1.523,54.773,2.966,3461.762,0.085,12.452,0,0,0,0
3064,10,2.552,34.145,37.954,3.648,0.0355,641.218,11.045,19.483,-19.199,8.608,0.0833,422.597,-4.014,-107.784,3.5,1211.632,0.4194,25.592,0,0,0,0
1047,10,-24.659,-46.476,-65.929,-22.149,0.7246,230.37,-8.72,-38.901,-18.435,-4.59,0.3376,198.042,9.791,110.543,7.706,1532.404,0.6749,72.679,1,0,1,1
3663,5,11.967,2.88,-70.189,6.806,0.1497,550.024,12.701,-5.566,-5.068,9.0,0.0713,251.49,-1.009,49.128,-2.587,250.755,0.0,22.324,0,0,0,0
4374,3,2.916,43.964,-22.264,5.991,0.0,466.043,-13.247,0.538,-27.019,-13.162,0.0302,289.256,10.906,5.101,8.572,4315.255,0.2061,0.0,0,0,0,0
355,10,6.033,-20.289,3.122,2.071,0.0257,379.894,2.875,23.651,41.589,3.309,0.0094,366.706,28.896,95.691,15.248,4346.151,0.2638,0.0,0,1,1,0
2254,5,-11.414,36.794,9.809,-9.099,0.0549,46.241,10.921,3.837,6.551,11.499,0.0971,414.897,-20.424,-61.387,-12.0,6461.911,0.0,10.474,0,0,0,0
1163,10,-10.538,-49.32,31.642,-7.334,0.1611,120.304,9.087,-45.735,-4.49,11.374,0.1855,353.923,-23.296,-144.498,-37.124,274.861,0.0674,3.386,0,1,0,0
4083,3,-10.061,-41.311,-36.987,-9.558,0.7125,215.451,-13.249,-2.95,-29.653,-14.398,0.3412,20.553,-54.361,-191.249,-64.185,388.784,0.612,73.786,1,0,0,1
1524,10,-10.265,-10.697,7.472,-11.408,0.838,191.946,-3.112,-16.353,-17.877,-0.579,0.3676,97.015,-33.796,60.464,-29.341,244.619,0.7141,77.881,1,1,0,1
2607,5,-1.525,14.307,-36.102,-3.775,0.2706,16.576,1.585,20.625,26.758,-0.459,0.0893,416.971,-73.896,195.835,-76.58,5539.653,0.2298,13.469,0,0,0,0
4456,10,3.655,-5.962,38.42,1.085,0.1408,786.223,-6.115,-9.729,8.844,-6.46,0.1337,181.205,10.57,88.977,17.806,1751.405,0.2422,17.243,0,0,0,0
1189,3,-13.78,-11.621,-55.589,-17.214,0.5503,296.607,-3.519,-12.752,-19.074,-2.07,0.2619,52.404,-77.944,77.26,-79.27,2865.11,0.6532,40.631,1,0,0,1
3967,3,-13.583,-8.09,-52.38,-16.675,0.0,585.172,3.236,-3.085,1.331,0.536,0.0474,389.202,-23.781,69.69,-39.383,3425.075,0.0853,42.545,0,0,0,0
1008,3,-27.365,-23.615,-54.155,-26.986,0.335,424.736,-14.166,-21.734,-3.037,-14.448,0.3462,160.727,1.673,74.598,3.625,413.153,0.5102,75.316,0,0,1,1
4129,3,-14.187,-13.812,-67.462,-13.97,0.7349,342.417,-6.174,-11.494,-41.806,-7.912,0.3681,221.956,-63.975,-146.521,-64.806,3506.937,0.7256,81.048,0,0,1,1
277,5,14.065,-16.653,-40.223,15.524,0.0271,596.605,3.826,-5.856,-22.59,1.762,0.1057,337.492,-68.115,-148.952,-74.684,4773.547,0.0509,7.362,0,0,0,0
3922,3,-16.609,-34.057,-32.524,-17.049,0.365,296.502,-6.914,-18.073,-18.584,-6.931,0.5431,282.315,-84.464,-74.858,-83.893,2733.053,0.6143,50.014,0,0,0,1
3826,3,10.518,35.022,-4.733,11.402,0.1731,876.434,-12.892,2.061,-24.713,-10.989,0.0,192.96,2.455,-3.432,4.489,1053.566,0.3307,15.778,0,0,0,0
476,5,-6.768,-64.539,-58.404,-6.613,0.3822,274.659,-1.934,-4.767,-20.035,1.397,0.4626,196.902,-1.162,16.709,-12.405,4932.86,0.6779,66.67,0,0,0,1
417,5,-21.501,-11.557,-13.855,-23.131,0.7295,61.31,-21.242,-44.135,-21.459,-25.278,0.4504,161.172,-41.626,-86.615,-50.546,1064.619,0.649,53.081,1,0,0,1
3199,10,14.334,-30.508,41.967,12.241,0.1164,410.313,-9.573,-3.199,-17.193,-12.742,0.1899,435.502,-2.691,-254.14,-4.471,8024.938,0.2196,14.008,1,0,0,0
1930,3,16.973,1.765,-3.482,13.645,0.1846,389.764,-0.337,-3.6,8.048,-2.915,0.0508,55.158,-18.741,49.852,-3.658,5869.069,0.1716,0.0,0,0,0,0
4072,10,-14.752,-22.533,-46.713,-12.571,0.0,85.518,10.03,-10.907,28.053,6.504,0.0796,348.189,13.314,31.365,26.594,4045.509,0.0177,17.221,0,0,0,0
4311,3,-2.138,-13.226,-25.024,-3.322,0.1914,298.043,4.628,-5.388,7.022,5.708,0.0795,519.141,-14.335,-70.249,-8.658,1540.259,0.1929,29.966,0,0,0,0
2225,3,-16.614,-23.068,-50.988,-15.571,0.5729,264.322,3.192,-30.261,-50.191,2.153,0.0866,117.976,-46.118,-120.742,-41.712,1605.55,0.818,46.236,1,1,0,1
1436,10,-4.865,5.945,2.934,-0.64,0.0636,302.877,5.705,-28.359,-2.347,7.542,0.1337,294.887,-80.201,111.027,-81.314,2476.886,0.166,33.155,0,0,0,0
4734,3,7.773,-34.398,-43.642,7.735,0.5361,83.496,6.975,41.76,37.051,9.652,0.1676,159.831,-32.473,9.01,-32.962,911.291,0.1702,26.111,0,0,1,0
895,10,-1.607,53.619,-10.103,0.566,0.0,481.683,-16.262,-16.369,9.817,-21.27,0.0,347.765,31.471,-77.469,28.499,3104.249,0.2956,9.83,0,0,0,0
2179,5,-25.417,-3.679,-58.576,-25.559,0.4942,631.702,6.957,6.314,-2.737,10.078,0.0037,265.502,-33.509,56.464,-40.616,6032.667,0.4363,40.075,0,0,0,0
4612,10,-13.723,3.559,8.745,-11.026,0.1186,378.588,-9.699,-9.056,-16.805,-8.309,0.0,270.692,40.379,63.161,24.309,3053.977,0.0,34.916,0,0,0,0
1864,3,-6.058,-7.57,3.226,-8.746,0.2168,452.711,4.476,-26.679,40.102,4.133,0.0647,206.357,20.895,-63.181,25.519,1154.857,0.0,9.907,0,0,0,0
4195,5,-1.295,-43.871,-28.3,0.683,0.0292,721.042,-1.529,10.641,6.132,-0.759,0.0668,135.958,37.585,-55.751,32.483,4063.469,0.0,48.114,0,0,0,0
2729,3,-17.668,40.499,9.537,-18.722,0.0,250.256,4.572,-9.995,22.521,3.451,0.0,411.51,6.665,74.324,-9.888,4609.594,0.4324,21.673,0,0,0,0
2366,3,0.165,-12.517,-21.655,1.406,0.0,274.747,17.304,-2.16,28.809,16.721,0.167,554.91,13.286,68.159,13.558,2325.973,0.495,23.094,0,0,0,0
2789,10,-19.313,-18.193,-45.574,-20.817,0.8892,276.26,-11.596,-22.706,-24.633,-12.229,0.1974,214.858,73.524,-181.603,66.336,7648.141,0.6714,32.485,1,0,1,1
2411,5,5.111,5.282,24.089,7.461,0.0,566.099,-8.819,3.009,-0.738,-8.405,0.1992,315.001,-10.429,-87.487,-16.972,2597.45,0.1376,1.514,0,0,0,0
3334,5,10.157,13.792,-32.26,8.414,0.0251,722.359,15.897,-13.515,-8.487,13.729,0.0,183.28,-11.681,-27.754,-5.308,2578.716,0.2715,23.411,0,0,0,0
2759,3,-23.621,-30.502,-24.907,-24.022,0.5681,23.667,-3.622,-19.844,-14.844,-1.572,0.3159,130.078,-11.29,-32.287,-12.671,4355.381,0.6432,66.432,1,0,0,1
4794,10,0.102,1.345,-31.433,3.772,0.5431,5.999,-11.805,-33.432,-2.602,-9.829,0.3507,15.568,-103.449,-225.429,-107.4,405.858,0.695,61.6,1,0,1,1
782,3,-3.357,-2.416,25.676,-2.24,0.0006,430.329,0.162,-16.89,-14.946,-0.117,0.1183,421.731,-4.177,145.674,0.451,3246.134,0.0083,28.385,1,1,0,0
2396,3,-26.821,-38.603,-59.087,-26.044,0.3786,163.583,-19.816,-14.541,-19.624,-22.178,0.3246,12.212,9.516,-63.155,25.741,3170.699,0.662,84.141,1,1,0,1
3397,10,-20.41,-11.895,4.999,-19.389,1.0,452.952,-7.221,1.515,-35.829,-4.497,0.0322,86.546,-60.476,74.66,-57.484,2934.549,0.6016,87.322,1,0,0,1
3669,5,7.972,28.513,10.123,7.549,0.0,734.944,-15.413,-1.084,-18.455,-13.998,0.2268,452.509,-8.321,-69.546,-12.887,2049.923,0.1981,4.623,0,0,0,0
2331,10,5.333,-14.992,31.269,5.764,0.0267,343.22,-14.195,5.221,-31.925,-12.675,0.0358,506.607,-47.65,25.443,-48.671,562.105,0.2028,9.975,0,0,0,0
332,3,16.625,-3.166,-37.899,17.73,0.0707,246.783,4.17,-16.598,53.307,5.98,0.0542,445.209,-38.459,-37.63,-48.421,7002.302,0.2078,0.445,0,1,0,0
2942,5,9.781,-22.302,-41.755,6.7,0.5251,298.161,-24.718,-60.998,28.446,-24.965,0.0486,216.452,-26.566,38.286,-27.193,1508.69,0.4241,31.841,0,0,0,0
2358,10,-8.752,24.483,33.577,-9.737,0.0147,261.047,27.839,22.521,3.069,28.386,0.1374,79.354,-6.895,-95.95,3.42,1137.021,0.4798,14.913,0,0,1,0
3507,10,-14.972,-35.329,-39.551,-16.926,0.5814,112.26,-0.514,-17.193,-61.319,-2.722,0.264,145.689,-13.93,-30.075,-1.691,3482.805,0.7402,74.189,1,0,0,1
4702,10,-6.036,-2.585,-11.503,-4.252,0.0367,256.788,-9.351,26.128,-33.125,-9.911,0.0,147.552,-18.211,97.092,-26.906,173.437,0.5258,20.712,0,0,0,0
726,3,-13.178,-71.991,-65.241,-8.01,0.6841,115.16,-0.749,-32.751,-48.442,-0.274,0.2336,46.255,-45.537,-59.581,-48.886,3225.582,0.6302,50.285,1,0,0,1
4630,10,-13.968,-32.792,63.264,-16.751,0.2014,361.531,18.919,-16.322,-28.39,21.1,0.0446,381.195,-21.308,-0.515,-18.539,547.372,0.453,4.043,0,0,0,0
2352,10,-20.29,15.175,18.692,-21.962,0.0,410.081,-1.214,13.613,-18.908,1.021,0.0,468.663,40.517,3.267,53.126,4967.559,0.0,6.475,0,0,0,0
2773,3,-22.735,-53.532,-33.961,-20.428,0.7139,371.052,-3.776,-31.227,-31.494,-1.682,0.4658,287.518,5.629,-32.186,17.599,3266.655,0.5431,43.124,1,1,0,1
3529,5,2.834,-19.47,18.871,1.327,0.0191,203.096,-15.849,-33.616,8.057,-14.002,0.0,95.1,-5.868,-41.008,-2.767,7280.442,0.5094,9.311,0,0,0,0
3459,10,4.992,-18.987,39.51,2.911,0.2105,271.762,2.266,28.466,-25.533,0.152,0.0,212.868,35.151,-7.553,47.664,11.996,0.1113,8.863,0,0,0,0
1806,5,4.396,22.793,-3.905,5.433,0.3224,515.328,-19.51,22.312,48.397,-21.24,0.049,164.484,-2.054,22.598,-0.245,5997.842,0.1753,9.646,1,0,0,0
4275,10,8.151,42.884,-21.818,7.542,0.166,592.553,-6.492,1.179,14.544,-6.079,0.0,374.721,60.884,28.492,53.186,4723.168,0.1239,21.544,0,0,0,0
4372,5,-24.677,-30.783,-15.137,-23.122,0.4204,325.037,2.424,-38.933,-14.4,0.841,0.2983,109.8,73.744,-353.144,75.395,1519.02,0.7538,35.837,0,0,0,1
4652,10,-13.855,1.299,-37.522,-12.954,0.1825,435.306,-14.462,-37.447,-9.699,-13.819,0.1285,394.54,5.848,51.001,-5.762,938.704,0.2547,0.0,0,0,0,0
1653,10,-26.019,-34.605,-83.133,-22.44,0.4833,370.761,-14.615,-4.044,-18.879,-12.141,0.432,347.813,-37.287,-9.016,-37.802,1415.158,0.8289,70.962,1,0,0,1
714,3,21.941,-0.662,-23.797,23.871,0.1456,256.266,1.814,-8.331,-4.64,6.803,0.1873,398.48,3.61,245.313,2.852,7419.669,0.2251,0.462,0,0,1,0
1757,3,1.969,-3.906,-9.571,1.793,0.2488,595.799,15.394,6.673,-49.125,14.211,0.0251,457.535,18.729,-109.422,23.06,477.445,0.2277,33.417,0,0,0,0
1147,5,-5.851,-44.527,-34.711,-4.756,0.6798,156.803,4.48,-22.792,-11.581,5.551,0.1468,76.252,-10.446,-134.223,-14.89,2152.231,0.7743,67.254,1,0,0,1
708,10,-3.803,-39.29,-71.005,-2.192,0.4192,141.992,-22.126,-21.959,-47.633,-22.383,0.3922,57.179,8.677,144.99,17.237,984.438,0.8501,41.995,1,0,0,1
806,5,-9.681,-21.253,0.439,-10.81,0.3084,284.601,-21.708,8.034,-27.433,-23.13,0.7302,168.708,7.282,120.526,10.401,4721.01,0.8086,31.21,0,0,0,1
1162,5,-19.347,-26.886,-72.044,-15.468,0.7413,331.195,-6.999,-17.95,2.218,-6.983,0.3402,381.509,-33.591,-192.142,-37.865,645.153,0.489,68.342,1,0,0,1
4320,5,-5.925,-53.563,-40.01,-4.68,0.4215,418.512,-7.965,1.269,2.055,-5.586,0.2902,44.825,2.925,79.112,-7.112,2024.823,0.6418,89.955,1,0,0,1
2872,3,-18.854,-23.128,-46.459,-18.107,0.0489,259.684,-1.589,6.934,-19.103,-1.98,0.0752,164.067,-11.936,-14.864,-28.174,4764.379,0.7219,100.0,0,0,0,1
276,5,-15.562,-26.744,-94.148,-16.72,0.6381,251.271,-19.548,-28.366,-11.127,-21.434,0.403,34.255,-47.006,54.732,-42.548,1414.322,0.6913,95.551,1,0,0,1
701,5,6.688,-0.799,95.279,7.608,0.2826,518.822,-8.259,-24.003,35.989,-10.704,0.001,387.933,-1.407,24.315,3.966,378.973,0.2652,40.572,0,0,0,0
556,10,6.616,-7.685,8.653,11.589,0.0963,403.39,-17.638,-2.648,-15.531,-17.962,0.0219,545.181,-45.936,24.93,-42.472,1968.049,0.4478,16.658,0,0,0,0
4200,5,23.005,4.391,65.419,23.335,0.0656,345.952,14.254,34.27,-5.04,12.984,0.0,340.459,36.274,-4.015,50.255,5499.993,0.0131,14.751,0,0,0,0
1684,5,-11.035,-1.479,-59.645,-9.014,0.0,340.865,-6.334,-27.249,38.483,-4.634,0.0943,370.755,29.768,6.787,30.901,4531.718,0.4559,5.156,0,0,0,0
3754,10,-17.286,-4.474,-30.994,-15.006,0.0,204.274,-12.701,4.774,1.277,-10.333,0.0367,300.146,10.507,43.737,10.591,3366.393,0.0053,5.49,0,0,0,0
3723,3,-32.071,-28.578,-43.193,-33.534,0.474,223.398,7.178,-43.938,-36.226,7.597,0.151,54.427,-21.092,117.384,-18.983,2311.401,0.7679,53.349,1,0,0,1
3304,10,-2.375,-13.158,-3.583,-2.284,0.1587,409.338,4.979,-69.979,28.126,9.489,0.1035,406.682,21.115,-81.053,2.518,3355.228,0.2532,2.778,0,0,0,0
1497,10,-15.522,-41.406,-21.195,-18.207,0.2354,577.031,-4.131,-24.222,3.996,-3.076,0.3563,81.323,-115.821,244.106,-111.958,2790.133,0.8041,59.069,1,0,0,1
3968,3,1.343,12.266,-39.609,-0.852,0.0914,722.981,-16.296,13.0,29.461,-16.109,0.1188,608.384,20.599,86.693,16.42,5274.197,0.0,0.0,0,0,0,0
4863,3,-17.543,-57.767,-42.587,-15.388,0.4831,62.031,0.748,-7.747,-44.048,-0.793,0.3633,233.362,56.476,-122.191,60.721,2753.341,1.0,46.512,1,0,0,1
4500,5,-18.241,-34.096,-87.581,-21.194,0.3585,253.899,-10.632,6.276,-12.814,-10.045,0.3956,220.366,-56.729,-15.713,-57.175,8366.642,0.7277,73.173,1,0,1,1
93,5,42.804,25.466,22.684,45.925,0.1467,149.534,22.519,25.426,-48.9,26.137,0.0314,580.327,-3.943,-168.907,-6.475,3866.187,0.5281,0.0,0,0,0,0
233,10,7.579,-9.054,21.821,5.429,0.1217,430.667,-3.562,16.159,11.447,0.333,0.1434,308.382,19.074,123.479,23.442,5233.778,0.0099,9.21,0,0,0,0
4656,10,3.373,51.902,27.593,4.232,0.1033,286.51,-5.178,11.956,7.999,-6.769,0.0255,269.755,-40.821,135.449,-41.126,4412.317,0.4018,19.337,0,0,0,0
1128,5,8.944,-26.307,-39.64,7.894,0.5348,289.362,-5.175,13.437,-7.13,-4.643,0.13,181.853,-49.108,125.259,-60.294,6478.026,0.3431,44.173,0,0,0,0
1528,5,-18.59,0.267,5.691,-20.725,0.2051,711.07,20.4,-22.25,-26.052,21.56,0.0631,340.917,7.015,-87.227,20.867,2892.37,0.2204,20.051,0,0,0,0
2852,5,-10.377,-36.952,-36.406,-6.968,0.3976,104.879,-10.924,-15.843,-15.994,-10.591,0.14,175.21,-29.399,46.615,-19.997,3260.82,0.9804,69.664,1,0,1,1
3087,3,-23.417,-24.973,-29.198,-24.463,0.243,35.196,-5.848,-26.282,-14.681,-2.381,0.3189,155.029,8.803,-111.657,-0.85,3459.105,0.7224,68.464,1,1,0,1
2434,3,6.705,-35.268,12.459,7.312,0.0921,253.589,10.978,4.845,-35.292,13.964,0.0715,168.604,39.338,-25.445,30.178,4234.927,0.2119,22.967,0,0,0,0
2320,5,-26.974,-23.28,-67.75,-26.263,0.876,108.36,-11.142,-12.663,-37.167,-9.35,0.3346,234.752,-74.901,-240.862,-76.675,4967.922,0.8045,62.353,1,1,0,1
4816,3,-4.591,-12.574,-63.719,-1.316,0.4721,134.502,-5.999,-14.278,-37.597,-3.49,0.2597,167.873,23.583,-142.756,42.795,1638.887,0.9262,62.445,1,0,0,1
4305,5,-18.437,-39.623,1.156,-20.13,0.1184,309.552,-5.315,23.713,30.688,-4.338,0.0266,532.14,-14.902,24.92,-9.539,5606.584,0.2448,46.671,0,0,0,0
1171,3,7.283,-19.029,-33.008,5.653,0.0,736.738,-6.699,26.147,-29.588,-6.193,0.1043,138.117,-29.049,-24.585,-30.43,4359.307,0.725,18.94,1,0,0,0
479,5,7.959,-20.395,58.765,8.675,0.1344,127.765,9.856,-6.348,-12.998,13.849,0.0609,94.465,56.139,66.492,62.643,4206.692,0.426,1.27,1,0,0,0
3158,5,3.708,2.443,-75.766,2.954,0.0,592.49,11.923,16.957,46.165,10.128,0.1259,246.61,-29.784,40.445,-27.688,1314.122,0.3603,37.872,0,0,0,0
2042,3,-26.311,-35.612,-100.0,-28.135,0.5978,320.755,-18.282,-23.823,-20.815,-19.021,0.2862,146.582,58.42,-84.471,53.808,1979.849,0.8902,83.62,1,0,0,1
1613,5,-33.781,-39.004,-39.346,-30.919,0.4377,225.003,0.781,-16.908,-43.054,1.204,0.2466,442.268,-56.091,-184.601,-59.374,3986.619,0.6979,55.587,1,0,0,1
2985,10,8.742,-3.062,8.821,7.72,0.0026,322.245,-3.175,4.499,26.288,-3.608,0.0769,125.777,19.316,42.748,30.774,1365.63,0.4367,3.482,0,0,0,0
3167,3,8.923,23.062,42.854,11.21,0.0,364.914,16.167,-20.101,7.064,13.481,0.1176,572.185,-2.497,13.221,-8.237,5251.617,0.2248,31.042,0,0,0,0
1462,5,1.297,-33.32,3.449,1.353,0.1769,473.042,18.767,3.852,56.66,22.118,0.0121,159.66,12.167,43.289,14.032,3780.264,0.3116,21.464,0,0,0,0
1601,5,-35.292,-42.185,-49.897,-35.551,0.5967,84.812,8.054,-4.908,-28.23,5.172,0.4086,171.648,-28.564,-25.405,-29.679,32.737,0.488,89.262,1,0,0,1
4356,3,-24.892,-25.157,-52.135,-26.369,0.5023,367.755,-13.684,-32.659,-43.389,-15.802,0.2191,296.533,-18.266,-63.561,-16.25,200.274,0.6494,82.184,0,0,0,1
4119,3,-15.471,-43.46,-83.836,-14.029,0.503,290.383,-5.494,-24.9,-27.24,-5.363,0.375,71.452,-104.376,43.641,-109.176,2830.533,0.8371,78.712,0,0,0,1
4578,5,-18.567,-22.615,-77.48,-18.474,0.7387,175.571,-21.323,-14.211,-5.2,-22.525,0.3336,196.116,-14.83,-68.981,-19.4,3606.506,0.8666,53.887,0,0,1,1
4905,3,7.089,20.868,-29.637,5.985,0.1088,522.689,3.895,-14.262,-16.016,6.272,0.0969,418.318,-38.89,-16.472,-47.914,6779.943,0.1709,8.701,0,0,0,0
2657,5,-4.95,0.667,27.446,-5.697,0.1552,51.511,-13.242,-22.229,-26.949,-17.475,0.2375,553.423,-23.117,53.954,-15.62,2799.052,0.1671,0.0,0,0,0,0
727,3,-19.743,-49.087,-10.469,-17.49,0.0275,256.266,-11.623,-1.854,-15.302,-12.669,0.4249,54.613,-4.193,45.995,-9.178,1900.681,0.7073,30.639,1,0,0,1
1292,3,-20.586,-38.462,-76.778,-19.912,0.5322,140.076,3.425,-38.285,-43.64,6.915,0.6253,445.634,17.912,-94.405,24.327,2041.099,0.8143,88.142,0,0,0,1
752,5,-12.581,-23.025,54.46,-12.593,0.2672,499.068,18.706,-31.461,12.283,14.991,0.0274,299.016,-16.272,92.414,-19.169,3681.0,0.4239,19.486,0,0,0,0
3740,5,-13.058,-46.96,-69.983,-12.839,0.6148,118.675,17.014,-6.949,26.961,17.698,0.1321,173.546,42.41,-261.187,48.169,840.701,0.5318,71.306,1,0,0,1
1202,3,11.244,12.485,-4.03,14.387,0.1454,265.247,-0.918,15.785,4.208,0.45,0.0829,181.659,36.39,44.612,23.953,1906.912,0.1772,27.935,0,0,0,0
2580,3,-16.883,-38.368,-55.596,-17.394,0.071,98.0,-14.491,-24.048,4.392,-15.524,0.0969,148.772,-11.936,72.482,-5.546,5536.714,0.0,7.784,1,0,0,0
3288,10,-23.08,42.865,-60.391,-23.689,0.1888,380.646,13.061,6.893,-38.484,10.265,0.0894,154.884,7.791,-105.146,7.82,1523.305,0.0618,9.318,1,0,0,0
503,5,16.0,-6.166,-2.14,15.085,0.166,398.626,10.903,-46.615,-42.367,11.983,0.0,439.766,-33.157,-39.338,-35.712,2718.638,0.1391,23.729,0,0,0,0
1620,10,4.414,14.817,60.921,3.539,0.1811,356.893,13.177,31.16,12.112,13.314,0.1693,401.52,-9.829,19.453,-16.57,2122.315,0.2977,15.738,0,0,0,0
3510,5,-11.481,-14.582,-57.782,-8.015,0.0,488.716,7.853,5.611,-33.981,6.194,0.0964,305.191,37.471,125.15,31.291,426.563,0.1108,6.237,0,0,1,0
738,10,2.841,-12.707,-3.446,2.605,0.034,14.908,-16.403,38.147,-16.403,-17.312,0.0081,105.583,32.747,31.702,51.638,5232.575,0.1168,25.638,0,0,1,0
2785,5,-24.572,-10.467,-52.532,-23.523,0.6849,196.948,-28.181,-25.112,-22.447,-27.53,0.4737,102.045,-101.786,127.819,-102.062,1850.821,0.7034,71.608,0,0,0,1
1446,3,5.079,-7.345,-31.963,4.87,0.0793,639.251,-10.438,-3.493,7.603,-13.221,0.0112,116.435,-15.718,-149.661,-17.466,5076.095,0.0356,9.58,1,0,0,0
1179,10,-7.803,-12.053,-18.731,-3.863,0.0,177.956,-13.899,-17.301,-51.771,-15.42,0.0535,190.365,-24.663,-86.687,-25.888,2618.348,0.1677,20.823,0,0,1,0
1628,3,-24.675,-38.374,-92.186,-22.795,0.6608,152.073,-12.566,2.435,7.114,-15.82,0.4657,200.737,-26.93,108.576,-39.86,1707.988,0.8693,67.76,1,1,0,1
3351,10,-28.527,-48.448,-76.503,-25.474,0.3659,358.225,-20.672,-17.975,-23.477,-20.869,0.443,273.833,-69.237,66.912,-75.061,790.181,0.5585,57.588,0,1,0,1
4490,3,-16.752,-45.921,-80.556,-17.487,0.5872,222.203,-8.789,-21.252,-18.697,-15.888,0.106,405.476,-64.163,70.181,-65.265,2858.477,0.9627,43.382,1,0,0,1
2683,3,-8.864,-11.181,-13.357,-10.751,0.3015,226.428,6.543,-9.996,8.864,4.863,0.0565,132.964,5.929,-173.829,3.427,259.317,0.1619,63.833,0,0,0,0
693,5,1.81,-28.002,21.31,1.049,0.096,475.558,-25.755,33.014,4.588,-23.152,0.03,108.233,-14.272,-71.901,-13.344,2540.839,0.2278,24.905,0,0,0,0
4392,3,-21.44,-44.96,-0.706,-20.04,0.4396,427.9,-2.622,14.765,3.97,-3.905,0.262,48.474,-22.7,85.289,-18.425,473.303,0.2617,67.454,1,0,0,1
4740,10,7.058,-9.222,11.653,8.689,0.1908,558.882,14.43,29.77,-20.323,16.987,0.1263,11.524,27.569,57.418,11.69,3078.83,0.1124,0.518,0,0,0,0
213,3,13.257,2.679,-44.127,10.881,0.2101,638.925,-16.099,1.148,13.035,-17.198,0.1169,317.829,-26.185,-170.373,-30.877,5430.709,0.1036,8.662,0,0,0,0
2598,10,13.598,-11.64,32.05,14.138,0.0828,503.93,-2.942,-8.752,17.186,-4.183,0.0217,186.7,47.244,110.219,48.191,4133.864,0.0654,28.933,0,0,1,0
2469,3,-2.013,-39.296,-19.627,-2.282,0.1179,225.594,-2.526,18.598,-2.963,-0.439,0.0,234.439,-38.253,20.287,-41.773,4302.625,0.3059,28.229,0,0,0,0
3266,3,-22.731,-18.766,-70.409,-21.786,0.5877,97.537,-23.4,-11.51,-21.2,-23.81,0.1153,130.672,-0.952,-31.795,5.712,2114.85,0.8214,50.687,1,0,0,1
1785,5,-19.916,8.518,-22.744,-19.301,0.0135,300.333,10.061,-20.137,46.962,8.845,0.0,519.769,-53.842,94.436,-48.197,2134.301,0.1425,15.66,0,0,0,0
2917,5,-9.697,8.557,19.894,-8.787,0.0956,127.146,0.7,-44.875,30.715,-0.301,0.07,245.397,16.069,-142.828,18.826,7491.861,0.0598,2.983,0,0,0,0
4706,3,6.162,-18.112,-28.031,4.728,0.4251,156.23,-8.634,-17.87,-1.777,-10.422,0.0442,270.985,-11.161,-103.453,-11.483,1283.523,0.3982,59.606,0,0,0,0
1478,5,0.879,-56.07,-17.588,-0.325,0.1571,460.721,11.476,-11.369,37.749,9.322,0.0,406.255,7.52,-44.181,-6.174,2124.353,0.4404,0.0,0,0,0,0
1575,10,-0.399,44.085,11.035,1.594,0.1923,302.367,4.78,15.413,-13.351,4.206,0.1395,371.808,76.611,47.46,76.846,4346.525,0.107,22.029,1,0,0,0
3263,3,23.364,30.269,-51.251,23.751,0.0,400.57,11.934,1.555,8.62,13.264,0.0,456.497,22.419,-123.752,7.484,6052.695,0.2919,0.0,0,0,0,0
342,3,0.359,-24.705,35.328,0.842,0.1829,363.335,7.199,-12.405,19.025,3.956,0.0,120.44,-15.302,41.635,-20.057,3449.607,0.2459,0.0,0,0,0,0
3437,5,-9.526,-10.686,5.354,-11.952,0.1115,613.79,1.917,-9.254,-18.413,4.224,0.0,265.241,7.633,-20.913,0.845,4907.476,0.2502,23.011,0,0,0,0
1574,10,-4.181,-23.265,36.396,-5.242,0.0147,529.043,-1.347,-0.512,-4.216,-1.836,0.0477,515.036,62.828,9.096,40.967,2840.358,0.101,28.895,0,0,0,0
1177,10,-30.54,-23.684,-93.318,-28.124,0.8037,263.972,-14.504,-1.78,-31.382,-16.318,0.0534,33.909,26.406,-155.541,30.749,3880.148,0.7462,62.601,1,0,0,1
3677,10,0.893,-20.992,-42.778,-3.286,0.4114,528.934,4.405,-22.637,26.02,5.39,0.0679,526.303,43.108,-60.366,28.382,2337.805,0.4923,31.965,0,0,0,0
1621,5,-15.713,-58.519,-8.719,-16.861,0.6323,211.165,-7.57,15.218,-42.611,-8.288,0.208,187.092,-5.722,-39.339,-20.88,1012.018,0.8845,78.424,1,1,0,1
1486,10,27.552,6.317,-19.342,31.292,0.1354,160.183,3.168,-19.729,-33.758,3.881,0.0559,188.294,7.645,-92.681,13.365,714.772,0.2935,6.241,0,0,0,0
2295,10,22.584,65.648,6.406,24.286,0.0,222.28,-2.719,24.585,13.007,-4.315,0.0111,457.716,14.938,69.477,18.015,990.158,0.0752,47.771,0,0,0,0
2781,10,-13.829,-47.407,-63.981,-14.268,0.1859,91.377,-9.305,-35.917,-1.126,-7.659,0.3609,92.964,55.027,54.99,55.421,4645.09,0.7806,85.7,1,0,0,1
853,3,-4.246,-17.117,54.832,-4.377,0.1888,47.505,-6.308,13.518,-5.206,-9.178,0.0,329.941,-29.409,-120.504,-33.155,2372.648,0.2121,27.558,0,0,0,0
4582,3,11.586,18.423,55.722,14.507,0.0813,564.28,14.493,-20.535,53.287,13.12,0.0,362.973,63.555,133.169,75.009,187.921,0.1776,0.241,0,0,0,0
833,10,5.062,-2.664,6.509,4.232,0.1969,658.33,9.559,-5.784,-0.625,8.158,0.0579,361.373,0.826,79.239,-3.893,1282.507,0.1909,33.887,0,1,0,0
894,3,-19.612,-79.35,-33.949,-20.767,0.2479,586.479,-2.81,-15.538,-1.383,-2.397,0.4382,169.416,41.703,-53.564,31.998,2193.546,0.6459,27.327,0,0,1,1
2935,5,-21.442,-32.859,-22.67,-24.017,0.6071,425.92,-13.845,-7.627,8.096,-10.968,0.034,174.529,55.479,63.968,50.586,3191.772,0.1095,45.224,0,0,0,0
4929,3,-26.33,14.624,39.905,-26.986,0.0489,120.293,-15.979,29.235,3.454,-16.792,0.0475,150.697,24.483,-68.478,29.918,5289.44,0.4524,10.038,0,0,0,0
1674,3,3.873,-46.096,-47.236,7.024,0.6312,303.271,12.802,2.326,-15.32,13.363,0.0212,97.216,-0.092,-153.432,-1.211,9414.699,0.1897,57.418,1,0,0,0
3286,5,10.051,-0.218,18.323,9.077,0.1221,425.118,21.705,10.343,-1.562,22.752,0.1037,378.885,8.153,56.114,-7.877,768.446,0.4549,33.569,0,0,0,0
2349,3,8.79,28.019,-33.725,9.194,0.1522,251.675,13.917,-0.13,-9.456,12.543,0.0608,358.645,-34.934,22.354,-43.78,6887.782,0.1398,18.128,0,0,0,0
4333,10,1.928,-7.192,-12.563,-0.107,0.0306,447.444,-6.416,-15.35,-17.55,-7.212,0.107,379.461,47.843,3.29,54.653,4781.27,0.1842,14.417,0,0,0,0
3865,10,12.433,-1.777,-47.433,11.568,0.2328,587.572,-8.784,1.081,-21.156,-8.976,0.2671,303.372,-49.345,182.498,-53.873,6218.643,0.1906,17.376,0,0,0,0
33,10,-3.758,-26.966,35.425,-3.577,0.2489,582.417,1.529,46.111,0.849,1.872,0.0,220.992,39.99,74.246,37.269,724.827,0.3714,18.886,0,0,0,0
2421,3,15.804,-6.153,-31.355,17.831,0.2127,680.184,10.8,5.647,-44.25,9.711,0.0126,119.036,-5.825,-147.83,6.842,4238.781,0.3076,17.734,0,0,0,0
3445,5,-26.273,12.084,-4.288,-24.637,0.0347,95.921,29.155,-3.405,-49.22,31.434,0.0,346.005,-20.467,-53.974,-25.728,7251.532,0.3957,0.594,0,0,0,0
1641,10,23.949,-24.41,-6.98,26.009,0.25,321.496,-27.384,-13.556,-53.259,-25.956,0.1955,238.556,-2.868,40.829,2.056,5775.192,0.3179,0.0,0,0,0,0
181,3,3.037,-8.575,50.621,2.271,0.0853,396.512,-27.661,-9.663,-39.5,-27.888,0.0216,177.953,13.656,9.537,30.762,1403.193,0.0,2.657,0,1,0,0
3260,10,-15.281,-14.852,-21.595,-17.893,0.657,412.588,-8.641,-25.412,-8.318,-8.173,0.3066,272.152,1.015,-46.878,-13.456,1996.949,0.7809,55.382,0,1,1,1
4279,5,-15.46,-31.567,-78.879,-14.986,0.536,236.542,-10.413,11.887,-33.196,-9.098,0.1277,117.37,-90.337,-215.929,-82.679,2397.343,0.8282,100.0,0,0,0,1
2347,5,-14.531,-13.585,-4.232,-12.914,0.0304,317.777,11.741,22.211,-28.343,10.478,0.0,374.641,-26.398,-0.292,-26.579,4504.961,0.0,20.021,1,0,0,0
3476,10,-15.671,39.145,77.796,-11.03,0.0544,357.147,7.724,42.837,-29.314,5.77,0.1099,229.146,2.618,-36.175,13.978,5575.892,0.0,17.377,0,0,0,0
1341,3,-13.883,-44.448,-49.327,-17.852,0.508,13.806,-21.509,-14.735,-46.468,-24.089,0.2574,83.471,-42.733,19.601,-50.254,4406.396,0.7439,95.255,1,0,1,1
4995,3,-15.083,42.311,43.037,-13.828,0.0869,778.094,-9.962,-4.483,17.25,-5.271,0.1377,369.012,-7.173,-219.412,-5.733,8500.728,0.1873,28.382,0,0,0,0
3594,5,6.47,17.418,-10.752,8.673,0.0311,569.012,-22.666,8.422,50.123,-25.294,0.146,230.97,26.978,135.497,15.771,219.869,0.1841,8.982,0,1,0,0
2908,5,-22.541,-24.081,-31.276,-21.43,0.6952,160.604,-19.302,-2.275,-0.524,-18.864,0.3249,116.528,13.783,-98.462,15.159,5054.954,0.6053,74.474,1,0,0,1
902,3,-6.062,-35.386,9.762,-6.116,0.0632,466.247,11.051,-4.202,12.695,10.669,0.1604,397.258,56.091,131.759,60.622,3695.351,0.2202,0.0,0,0,0,0
1709,10,10.36,18.465,29.482,9.676,0.1063,115.334,1.503,-11.836,-64.232,3.996,0.1527,352.765,25.049,-87.169,31.213,3535.383,0.4977,17.353,0,0,0,0
2875,10,-14.396,-36.553,-18.763,-16.471,0.0,746.74,-6.842,26.434,-16.169,-10.06,0.0782,424.152,2.03,49.518,-4.015,2453.774,0.3361,0.0,0,0,0,0
4363,3,12.21,9.56,8.155,10.081,0.1057,221.461,3.958,-11.754,-15.27,3.716,0.0786,241.605,4.517,99.943,1.866,6514.055,0.2739,59.73,0,0,0,0
4351,3,-24.104,-15.389,2.676,-22.847,0.0,250.563,2.937,3.892,-35.086,0.462,0.1608,456.602,17.316,-79.981,29.048,3691.901,0.418,5.987,0,1,0,0
1372,5,-7.696,-20.227,2.019,-7.121,0.0788,411.815,6.731,2.203,-59.731,4.011,0.0299,483.787,61.619,-37.934,58.612,5744.42,0.1525,19.804,1,0,0,0
3484,10,-10.515,20.286,-63.723,-13.106,0.1261,153.472,-0.304,16.206,33.786,0.7,0.1788,446.657,-29.429,8.953,-21.306,5618.837,0.0,9.914,0,1,0,0
474,10,-11.202,10.474,77.385,-11.786,0.1132,313.357,-2.771,12.217,23.838,-3.803,0.0,146.011,-14.787,-32.431,-11.086,4716.119,0.214,0.0,0,0,0,0
4726,5,13.957,6.772,12.637,14.744,0.2198,444.214,-7.04,5.047,-23.736,-9.488,0.1202,246.139,-2.613,73.421,-2.335,6790.402,0.2056,0.568,0,0,0,0
216,5,0.28,20.451,-39.05,4.145,0.2446,502.114,1.792,-23.458,47.735,1.427,0.0,341.812,38.727,-126.292,45.478,5383.619,0.1608,25.432,0,0,0,0
746,10,-21.791,-29.255,-54.584,-19.396,0.7098,49.889,-5.552,-12.501,-12.809,-4.174,0.5381,156.553,-40.453,-89.808,-38.929,2179.993,0.7342,95.551,1,0,1,1
2770,10,-4.896,-33.553,-43.45,-3.388,0.5325,54.99,25.119,16.422,27.679,24.189,0.1162,19.519,43.405,-44.631,38.729,3023.053,0.1607,0.976,1,0,0,0
4469,3,8.43,29.93,-4.771,10.601,0.1103,356.613,-3.972,12.741,28.796,-5.384,0.0502,205.325,-63.356,33.296,-59.013,3503.259,0.0743,0.0,0,0,1,0
2157,5,-19.796,-59.825,-58.25,-21.416,0.6465,262.908,-19.654,-30.729,-16.47,-21.259,0.4059,83.511,-93.635,-52.49,-85.63,3318.799,0.9255,69.529,0,0,0,1
4116,10,-24.375,6.183,-66.593,-27.071,0.4888,189.221,-12.263,0.945,-6.25,-11.881,0.2487,253.714,23.193,35.84,18.557,252.352,0.395,67.385,1,0,0,1
2334,5,-28.36,-32.665,-60.519,-31.212,0.3746,112.304,-15.092,-0.96,-41.975,-14.741,0.0,158.4,-25.297,-144.71,-27.66,4025.023,0.8284,77.455,0,0,0,1
1043,3,-38.452,-27.654,54.122,-39.681,0.0734,127.536,-9.278,28.582,-29.425,-8.62,0.1907,421.746,-11.656,7.77,-27.754,4277.939,0.2635,18.975,0,0,0,0
3238,3,13.43,14.223,4.363,11.956,0.0,555.343,9.316,-20.792,27.737,7.964,0.1108,9.358,20.605,152.342,31.398,936.119,0.0454,13.096,0,0,0,0
3034,3,-8.201,-6.247,-19.456,-10.3,0.0,372.969,9.832,-8.403,13.511,8.148,0.0,217.048,-17.939,-7.053,-22.833,4834.931,0.2368,22.703,0,0,0,0
3527,5,-7.792,-50.853,-18.951,-4.458,0.1162,221.414,0.036,-35.744,-2.641,2.93,0.1997,292.548,76.804,81.297,70.561,4195.117,0.1297,5.851,0,0,0,0
2974,5,-0.716,-24.753,9.577,-4.641,0.1015,307.599,-27.17,-36.339,-38.233,-29.359,0.0187,508.515,-10.181,29.627,-2.277,2803.244,0.4721,6.314,0,0,1,0
4601,5,-10.639,-1.57,18.017,-8.446,0.0017,260.635,7.337,-1.15,-23.001,10.096,0.2172,134.033,32.425,167.804,37.385,1805.647,0.3329,26.431,0,0,0,0
4358,3,-37.136,42.041,-25.573,-37.842,0.283,336.833,10.548,-18.837,45.098,8.82,0.1937,83.435,-32.166,222.389,-32.66,4471.695,0.0,20.306,0,0,0,0
1254,5,2.563,6.37,-30.345,0.97,0.0262,460.798,-18.826,3.99,9.466,-17.081,0.0,453.77,44.302,46.209,34.988,690.956,0.3032,0.0,0,0,0,0
3993,10,-18.032,-47.939,-59.946,-17.358,0.5542,267.308,-6.455,-14.766,-6.744,-6.718,0.3963,170.94,0.127,-95.046,-2.876,625.59,0.6222,82.526,0,0,1,1
733,10,-18.694,-16.456,-66.553,-20.904,0.2554,444.883,-16.488,-22.521,21.319,-17.379,0.1403,597.941,4.51,-184.892,3.084,5810.639,0.0236,0.0,0,0,1,0
1311,5,-1.199,16.305,-45.352,-2.194,0.3449,488.453,-7.421,-26.493,9.265,-4.695,0.1226,427.568,-2.562,-78.886,2.106,3199.964,0.472,26.797,0,0,0,0
1900,5,8.088,-23.919,14.103,8.955,0.2855,472.96,2.881,-4.844,4.264,6.306,0.0438,554.851,-50.53,-72.061,-53.11,3231.719,0.2461,5.14,0,0,0,0
3511,5,-7.632,-48.267,-3.412,-8.962,0.1283,140.663,1.964,-9.552,24.24,2.325,0.0,311.678,58.341,-61.24,70.187,5294.681,0.2421,54.652,0,0,0,0
3833,5,-5.936,9.386,8.081,-6.241,0.0409,306.67,6.64,22.425,34.121,3.671,0.0,353.747,29.466,35.754,49.355,4701.034,0.086,6.91,0,0,0,0
906,5,-9.921,3.884,7.369,-10.558,0.0,429.675,30.227,-12.039,6.673,32.48,0.0574,454.553,26.093,57.883,12.372,6095.603,0.3947,44.664,0,0,1,0
1651,5,13.168,1.238,9.391,13.095,0.0,62.016,-1.519,30.755,36.733,-0.254,0.0238,99.138,29.59,29.576,39.466,2667.213,0.0,23.59,1,0,0,0
4055,10,-4.676,-18.646,-12.932,-5.907,0.102,551.35,-11.328,15.353,-42.23,-13.554,0.0855,388.717,36.202,-34.322,35.127,362.577,0.1476,6.857,0,0,0,0
2976,10,-21.5,-10.418,-48.348,-21.818,0.5268,171.158,2.19,-17.134,-33.494,3.898,0.5629,221.312,-23.328,-72.679,-26.283,2105.397,0.8623,77.555,0,0,1,1
1724,3,-0.805,5.487,-51.06,-0.502,0.132,561.287,-2.79,14.855,-30.829,-3.229,0.1663,145.407,14.694,137.874,12.563,4580.649,0.0858,12.928,0,0,0,0
3643,5,-2.607,-30.209,-22.562,-2.402,0.3279,193.862,1.524,28.185,49.345,2.316,0.1187,546.796,-3.619,-28.557,-1.596,717.868,0.5828,39.777,1,0,0,0
1817,3,-15.065,-10.528,-75.403,-16.716,0.3683,306.357,-12.301,-21.608,-31.127,-11.976,0.4826,93.735,-64.187,-85.532,-64.627,4815.933,0.452,48.914,1,0,0,1
1854,10,8.001,25.281,31.19,5.784,0.1245,506.495,-2.082,-1.935,10.824,-2.936,0.0425,333.724,5.515,-17.682,-1.113,6418.715,0.0216,27.714,0,0,1,0
3178,10,-10.419,-14.601,-34.611,-8.18,0.0,356.836,-7.631,-61.438,-37.346,-6.17,0.0,229.38,-53.441,147.508,-55.005,5568.078,0.0941,12.162,1,0,0,0
2286,3,-21.354,-53.765,-39.625,-25.811,0.602,77.31,-17.67,-3.312,1.019,-18.028,0.0,14.149,-63.016,-100.029,-49.428,2022.56,1.0,74.608,1,0,0,1
939,5,-15.565,-51.137,-13.887,-17.95,0.3761,202.852,-15.249,-42.287,-46.786,-16.284,0.3584,71.487,-16.098,-50.403,-14.94,2145.834,0.7361,31.135,1,0,0,1
4704,5,-29.14,-49.609,-47.381,-28.578,0.5697,346.877,-6.612,-26.267,-17.326,-7.584,0.4044,204.228,50.28,-90.541,67.31,4563.002,0.7335,77.177,0,0,1,1
2131,3,-1.006,-50.866,14.971,-6.641,0.0574,378.947,2.618,18.66,70.146,1.771,0.1908,171.544,-22.17,201.679,-13.106,269.413,0.1907,16.846,0,1,0,0
3523,10,-32.376,-55.348,-28.829,-32.059,0.0374,528.659,8.394,-0.456,28.795,10.395,0.0299,386.741,64.996,30.401,60.855,3674.885,0.0,20.877,0,0,1,0
83,3,-25.663,-51.787,-57.889,-27.832,0.3579,120.174,6.923,-0.787,-52.993,5.558,0.2902,48.595,-24.032,-75.506,-32.871,4757.653,0.6047,51.152,0,0,1,1
3455,3,-24.895,-49.25,10.712,-26.139,0.4739,357.549,-6.482,-16.074,-55.776,-3.784,0.232,29.211,-51.413,-181.333,-44.54,6745.496,0.6721,39.298,1,0,0,1
190,3,-17.597,-20.832,-36.63,-18.235,1.0,263.157,-12.04,-17.121,-48.831,-10.221,0.1694,36.167,-5.069,141.736,-14.339,5672.631,0.7129,46.577,0,0,0,1
2056,10,-29.108,-23.75,-57.958,-26.701,0.662,191.647,-8.199,-24.505,-33.481,-8.478,0.439,145.465,-53.495,-159.803,-47.035,847.579,0.5843,58.863,1,0,0,1
4133,10,-3.858,37.336,44.657,-1.828,0.1116,259.821,21.647,-28.495,-13.799,21.835,0.0,196.794,22.861,49.308,9.919,1709.316,0.0611,26.145,0,0,0,0
165,5,-6.951,-20.179,2.582,-7.962,0.0242,156.471,5.508,-3.931,27.372,5.889,0.0463,129.582,-27.642,47.187,-18.363,6102.868,0.4327,40.937,0,0,0,0
4954,5,-9.813,9.679,-48.296,-11.088,0.1013,491.17,6.797,-12.818,4.497,5.747,0.0,97.278,-10.23,-9.681,1.888,810.994,0.1741,9.243,0,0,0,0
4284,3,5.008,-34.412,-23.213,5.487,0.1799,493.516,6.091,-20.941,-17.786,7.466,0.2666,360.592,-24.428,7.569,-25.633,3799.298,0.1448,0.0,0,0,1,0
3051,3,-1.698,9.685,-9.986,-0.288,0.1162,47.882,-22.945,4.579,-41.255,-20.551,0.0,314.814,-48.183,-57.223,-61.329,6927.432,0.3305,18.15,1,0,0,0
2177,5,-21.359,-45.032,-55.249,-21.057,0.1958,405.419,1.272,25.532,-16.691,1.981,0.1342,352.983,2.604,-59.236,20.128,6667.731,0.3161,19.866,0,0,0,0
1044,5,-28.156,-36.344,-74.28,-31.065,0.3453,225.985,-17.229,-44.664,-11.54,-19.813,0.5104,160.027,29.912,-121.91,18.286,3625.933,0.6229,65.662,1,1,0,1
2488,3,-7.769,38.33,-11.313,-9.039,0.0,688.499,-0.009,-18.252,8.195,-1.057,0.1656,252.483,-29.183,-32.122,-29.369,1102.322,0.0,12.774,0,0,0,0
3017,10,-24.573,-32.879,-54.553,-26.117,0.4301,224.473,1.666,-25.359,-25.67,3.189,0.3803,87.181,37.47,19.537,45.931,1541.569,0.7024,60.652,1,0,0,1
4662,5,2.455,39.729,-68.294,0.704,0.1549,437.801,5.897,-11.396,-39.518,5.398,0.1393,189.6,-23.597,-29.589,-23.449,2172.285,0.0964,49.794,0,0,0,0
3410,10,7.124,11.932,8.946,7.317,0.0408,405.912,-0.194,1.07,3.491,-3.298,0.1804,227.226,-51.361,192.928,-59.48,8760.24,0.0,3.439,1,0,0,0
4888,10,7.362,-50.85,4.436,8.255,0.6009,24.172,-0.885,-2.635,7.152,-0.495,0.3837,85.097,-6.838,-60.748,-8.341,4378.193,0.5866,82.685,0,1,0,1
3661,3,21.447,3.929,-72.818,21.133,0.0932,382.071,-20.588,6.42,-10.342,-21.22,0.1142,210.474,14.97,144.055,12.8,4153.52,0.135,13.856,0,1,0,0
4565,10,-14.565,-22.782,-65.829,-14.122,0.5847,140.618,-5.084,-0.599,1.11,-1.148,0.1197,113.514,-111.381,-47.093,-112.385,3034.109,0.509,60.861,1,1,0,1
3799,3,-16.186,-34.414,-26.78,-13.644,0.8886,25.597,-12.055,-37.318,-35.466,-12.718,0.0666,180.016,39.103,-149.858,40.269,426.521,0.5206,24.641,1,1,1,1
2994,10,10.413,-38.511,4.417,12.353,0.0135,328.098,-14.091,1.832,1.059,-13.037,0.1656,159.261,1.049,-135.89,5.622,2828.953,0.1491,14.938,0,0,0,0
1080,3,12.36,11.819,6.394,13.51,0.1198,24.718,-4.839,-23.414,-4.308,-3.758,0.0573,280.551,5.52,-67.023,7.386,4078.535,0.0,44.453,1,0,0,0
1943,3,-3.539,-30.539,-17.427,-3.281,0.1541,414.867,-3.292,-16.237,-33.214,-2.944,0.0,290.763,-49.33,-8.379,-62.211,9798.167,0.111,0.0,0,0,0,0
3369,3,-30.72,22.052,-13.548,-31.118,0.0,59.828,0.623,-8.604,15.574,0.355,0.0,292.076,-12.029,-13.867,-19.769,5663.65,0.1241,0.0,0,0,0,0
4617,3,1.223,-16.518,-55.309,3.986,0.6178,6.899,8.455,9.353,-35.74,8.661,0.0928,61.33,22.976,79.276,3.451,2529.004,0.3803,27.061,1,0,0,0
2709,3,-28.443,-40.587,-16.504,-28.914,0.0,683.175,-9.96,34.069,33.749,-11.861,0.1382,377.127,10.913,84.328,19.512,2829.715,0.2108,4.7,0,0,0,0
1256,10,-14.516,-59.006,-46.157,-16.479,0.9046,72.061,1.75,-32.987,-22.373,2.683,0.4503,62.904,-41.766,-86.526,-49.7,2673.613,0.7195,73.529,0,0,0,1
2862,3,-20.77,15.096,-22.487,-20.093,0.2425,321.118,7.248,-27.107,-6.0,6.471,0.0611,205.39,44.729,9.473,49.045,876.428,0.1472,0.0,0,0,0,0
1942,3,-6.447,-20.879,-43.926,-6.289,0.6445,36.721,-12.264,-11.203,-22.337,-13.312,0.3097,179.996,77.381,-206.75,77.387,1225.338,0.4607,76.598,1,0,0,1
4694,3,3.708,-7.512,33.3,3.989,0.0813,867.587,-2.097,10.446,-7.556,-2.05,0.1225,394.771,-1.515,17.379,-16.215,2718.208,0.248,0.0,0,1,1,0
4402,5,-37.941,-20.718,55.245,-40.459,0.0563,146.465,5.811,-19.751,63.619,4.306,0.063,235.919,-11.199,132.209,-5.669,9644.459,0.3618,35.554,0,0,0,0
1696,3,-6.358,-5.695,-37.005,-6.585,0.0066,631.616,-10.601,9.273,-4.956,-11.553,0.2163,115.313,2.433,137.332,3.452,1210.395,0.3864,21.556,1,0,0,0
3417,3,-9.991,-6.284,-10.183,-8.742,0.3478,393.044,-14.524,-0.917,-36.619,-17.294,0.0,373.813,14.634,-193.135,22.895,1005.018,0.2875,46.769,0,0,0,0
3795,3,-12.566,-59.5,-77.045,-11.575,0.6269,104.221,-0.755,-9.507,-21.468,-2.328,0.3113,185.677,-41.807,-76.775,-49.23,2612.66,0.6254,82.833,1,0,0,1
2834,3,-20.06,1.445,-17.496,-18.201,0.0346,476.239,-2.185,-21.33,24.144,-2.633,0.1945,221.894,-29.136,-89.824,-30.879,999.306,0.2657,0.0,0,0,0,0
2768,10,-10.345,49.658,-48.46,-10.487,0.0127,369.646,-23.24,-4.722,11.76,-24.27,0.086,230.253,-37.551,49.975,-21.5,4898.047,0.044,17.097,0,0,0,0
3982,5,6.009,32.943,10.317,-0.011,0.1629,375.762,8.645,40.705,13.499,4.971,0.1413,207.021,-47.377,-187.255,-44.661,109.457,0.2266,29.197,0,0,0,0
3052,5,-8.174,-26.779,18.294,-10.275,0.1254,167.74,-27.077,0.768,19.991,-25.618,0.0418,457.464,-5.927,68.509,8.387,1024.623,0.1239,15.138,0,0,0,0
4641,3,-32.093,-97.686,-57.901,-36.226,0.848,151.452,-1.083,1.783,-52.225,0.905,0.3401,122.32,-4.821,76.516,-6.456,3142.6,0.5295,73.474,0,1,0,1
3071,5,-36.109,-5.69,-36.732,-34.954,0.75,80.891,-4.178,-29.293,-24.089,-0.362,0.225,176.705,-26.764,-34.857,-34.918,5226.993,0.6822,53.927,1,0,0,1
571,10,19.495,-36.901,32.463,16.695,0.0629,453.321,-0.87,-9.705,7.735,2.669,0.0,409.451,-9.273,138.382,-25.595,144.278,0.0729,7.35,0,0,0,0
40,5,-6.498,-40.723,-7.725,-6.364,0.0585,419.584,12.901,23.891,54.369,12.54,0.2015,569.396,-24.108,-106.501,-25.351,4576.945,0.241,3.55,0,0,0,0
3245,5,-2.475,-27.433,-8.432,-5.233,0.506,333.09,11.87,15.514,2.428,11.78,0.2265,152.861,-19.71,-70.495,-23.862,3787.205,0.2793,54.174,0,0,0,0
2795,10,-5.244,-10.693,-48.356,-4.881,0.2078,521.684,-6.754,-0.174,-39.497,-6.125,0.0218,357.821,59.297,-7.561,65.27,6792.317,0.2879,17.887,0,0,0,0
1180,10,-23.876,9.655,-47.774,-26.392,0.6497,509.629,-0.02,-16.679,-17.435,-0.906,0.3057,255.849,-41.861,-68.008,-35.043,2256.924,0.7016,65.918,1,0,0,1
300,5,-14.9,-25.291,7.447,-18.567,0.237,194.848,-18.865,-26.7,-14.596,-24.288,0.011,338.565,25.512,52.858,33.283,1957.401,0.0,15.52,0,0,0,0
4310,3,-15.234,-37.376,-32.941,-20.377,0.794,335.318,3.2,-25.498,-32.469,4.942,0.3992,228.416,32.414,-72.595,29.434,144.641,0.5135,68.113,1,1,0,1
4572,3,-24.23,-79.294,-25.095,-21.814,0.7543,487.373,2.79,-5.335,-34.662,1.446,0.5659,183.04,-40.433,-58.9,-30.152,4243.999,0.6725,73.418,1,0,0,1
4226,10,-14.01,-17.936,-0.282,-14.075,0.143,294.934,-8.209,-13.7,14.799,-8.614,0.0,319.341,-2.801,-133.62,-17.049,1595.831,0.4058,42.207,1,0,0,0
4768,3,2.871,-38.506,-7.298,7.217,0.1571,356.873,4.02,-38.144,37.215,5.366,0.2726,240.72,-55.286,13.669,-62.351,1246.757,0.3245,14.256,1,0,0,0
2679,3,20.42,38.394,-59.531,23.078,0.173,72.311,18.008,-12.116,16.679,20.908,0.0,244.68,-13.09,-15.63,-14.439,2709.409,0.3763,34.055,0,0,0,0
3945,10,-7.385,-4.923,-24.317,-8.429,0.1539,620.286,3.715,-2.107,-12.678,2.998,0.158,341.812,24.047,107.861,14.705,975.786,0.3876,23.225,0,0,1,0
143,10,-20.644,-38.373,-64.248,-21.78,0.4825,457.952,-0.132,-9.626,-36.71,-0.241,0.4676,122.699,9.878,-22.244,8.177,1417.784,0.84,60.359,1,1,0,1
3214,10,-2.431,-0.028,23.724,-1.708,0.135,3.807,-13.364,23.572,10.812,-12.465,0.0189,444.416,39.312,52.644,29.316,5283.087,0.2694,33.334,0,0,0,0
1554,3,-18.967,-44.579,-85.514,-22.428,0.4897,250.144,-11.3,-15.014,-4.531,-16.375,0.0,235.929,52.971,-94.385,56.764,1867.438,0.926,78.251,1,0,0,1
1749,3,-24.027,-41.216,-3.999,-22.974,0.38,211.416,-7.842,-11.844,-16.823,-8.887,0.3336,130.728,43.351,-106.499,46.07,1000.32,0.6667,63.576,1,1,0,1
2169,10,1.605,32.025,26.841,-0.559,0.0353,521.374,0.082,-4.8,32.197,0.321,0.0,234.559,40.656,41.055,49.99,768.677,0.0,2.802,0,0,0,0
1459,10,-3.388,11.728,-16.367,-6.184,0.2,434.328,0.317,-10.291,51.72,5.001,0.0508,60.968,-67.643,7.329,-75.361,129.237,0.2693,20.922,0,0,0,0
2812,5,-9.1,-18.824,3.042,-9.64,0.1604,87.805,29.58,5.422,10.067,31.09,0.2264,257.264,-26.613,-17.01,-31.986,4386.016,0.2594,18.111,0,0,0,0
3006,3,-16.945,-7.81,12.59,-13.744,0.277,69.392,16.834,15.311,-44.253,16.02,0.0645,315.416,-17.353,-60.457,-16.843,4928.965,0.3467,16.145,1,0,0,0
228,5,13.678,-9.909,43.816,12.736,0.0208,377.797,4.517,39.446,-18.486,3.497,0.0573,151.476,-14.339,32.808,-1.568,3111.936,0.0722,39.516,0,0,0,0
632,5,-23.693,-29.09,-67.857,-24.584,0.4826,86.202,-0.72,-24.15,-29.172,1.88,0.2609,159.408,-46.228,-18.169,-38.344,2568.877,1.0,75.77,1,0,0,1
2637,3,-3.022,-7.316,-22.277,-2.182,0.0,352.474,7.384,19.96,-13.715,4.009,0.1102,335.516,-0.943,42.695,-3.987,2072.923,0.3283,20.782,1,0,0,0
758,5,5.973,23.315,-25.241,5.412,0.0,87.178,-14.535,-8.546,-5.502,-14.686,0.1102,176.168,-56.569,-19.381,-63.053,4385.144,0.144,4.943,0,0,0,0
4007,10,-7.423,17.056,31.404,-6.989,0.0,434.916,-6.425,-15.233,-27.153,-9.03,0.0,232.397,21.037,161.415,17.975,3185.263,0.3582,10.095,0,0,0,0
3265,3,-8.787,-32.197,-40.328,-9.703,0.0476,487.487,0.021,14.775,-80.732,-1.332,0.078,160.361,2.682,-22.346,-2.704,5257.55,0.0218,19.443,0,0,0,0
432,3,26.838,-13.881,-29.959,22.449,0.0,354.911,-4.922,57.116,-19.309,-4.627,0.0,351.198,-38.141,-77.484,-37.987,382.965,0.1374,24.563,0,1,0,0
3621,5,-14.836,-25.39,30.831,-15.665,0.0158,307.346,3.463,-28.121,54.196,4.3,0.0,319.934,-4.856,-117.754,-6.807,5910.59,0.279,10.752,1,0,0,0
2644,3,-5.09,-9.9,48.162,-6.477,0.2599,874.419,15.156,-16.744,-15.926,15.71,0.1076,524.915,-43.256,200.721,-42.234,5059.197,0.2962,3.997,0,0,0,0
2200,5,19.777,-19.361,22.445,18.398,0.1071,344.146,-18.8,-22.832,35.665,-17.84,0.0917,416.198,5.454,-66.194,30.377,1949.304,0.3794,2.288,0,0,0,0
4833,3,-19.468,-33.779,-28.882,-17.154,0.1,421.839,2.299,-9.061,18.35,4.359,0.2349,96.585,23.793,56.58,40.417,3730.558,0.2331,18.789,0,0,0,0
535,3,0.768,-36.413,-45.081,2.296,0.225,338.594,0.277,25.555,-33.207,-1.088,0.1041,343.153,-0.538,81.11,-20.664,5117.001,0.3648,33.868,0,0,0,0
3206,5,7.786,15.435,7.127,8.465,0.0468,470.489,5.869,7.931,21.737,5.476,0.1066,48.104,-41.346,47.189,-40.608,2307.83,0.1068,7.356,0,0,0,0
1145,10,15.326,-19.549,-36.158,14.96,0.1231,705.978,14.146,32.939,-33.257,10.847,0.0,203.523,-17.844,79.921,-25.2,1117.85,0.3635,3.089,0,0,0,0
828,3,-13.897,-39.097,-78.558,-15.973,0.7237,192.666,3.051,-9.526,-39.033,6.39,0.1808,14.414,-95.41,-116.699,-87.649,2888.119,0.6608,60.256,1,0,1,1
4495,5,-28.701,24.328,7.66,-31.531,0.177,633.247,-14.0,-0.955,-49.44,-14.844,0.1868,106.892,34.514,-106.851,49.872,1114.953,0.1876,0.0,0,0,1,0
4391,5,-28.368,-25.799,-56.615,-30.983,0.432,211.643,-18.054,-29.823,-29.71,-19.377,0.3044,261.069,4.939,-141.313,9.831,2378.776,0.4256,68.352,1,0,1,1
481,10,20.582,15.264,65.614,21.423,0.1124,468.067,-14.484,23.795,-1.914,-19.793,0.1272,284.221,64.336,91.551,67.889,3613.251,0.2412,38.775,0,0,0,0
4953,3,13.611,-40.694,-19.468,11.817,0.1324,447.779,-8.948,2.006,-28.455,-8.658,0.1218,550.295,0.84,55.052,-1.827,6807.011,0.3051,25.645,0,0,0,0
4583,3,-6.06,-1.289,9.277,-3.784,0.0,445.387,0.496,24.772,82.297,1.854,0.0,124.978,-47.741,72.559,-35.832,3695.091,0.0365,24.678,0,0,0,0
3635,10,-29.551,-14.104,-44.719,-35.041,0.4894,420.02,-7.565,-11.44,-12.317,-7.31,0.1869,287.142,-33.264,4.199,-35.386,2183.264,0.2309,61.572,0,0,0,0
3028,3,2.746,-24.244,-28.472,3.214,0.0086,321.33,12.552,-24.662,20.457,10.225,0.064,409.422,1.962,-49.82,16.608,2572.752,0.0,32.822,0,0,0,0
2044,3,17.127,14.857,10.117,16.809,0.0676,377.192,-9.702,-22.9,43.19,-9.71,0.0017,41.805,13.511,39.286,7.905,5525.971,0.0766,5.665,0,0,0,0
1507,5,26.738,49.101,25.677,25.908,0.2127,88.636,-3.425,30.866,18.269,-1.296,0.0,309.558,28.523,-10.708,10.526,2134.401,0.0,0.0,0,0,0,0
1971,10,19.445,-1.713,-43.446,15.805,0.1187,346.448,7.403,16.509,-27.284,6.548,0.0,163.687,-12.303,-26.31,-15.345,5581.302,0.0,23.236,0,0,0,0
672,10,-23.947,-11.712,13.274,-22.883,0.2938,400.845,21.585,8.276,-15.41,24.089,0.1426,294.672,5.349,-10.663,11.535,693.915,0.0,22.192,0,0,0,0
1774,10,-2.803,17.529,31.041,-0.95,0.0981,1.512,6.58,-2.773,21.527,6.805,0.0449,127.131,-20.536,18.429,-16.474,4963.004,0.3362,8.86,0,0,0,0
3281,10,-27.324,-47.85,-100.0,-24.431,0.9027,130.33,-3.047,-6.472,-25.842,-3.725,0.2997,162.664,23.013,148.411,21.881,1236.319,0.4206,79.362,1,0,1,1
3899,3,-26.264,3.307,58.88,-24.695,0.1687,356.074,20.713,9.315,35.235,24.619,0.0,16.621,56.882,-1.819,61.515,6040.92,0.2122,10.572,0,0,0,0
2804,5,-15.836,-34.303,-6.286,-12.945,0.0713,433.367,-9.432,-16.998,-8.863,-11.16,0.077,363.255,-22.275,118.095,-27.083,5115.489,0.3199,6.582,0,1,0,0
3098,10,-8.193,-4.69,3.356,-10.526,0.014,187.287,11.083,-21.505,49.974,13.102,0.0985,281.467,-29.978,72.452,-38.735,460.893,0.3126,6.484,0,0,0,0
4042,10,-12.118,-9.765,-27.935,-10.45,0.0,626.338,-8.326,-27.156,6.621,-8.277,0.0116,389.816,-26.265,44.309,-8.692,7497.214,0.2994,5.362,0,0,0,0
3847,3,-17.14,30.339,33.228,-15.033,0.0,145.797,10.153,19.512,9.695,11.199,0.0957,73.447,15.394,91.388,27.2,9955.087,0.3086,0.0,0,0,0,0
3605,10,-16.74,-43.792,6.904,-15.963,0.2374,420.542,-14.814,-16.249,-16.14,-16.672,0.2642,198.582,-13.495,-229.097,-18.91,3538.584,0.7735,59.097,1,1,1,1
1456,5,-5.025,-54.592,-35.777,-5.542,0.3112,175.14,-2.032,-45.279,-14.308,-4.611,0.1831,290.809,-17.188,-8.954,-15.809,7838.272,0.7418,49.835,1,0,1,1
3857,5,-27.674,-38.347,-13.557,-27.6,0.4952,149.742,-11.98,-29.599,-13.139,-10.141,0.4889,83.829,-73.411,140.251,-66.631,6013.248,0.7385,50.423,0,0,0,1
2684,3,0.781,-46.636,-55.619,0.39,0.3832,92.113,0.012,-9.601,30.404,4.068,0.0,74.114,-63.126,97.288,-72.858,6727.033,0.3057,49.248,0,0,0,0
3298,5,9.384,-10.963,-31.751,9.948,0.1828,62.23,11.366,19.717,-30.043,12.196,0.0409,370.115,56.419,-58.338,53.003,3950.934,0.1414,12.291,0,0,0,0
366,10,22.571,-11.911,13.872,19.926,0.0341,235.981,-18.567,-45.575,45.774,-18.381,0.0,317.723,-22.034,-66.09,-8.343,5495.537,0.1893,20.958,0,1,0,0
2753,3,7.968,17.053,8.968,12.692,0.1709,344.13,-7.303,-11.195,-11.541,-8.477,0.0553,410.559,-9.913,-18.831,-8.397,3614.255,0.0,12.56,0,0,0,0
1924,3,-11.91,-37.414,-35.665,-10.627,0.6227,51.147,-2.278,-1.459,-43.702,-2.536,0.4121,114.118,5.285,-27.584,14.125,5187.037,0.6741,71.008,1,0,0,1
278,10,6.563,10.573,-19.461,8.191,0.0885,325.452,-15.697,23.254,46.666,-16.697,0.014,241.178,-17.677,72.663,-21.828,830.107,0.3921,0.0,0,0,0,0
2078,5,-22.806,-27.741,-33.152,-22.399,0.6144,304.196,-3.559,-8.273,-3.108,-4.577,0.4122,198.473,6.249,-94.607,4.347,5126.292,0.5858,38.223,1,0,0,1
104,5,-21.703,31.2,-6.365,-23.483,0.0,557.263,-0.032,10.691,24.951,0.355,0.0,688.824,15.939,-66.776,18.078,1987.212,0.0,0.0,0,0,0,0
4762,5,-8.479,-43.633,-72.72,-5.346,0.5007,525.201,-15.471,13.599,-35.809,-12.491,0.0525,330.305,-17.592,-27.409,-20.742,6781.896,0.4508,45.906,0,0,0,0
3256,5,-4.463,-1.01,31.049,-2.73,0.0686,538.399,-0.166,24.629,-5.758,2.539,0.0891,138.539,54.551,111.672,58.09,5793.4,0.1737,37.668,0,0,0,0
734,3,-6.422,-38.218,-49.373,-8.199,0.3395,722.143,-8.822,21.422,-22.242,-11.723,0.1081,179.125,18.392,34.352,6.549,4863.995,0.2251,61.288,0,1,0,0
1938,10,-40.873,-10.651,52.034,-39.493,0.1065,147.097,16.709,13.412,30.81,16.496,0.0,172.226,-36.878,-92.334,-34.471,2237.785,0.1979,6.782,0,1,0,0
2660,10,-22.55,-6.587,-51.177,-23.413,0.3362,564.185,20.624,-15.001,35.646,21.73,0.1292,226.471,36.189,54.02,43.78,5403.089,0.2507,69.593,0,0,0,0
4955,10,-31.426,-61.335,-100.0,-33.355,0.41,243.106,5.219,-18.372,-3.71,5.268,0.1601,51.073,-79.714,106.489,-79.801,6652.916,0.8688,72.857,1,1,0,1
1623,5,9.18,-27.523,-59.793,9.755,0.2145,444.737,2.222,-24.828,-24.385,0.138,0.1551,63.402,-62.663,167.3,-66.146,3613.844,0.1599,23.953,0,0,0,0
3614,3,20.423,21.189,35.194,23.542,0.2112,567.209,15.355,2.309,54.052,13.23,0.0,199.242,16.869,-0.11,16.662,310.936,0.2296,0.0,0,0,0,0
107,5,-13.301,4.427,66.423,-11.214,0.1291,456.053,-7.106,14.878,-23.624,-6.673,0.0,619.585,14.552,20.98,31.666,1296.062,0.29,13.52,0,0,0,0
3927,5,-2.738,-14.782,0.429,-4.889,0.0,235.69,9.199,2.018,-12.346,11.369,0.0703,326.155,3.457,-58.181,4.12,3538.615,0.2165,0.0,0,0,0,0
1405,10,10.373,-33.968,21.062,9.856,0.0273,315.033,-10.089,30.582,10.819,-8.811,0.0987,100.108,-24.458,19.23,-28.087,1266.981,0.1664,30.158,0,0,0,0
2958,5,-7.119,-56.709,63.186,-5.335,0.0,228.906,27.244,-37.515,29.048,28.473,0.0775,181.964,-12.91,107.982,-18.016,6006.544,0.1413,0.0,0,0,0,0
4783,10,-2.942,-19.594,-11.141,-5.247,0.1561,269.817,-29.198,-15.991,-18.44,-28.184,0.0,318.772,11.81,101.263,11.032,4362.815,0.5093,21.169,0,0,0,0
2471,3,-21.288,-23.071,19.171,-21.587,0.0,444.356,25.088,-23.916,-8.783,27.555,0.0452,68.414,7.191,-123.615,11.574,2317.041,0.0534,8.434,0,0,0,0
2663,5,-10.865,4.033,30.63,-8.96,0.025,333.932,18.56,-6.246,-29.153,17.979,0.0039,157.837,-15.838,72.247,-6.239,2880.399,0.18,0.0,0,1,0,0
688,10,-1.402,-19.675,-35.102,0.362,0.4731,311.913,5.235,39.076,-4.02,6.891,0.0173,232.986,-55.03,-1.738,-57.72,5544.153,0.596,27.233,0,0,0,0
4691,10,9.782,-45.476,48.953,13.374,0.1575,304.983,-0.077,-11.5,26.193,-0.536,0.0258,99.793,-51.397,136.45,-58.97,4335.555,0.2677,0.0,0,1,0,0
1378,10,-22.504,22.432,-6.364,-21.054,0.0,403.155,-10.482,2.589,-13.65,-11.458,0.0,264.903,28.775,83.989,42.189,6137.874,0.1466,18.89,0,0,0,0
3030,10,31.082,-33.885,1.574,29.748,0.0051,564.91,5.854,-20.169,-0.839,3.929,0.021,537.853,28.162,46.662,26.343,2209.481,0.3802,14.417,1,0,0,0
4373,10,-6.782,6.044,-2.407,-5.823,0.1722,124.49,14.413,-15.62,13.281,13.268,0.0545,78.661,25.337,-134.128,20.622,4592.46,0.3547,0.0,1,0,0,0
3185,5,-4.894,19.679,17.064,-4.859,0.1131,562.857,0.624,6.457,51.034,-0.577,0.0507,82.528,15.276,58.857,19.481,4612.823,0.0871,24.858,0,0,0,0
2778,5,-0.84,19.218,-29.444,3.296,0.0,234.371,2.92,-17.35,19.261,-0.196,0.2171,152.204,33.736,-56.227,22.343,3700.153,0.4252,1.896,0,1,0,0
3575,5,-13.276,-20.74,-64.195,-14.209,0.196,236.112,-15.688,-6.785,1.348,-16.765,0.4676,153.81,-56.868,87.435,-72.894,4982.86,0.7303,66.829,0,0,0,1
3583,5,-5.436,-8.268,2.607,-6.404,0.1141,240.037,4.773,6.475,-53.267,7.604,0.0589,246.23,-31.933,40.7,-23.639,1935.621,0.0337,23.645,0,0,0,0
1186,3,-19.873,-41.995,-20.943,-16.306,0.5393,428.999,-13.098,-20.016,-37.762,-11.983,0.4837,219.16,83.595,-27.574,83.114,4926.744,0.8314,100.0,1,1,0,1
1260,5,-27.088,-39.886,-19.74,-30.055,0.6669,146.394,0.052,-24.29,-5.686,0.623,0.4569,72.543,-84.317,41.873,-84.051,860.863,0.4035,42.743,1,0,0,1
2995,3,2.881,-2.745,32.91,4.677,0.0097,489.413,1.014,-27.434,-14.394,0.205,0.0,482.605,-3.099,30.496,-10.293,4896.42,0.1539,30.286,0,0,0,0
778,5,-14.273,31.27,5.757,-10.422,0.0744,38.142,23.307,30.911,7.905,25.838,0.0,281.193,-18.007,46.432,-20.565,2120.792,0.0052,6.669,0,0,0,0
1026,5,12.102,-24.62,-21.796,12.185,0.1376,450.256,14.535,5.895,12.36,17.501,0.2163,268.116,-43.66,-24.005,-33.789,56.757,0.1325,36.427,0,0,0,0
3436,10,-5.75,-16.829,55.064,-6.199,0.0843,170.191,13.172,1.324,-1.362,16.376,0.022,283.01,-52.724,69.671,-41.185,5964.321,0.361,17.078,0,0,0,0
3996,3,6.338,-11.418,-13.362,4.993,0.0205,454.432,-11.037,21.559,-1.117,-15.062,0.0,675.376,5.128,37.088,11.287,1238.826,0.0,16.879,0,0,0,0
3430,5,5.481,-9.704,31.838,4.449,0.0,59.162,13.33,-6.038,-65.752,15.031,0.0,279.15,26.72,166.221,34.581,3124.431,0.1587,0.0,0,0,0,0
4634,10,-17.997,-39.83,-40.431,-16.666,0.0,460.87,10.828,-4.818,-34.652,9.46,0.1777,292.312,-48.806,55.144,-57.238,3715.335,0.1422,11.267,0,0,0,0
1480,5,3.638,21.15,19.461,3.306,0.1398,208.331,3.75,5.2,-25.266,6.092,0.0459,53.244,91.919,-53.282,88.801,1842.831,0.3854,28.843,0,0,0,0
1353,3,-23.183,-49.124,8.612,-23.243,0.1326,429.861,-2.706,-0.257,-13.551,-1.848,0.1629,425.212,4.325,86.579,7.718,2943.937,0.5439,17.991,0,0,0,0
576,5,1.161,-8.022,39.791,0.766,0.0568,173.785,-27.953,11.607,9.607,-27.164,0.0366,281.88,18.469,79.465,14.114,1810.306,0.2196,29.703,0,0,0,0
118,3,3.805,14.583,37.026,3.074,0.0,252.02,0.152,12.397,14.881,0.414,0.0268,454.513,-13.916,-41.401,-16.176,6389.882,0.2187,32.0,0,0,0,0
343,3,-16.636,-64.506,-50.751,-16.433,0.3856,241.954,-8.449,-18.873,-15.009,-7.426,0.1153,301.066,-48.787,185.661,-40.655,3971.503,0.6591,84.39,1,0,0,1
2783,10,-33.283,-28.199,-68.527,-31.742,0.2891,265.681,1.636,-26.531,-39.462,1.758,0.2163,161.864,-17.328,-40.632,-12.222,3961.142,0.657,54.935,0,0,1,1
3979,10,-4.999,47.599,39.743,-4.569,0.0,540.267,3.582,5.429,15.543,4.254,0.0948,359.45,-1.881,48.473,4.608,2412.316,0.1731,30.13,0,0,0,0
1041,10,-12.398,-52.834,-58.974,-8.639,0.9311,267.589,-19.205,-15.464,-38.972,-18.723,0.3139,131.073,0.49,-114.715,-4.511,88.801,0.7775,88.043,1,0,0,1
4678,5,-4.862,9.32,-87.054,-3.569,0.0952,103.882,-5.396,27.301,23.776,-9.679,0.0,651.3,20.701,85.811,15.01,1185.567,0.0338,15.028,0,0,0,0
4457,5,15.059,20.628,-12.537,16.046,0.0,789.407,-13.821,-15.07,-13.783,-14.368,0.1654,348.16,13.07,93.794,14.619,933.951,0.1611,31.746,0,0,0,0
3322,10,-2.5,15.841,-10.36,-0.039,0.2269,73.298,5.863,6.196,35.185,5.212,0.0818,344.587,-0.139,-107.655,-3.432,6593.025,0.1687,0.0,0,0,0,0
1565,5,-33.394,-62.552,-62.974,-32.219,0.9439,209.575,-5.758,-25.743,-29.282,-4.33,0.1112,301.396,-37.076,-116.713,-30.418,1536.69,0.9887,77.98,1,0,0,1
3331,5,6.039,44.02,36.533,7.97,0.0,521.811,-9.713,29.114,5.489,-12.843,0.0465,416.832,-3.442,-13.023,7.083,1584.149,0.1003,24.797,0,0,0,0
4719,3,-9.799,-27.551,-85.565,-11.474,0.4183,104.678,-0.997,-22.711,-28.34,-4.455,0.288,242.649,-15.58,-2.092,-17.36,635.42,0.9604,87.597,1,1,0,1
2454,10,14.68,15.446,-18.077,17.24,0.1546,439.757,-21.416,-19.515,-35.782,-22.472,0.1514,269.393,-56.526,26.12,-40.816,1799.853,0.3468,11.765,1,0,0,0
2814,3,5.493,-0.359,-43.927,8.639,0.7397,297.203,-9.892,-33.938,-42.536,-14.019,0.3967,175.529,-83.596,32.317,-78.383,2482.832,0.6124,76.782,1,0,1,1
2787,5,-19.777,12.817,7.406,-20.019,0.2249,131.429,-14.297,-29.659,-6.952,-12.771,0.1455,528.575,-32.519,37.87,-32.269,2572.654,0.2643,0.0,0,0,0,0
2691,10,18.799,-14.382,7.896,16.043,0.0542,269.505,7.865,-8.083,-34.616,6.149,0.0,213.222,8.28,-77.59,-0.211,5148.521,0.1897,20.684,0,0,1,0
4865,5,-6.674,2.516,-45.975,-2.913,0.4427,178.723,4.132,-48.21,-50.672,3.314,0.1517,254.799,-20.871,20.999,-18.834,4132.014,0.5884,77.69,1,0,1,1
1143,5,5.166,0.199,43.491,4.241,0.1295,433.862,3.675,27.49,98.839,4.653,0.0,431.216,23.294,54.058,13.322,3592.788,0.2945,6.0,0,0,0,0
3559,3,5.706,24.316,6.153,4.233,0.0537,477.808,-19.707,19.395,8.812,-21.118,0.0342,298.538,4.053,-20.32,8.314,4675.308,0.4487,29.66,0,0,0,0
24,3,7.298,4.158,21.339,3.864,0.2004,425.08,-4.923,-23.17,-7.629,-9.565,0.1709,125.732,20.415,106.459,22.255,4904.187,0.1621,41.824,0,0,0,0
4917,5,9.595,-26.517,-15.767,5.704,0.3479,439.58,-9.585,-23.477,-27.647,-11.593,0.0,389.861,55.884,216.026,56.765,2752.53,0.1056,53.632,0,0,0,0
2287,10,20.628,-14.639,28.75,19.725,0.0,477.455,-19.652,-49.099,-32.479,-19.429,0.0933,310.041,-20.983,-35.203,-24.517,926.099,0.3114,15.192,0,0,0,0
3505,3,-0.521,3.613,22.744,-0.666,0.0754,546.806,-4.56,-9.073,-36.266,-3.159,0.0631,445.921,54.361,69.838,46.848,4209.859,0.4218,3.735,0,0,0,0
698,10,-27.751,-32.141,-53.797,-26.04,0.4554,153.976,-20.739,-39.555,-33.435,-21.599,0.2441,23.287,14.985,112.475,20.065,3680.502,0.519,98.373,1,1,0,1
3792,10,27.583,-4.066,83.447,25.049,0.0,609.131,-6.16,-10.482,20.502,-7.464,0.0743,482.775,25.41,-67.585,34.831,2803.913,0.1598,3.367,0,0,0,0
2364,5,9.124,-6.649,32.385,8.498,0.0,475.691,5.336,27.08,-2.235,7.696,0.0185,357.734,3.39,-38.144,13.834,3774.479,0.0631,0.0,0,0,0,0
1890,5,-15.734,-43.743,0.303,-18.567,0.1301,327.979,-1.005,-22.676,-16.424,0.107,0.0614,548.978,-73.8,-171.265,-77.322,3545.157,0.0,16.028,0,0,0,0
838,3,-9.324,26.146,-6.277,-10.043,0.1158,257.094,-0.428,-19.858,32.612,-1.01,0.1663,472.564,-44.26,105.976,-29.582,3224.981,0.0,12.594,0,0,0,0
1739,5,18.213,-8.928,-62.447,18.618,0.1022,679.254,2.736,-6.547,-38.159,7.107,0.0,263.603,-8.428,-51.15,-3.832,2491.624,0.2351,1.453,0,0,0,0
1907,10,-18.433,-44.853,-14.333,-13.603,0.4743,353.873,-8.795,40.18,34.267,-11.725,0.2169,347.144,-11.79,-30.709,-15.767,8843.113,0.4728,52.358,1,0,0,0
4729,3,11.391,20.681,55.168,12.081,0.0558,247.449,12.624,3.236,4.765,11.976,0.0637,174.117,-23.35,33.994,-19.585,5236.236,0.0,9.976,0,1,0,0
460,5,-16.187,-24.1,-78.911,-17.196,0.3879,256.819,-12.474,-11.25,-15.648,-14.007,0.6324,87.409,19.685,-2.609,21.262,9202.663,0.7961,73.388,1,0,1,1
3395,10,5.078,4.965,-65.868,6.407,0.0,319.865,-13.862,24.477,35.217,-7.82,0.1192,345.618,7.967,-78.764,-14.885,3206.91,0.2288,0.0,0,0,0,0
463,3,-3.102,-4.622,8.237,-0.528,0.0542,239.075,-3.302,9.77,54.761,-1.749,0.0,367.461,-3.416,-23.895,-10.7,2897.985,0.0253,2.79,0,0,0,0
3678,5,-29.272,-10.949,-27.813,-29.492,0.485,196.76,-0.959,-12.229,17.369,-4.072,0.0664,191.28,-47.122,-60.722,-54.967,5333.862,0.4649,70.509,0,0,0,0
1629,3,-5.024,1.101,-25.006,-2.021,0.036,460.324,-26.541,-14.915,15.396,-24.834,0.0429,455.339,53.513,-116.4,50.583,488.247,0.078,17.397,0,0,0,0
3818,5,-11.855,-60.209,-69.647,-10.529,0.8849,264.319,-6.75,-24.868,-33.339,-7.998,0.1475,166.997,-103.181,-67.58,-95.126,2209.503,0.6541,65.7,1,0,0,1
4526,3,-3.688,-32.513,-24.678,-0.215,0.4156,504.991,-9.975,6.393,-1.363,-6.212,0.398,208.752,-61.255,-112.214,-71.646,4369.339,0.8397,44.446,0,0,0,1
2561,5,23.38,-20.26,5.033,21.775,0.3754,553.117,-0.432,-7.115,5.366,-0.728,0.1511,88.637,-29.464,-75.223,-39.588,3066.98,0.0,23.645,0,0,0,0
285,5,3.451,-54.43,-0.312,4.852,0.0432,260.643,-9.13,-5.706,-32.522,-9.152,0.1371,49.128,44.678,-17.271,50.689,2768.243,0.7548,68.854,0,0,1,1
155,10,-3.348,-35.013,-14.149,-7.886,0.6493,174.992,-13.45,9.434,-7.257,-8.919,0.3361,176.117,23.79,75.885,20.763,3045.53,0.5748,66.656,0,1,0,1
3859,3,19.69,-18.752,-49.89,16.033,0.0,266.655,-21.594,-65.22,10.747,-23.851,0.2987,569.176,-22.446,-3.564,-38.716,6737.16,0.2563,8.722,0,1,0,0
3727,10,5.55,-33.735,-57.073,6.342,0.1061,228.681,-11.64,-24.68,-30.386,-8.538,0.144,151.297,4.201,16.444,18.409,3914.409,0.1877,26.423,0,0,0,0
4405,5,-0.486,74.271,46.454,-0.896,0.243,417.319,-8.441,-27.307,-4.311,-12.047,0.137,125.476,31.597,-195.152,22.108,4509.483,0.181,30.639,0,0,0,0
1442,10,7.808,-26.775,-2.444,9.215,0.1449,272.829,-11.772,2.248,20.571,-10.481,0.0,169.592,11.496,36.052,12.3,2175.077,0.084,16.094,1,0,0,0
2496,10,-24.664,-25.982,-35.707,-23.126,0.4075,385.605,16.819,-18.963,-15.254,17.579,0.0608,410.489,-21.525,-202.758,-38.224,4181.48,0.8017,30.225,0,0,0,0
2051,10,5.24,-64.485,-61.92,6.383,0.3199,395.472,-21.647,-40.86,-42.552,-24.104,0.2842,469.164,-18.075,-199.496,-7.364,3131.981,0.57,66.859,1,0,0,1
1592,10,2.013,35.578,56.339,1.602,0.0542,417.626,-28.872,6.454,11.126,-30.608,0.0847,67.186,-3.306,-38.165,3.102,5827.864,0.0252,11.587,0,0,0,0
3775,3,5.767,-1.013,5.19,6.299,0.0694,344.598,-5.09,-20.907,-12.375,-5.388,0.0,288.585,14.909,-45.851,0.364,6595.599,0.0348,21.83,0,0,0,0
4999,3,15.689,-45.315,6.612,17.442,0.0841,735.067,-1.47,-8.787,22.416,0.107,0.1565,339.953,-12.192,0.368,-10.349,5595.332,0.0903,0.0,0,0,0,0
2678,5,-32.796,-43.437,-70.836,-34.276,0.5377,239.574,-20.078,-21.297,-3.642,-21.486,0.3531,159.665,31.85,-118.672,27.096,1572.187,0.5848,70.503,0,0,0,1
769,10,11.649,-20.848,31.24,12.135,0.0718,339.275,7.969,-16.543,16.832,5.363,0.0628,138.119,4.937,-28.398,1.1,215.777,0.1246,15.189,0,0,0,0
62,5,13.767,-34.836,21.757,14.036,0.0,131.485,-8.051,0.761,-14.508,-7.487,0.0,376.794,28.975,11.165,19.702,5548.608,0.3424,23.3,0,0,0,0
194,5,-4.633,-18.023,77.224,-1.861,0.021,316.465,-7.277,39.263,-9.528,-6.897,0.064,267.503,44.928,27.336,43.362,35.646,0.4531,8.395,0,1,0,0
1174,10,18.141,-26.168,-40.249,19.756,0.2464,570.04,-9.54,25.49,-9.357,-11.201,0.1601,462.491,-26.758,-76.387,-32.33,6586.919,0.3578,38.32,0,0,0,0
2871,10,-35.862,-40.639,-62.729,-37.347,0.5718,191.146,3.628,-37.437,-45.247,7.451,0.1988,69.006,-112.887,20.755,-120.709,2513.529,0.6764,64.085,1,0,1,1
651,10,-14.258,-5.375,19.473,-15.715,0.0603,276.461,5.868,-3.486,-56.374,3.199,0.1793,131.696,-67.34,-23.898,-56.252,868.353,0.1283,33.053,0,1,0,0
3705,3,12.802,1.795,-5.649,12.814,0.2799,257.379,13.636,27.489,-23.663,10.304,0.0945,219.782,4.493,113.245,0.076,4130.901,0.1352,12.82,0,0,0,0
675,3,-21.971,-49.55,10.295,-21.768,0.2535,648.702,5.856,23.092,-62.833,8.054,0.0,126.974,-13.952,-6.12,-20.059,2699.216,0.2398,10.834,0,0,0,0
1708,10,11.058,-0.204,42.869,11.224,0.0,477.169,-4.393,-16.631,-21.673,-2.23,0.1159,218.856,42.921,-53.751,37.511,5012.062,0.2753,0.019,1,0,0,0
611,10,3.78,3.281,41.136,5.979,0.0792,498.703,14.678,-25.279,1.56,15.268,0.0,516.252,-30.618,-102.951,-23.844,8229.648,0.0142,24.19,0,0,0,0
836,5,-11.256,-55.879,-61.087,-12.015,0.5749,226.266,-4.284,-37.372,-38.367,-5.843,0.2532,100.191,-19.858,-169.802,-5.727,253.418,0.6997,60.248,1,0,0,1
987,10,0.856,-26.929,43.856,0.277,0.1705,41.476,10.265,5.276,30.991,10.265,0.0591,186.235,-14.517,17.647,-8.392,4185.183,0.2806,19.579,0,0,0,0
305,3,15.006,35.826,1.175,15.457,0.0,291.657,18.227,-12.848,-23.295,18.687,0.091,312.081,26.043,53.082,25.489,2388.673,0.2817,16.366,0,0,0,0
4826,5,13.82,-14.496,87.195,12.66,0.0,343.641,-4.084,-47.101,-25.05,-9.516,0.0114,212.362,-0.205,-105.441,-1.732,472.087,0.118,2.749,0,0,0,0
4468,3,-4.082,-41.311,-74.057,-0.311,0.1929,502.534,-7.438,-26.03,-25.628,-4.557,0.1955,355.899,35.053,40.632,33.909,7204.61,0.3283,24.87,1,0,0,0
1270,3,-23.537,-14.282,-44.457,-21.412,0.1369,429.052,-12.017,-26.312,15.258,-14.283,0.0,202.115,-11.778,82.547,-8.069,976.615,0.117,3.768,0,0,0,0
1051,3,-8.243,-38.527,-46.873,-7.579,0.5275,285.266,-12.819,-5.359,-78.806,-14.186,0.0997,125.823,-21.768,183.038,-31.964,5741.715,0.7403,100.0,1,0,0,1
4776,10,16.221,-22.141,33.932,14.3,0.0159,317.63,-6.71,-7.157,61.25,-7.203,0.015,396.869,15.16,36.102,10.576,4566.511,0.0,0.0,0,0,0,0
3758,10,-29.17,-54.772,-65.001,-28.933,0.7976,248.637,-1.748,-25.546,-23.576,-1.208,0.6958,72.712,-13.165,-194.783,-8.55,5431.177,0.6397,44.679,1,1,0,1
3048,10,-32.187,6.194,-26.885,-29.84,0.673,110.709,-3.816,-23.427,-34.141,-2.803,0.2991,161.854,-37.124,83.693,-42.901,1865.359,0.9236,42.264,1,0,1,1
4360,5,36.281,-17.79,-2.354,35.888,0.1348,365.922,6.376,-24.52,-16.279,2.853,0.0638,401.679,-3.31,-35.915,-4.222,3489.353,0.0,26.813,0,0,0,0
3552,10,-9.58,-53.811,-60.393,-8.406,0.3257,188.008,-3.577,-27.842,-19.918,-5.404,0.2507,221.866,21.908,19.228,14.772,3696.175,0.3291,83.001,1,0,1,1
814,10,-2.797,-14.731,-22.316,-4.783,0.9109,200.557,-15.896,2.385,20.507,-14.728,0.4384,287.926,34.662,-52.738,28.614,2055.307,0.7083,30.911,0,0,0,1
4808,5,-19.015,-14.643,-71.073,-19.733,0.7752,138.843,-9.434,17.85,4.699,-9.462,0.0279,61.273,-21.896,-163.309,-21.232,3550.578,0.8291,50.743,1,0,0,1
1984,3,-12.113,-19.441,-26.55,-10.512,0.2196,481.647,-0.851,-47.538,-32.279,0.553,0.0011,137.314,58.605,-85.162,65.758,2312.527,0.096,35.524,0,0,0,0
2174,10,-21.282,7.329,6.714,-22.992,0.174,260.544,11.062,3.274,34.403,13.134,0.0683,263.527,-27.225,137.349,-23.246,5258.852,0.2923,12.677,1,0,0,0
952,10,14.062,6.206,-37.035,14.048,0.0008,329.294,-4.638,-30.133,-37.608,-5.792,0.1138,248.311,2.89,-82.651,-3.642,8188.138,0.3379,0.0,0,0,0,0
4260,10,0.88,44.273,-16.362,0.229,0.0385,170.165,1.729,27.33,-19.41,1.116,0.0299,265.544,-1.889,1.329,-10.527,762.074,0.3207,10.982,0,0,0,0
2220,5,7.0,23.498,-22.435,8.482,0.339,768.088,-0.909,24.763,-6.133,-1.53,0.1835,263.22,22.996,159.537,26.595,5569.751,0.2893,7.559,0,0,0,0
92,10,8.448,-2.476,-75.627,6.36,0.1602,105.977,8.821,25.033,54.58,10.965,0.0,201.096,-4.334,55.636,-3.203,6032.81,0.0932,17.584,1,0,0,0
3989,3,-4.513,-12.756,6.709,-4.478,0.1273,416.963,-10.224,12.078,4.285,-12.547,0.1728,324.356,51.298,-146.602,45.457,2585.87,0.3982,11.348,0,0,0,0
1229,5,-8.716,53.704,-32.766,-12.234,0.3308,18.844,-10.198,-14.833,6.969,-11.095,0.0,299.865,-27.686,-14.323,-27.898,285.725,0.1268,30.914,0,0,0,0
3589,3,20.845,11.264,39.206,21.495,0.0587,580.897,-8.856,46.108,27.485,-4.561,0.089,356.335,4.155,-120.366,11.655,274.801,0.2133,18.772,0,0,0,0
4003,3,26.395,21.952,32.734,28.173,0.1587,405.613,4.408,8.192,3.311,7.195,0.0491,491.804,56.238,-120.829,54.845,6036.999,0.4495,39.474,1,0,0,0
3960,10,13.26,-51.7,-20.138,12.931,0.5679,487.422,13.47,-22.432,34.625,10.863,0.1397,5.527,18.732,-35.317,9.546,6474.73,0.3391,66.219,0,0,0,0
4683,5,-27.661,-32.514,-54.31,-27.278,0.6401,192.482,-3.436,5.281,0.236,-2.749,0.3091,146.027,-6.804,-160.624,-1.432,4018.328,0.5111,93.487,1,1,0,1
239,3,-20.374,36.525,29.957,-18.775,0.0229,146.731,-11.441,-1.261,-54.336,-14.485,0.0346,21.163,48.741,-98.358,47.704,5634.025,0.0,16.672,0,0,0,0
2090,10,-1.198,-49.714,-54.252,-1.34,0.5417,235.316,-14.87,-17.983,-51.556,-15.547,0.3649,152.416,-66.814,250.421,-57.225,988.838,0.6281,88.275,1,1,0,1
91,3,-4.637,-29.424,-16.043,-6.899,0.0404,104.263,-3.615,13.45,13.92,-2.32,0.039,82.996,91.333,61.281,83.801,4288.56,0.1069,0.0,0,0,0,0
801,3,0.084,-13.598,-18.777,0.185,0.1974,453.327,-0.291,-6.22,31.043,-1.075,0.033,649.827,23.017,-160.762,20.972,2599.185,0.2316,11.564,0,0,0,0
4511,3,-14.39,-9.269,-22.901,-15.739,0.1354,389.527,5.9,-1.046,-46.632,4.574,0.2913,17.889,-29.401,-46.342,-38.166,5294.402,0.1692,22.265,0,0,0,0
4041,3,16.469,-21.579,-32.44,15.071,0.2787,223.538,3.947,24.675,-1.459,3.983,0.079,342.195,14.843,113.451,16.982,1242.418,0.2489,59.463,0,0,0,0
3332,5,0.382,-3.766,-17.524,0.719,0.0148,275.759,-6.657,31.214,-16.719,-4.636,0.1153,207.961,-54.979,17.905,-52.27,3433.629,0.3244,24.391,0,0,0,0
3578,3,-16.538,-60.817,-21.76,-14.199,0.0992,634.368,0.775,-30.367,5.825,0.945,0.1683,437.409,-8.792,-2.316,-9.686,4059.124,0.3457,9.414,0,0,0,0
1211,3,3.772,-22.076,4.774,5.429,0.1799,247.641,4.835,-3.039,14.498,4.614,0.0493,248.196,-13.154,107.755,-6.368,6626.722,0.2959,26.575,0,0,0,0
3612,10,-11.551,-51.848,-64.938,-13.489,0.9297,223.802,-5.021,-14.34,-20.296,-4.593,0.6205,64.009,-28.774,-175.472,-20.664,4724.884,0.5496,71.555,0,0,0,1
2208,5,-18.293,-4.667,23.608,-14.786,0.0035,129.429,20.071,-11.267,40.401,19.804,0.0997,173.868,-59.982,90.52,-71.335,3744.663,0.1874,17.497,1,0,0,0
4423,5,-1.148,10.449,17.836,-1.282,0.1938,310.696,-7.473,3.487,22.678,-9.541,0.0,0.754,16.789,-118.637,23.233,1657.514,0.0,0.0,0,0,0,0
3990,5,-28.53,-28.416,11.073,-25.349,0.0,240.148,5.708,3.121,-40.44,4.862,0.0,280.461,22.962,-48.973,42.743,6569.93,0.2641,36.797,0,0,0,0
1168,10,-15.093,-15.606,-23.721,-17.918,0.3424,178.017,-2.723,-19.734,3.418,-2.645,0.233,149.281,-35.92,48.656,-28.789,359.656,0.473,75.83,0,0,0,1
4703,10,13.543,-3.09,-36.569,15.009,0.1033,88.578,11.199,-11.85,8.285,13.189,0.0,344.486,27.442,3.117,16.289,4886.754,0.3082,29.096,0,0,0,0
2480,5,-3.886,-2.031,-60.155,-7.525,0.1413,522.56,4.395,16.092,-16.753,4.327,0.1272,156.512,-60.916,145.136,-66.174,207.484,0.0,18.123,0,0,0,0
4239,10,-18.495,-5.749,-31.478,-14.646,0.2743,584.993,-22.447,6.747,7.167,-20.779,0.2134,175.523,-0.101,-1.235,3.043,2376.735,0.2803,66.901,1,0,0,0
2906,5,6.989,8.415,17.729,9.81,0.0815,306.11,-6.935,17.895,-26.428,-6.537,0.0447,447.967,-2.532,46.814,-3.717,2765.841,0.2629,26.987,1,0,0,0
2046,5,-19.357,-45.61,-11.789,-18.396,0.5181,387.1,-11.577,8.009,-26.136,-15.327,0.0,173.157,-32.353,154.71,-32.426,6418.179,0.5651,41.306,0,0,0,1
2258,5,1.659,34.312,1.257,3.985,0.0078,155.657,1.203,-28.251,-20.063,2.945,0.1153,234.848,-58.628,-58.932,-70.589,1718.098,0.278,18.906,0,0,0,0
1893,5,-14.651,-33.225,-7.122,-14.619,0.5256,459.511,-1.451,-4.686,1.84,-6.142,0.6001,179.81,-20.895,-13.635,2.474,1173.206,0.8356,52.009,1,0,0,1
3287,5,-20.293,-36.526,-67.414,-19.712,0.8307,242.968,-14.063,-21.629,-26.291,-11.983,0.3619,138.109,-7.47,-255.476,-2.883,9.734,0.3868,35.248,0,0,0,1
4604,3,13.447,-8.732,12.801,15.603,0.0,497.694,-6.722,-3.064,-15.536,-4.124,0.1567,641.044,-41.757,122.62,-33.189,5224.305,0.246,10.756,0,0,0,0
1134,5,4.458,37.214,-33.025,7.248,0.0139,399.575,-4.75,-1.177,-59.504,-8.089,0.0168,182.371,32.541,39.174,37.574,4478.261,0.0,0.0,0,1,0,0
4626,5,8.423,28.284,-8.822,8.458,0.0675,632.234,-1.955,-6.329,34.759,-4.642,0.1054,13.609,-1.396,-127.122,0.96,3629.849,0.0639,9.253,0,0,1,0
712,3,-4.568,2.644,44.979,-6.154,0.0539,546.628,-13.926,-30.201,23.82,-15.141,0.1592,452.981,54.472,-82.849,61.65,5363.664,0.2581,0.0,0,0,0,0
2740,10,-5.198,16.81,24.162,-5.252,0.2096,373.656,2.583,-16.276,-9.39,0.638,0.0212,377.202,-13.246,-22.318,-10.979,2186.426,0.0,0.0,0,0,0,0
2206,10,9.007,-36.773,2.364,3.446,0.0798,358.093,25.576,23.42,-1.46,24.749,0.1741,357.905,-0.482,100.016,3.363,1494.757,0.0533,18.184,0,0,0,0
1718,5,2.904,-13.777,1.498,0.213,0.0673,515.095,-4.324,-8.734,2.663,-4.852,0.0877,155.924,-12.825,140.103,-12.21,3812.463,0.3498,0.0,0,0,0,0
486,5,-9.519,-38.857,-27.104,-10.99,0.1166,483.296,-7.029,-9.277,-26.2,-8.381,0.0139,303.501,-17.126,-37.481,-15.527,5520.253,0.3047,9.046,0,0,0,0
81,10,-9.22,-44.743,-50.192,-8.722,0.4805,224.094,-8.848,-22.211,-39.754,-9.763,0.5836,194.799,-45.298,18.21,-31.989,2527.934,0.8221,79.777,0,1,1,1
577,3,9.58,-3.125,17.159,9.644,0.1963,357.535,-15.01,37.267,74.21,-15.639,0.0422,531.022,-7.004,48.339,-11.329,5460.126,0.376,37.052,0,0,0,0
3366,10,31.235,-6.717,-18.004,33.678,0.0899,220.139,-18.326,2.432,-14.074,-19.827,0.0611,424.377,5.343,24.561,14.928,1388.657,0.1575,7.995,0,0,0,0
4906,5,-7.461,10.89,-39.98,-5.518,0.1308,489.453,-6.388,14.466,-25.843,-6.152,0.1596,521.237,71.334,-68.389,77.217,138.297,0.114,4.418,0,0,0,0
2165,3,-7.323,-61.216,-54.874,-5.345,0.4526,333.519,-5.642,-14.071,-65.345,-7.423,0.1764,175.792,-64.793,-107.777,-64.94,3774.181,0.867,44.375,1,0,0,1
2645,5,-3.06,16.486,0.955,-5.666,0.0711,215.475,-10.56,16.126,-33.918,-9.787,0.1045,385.823,-25.53,-48.673,-24.936,9544.489,0.2445,14.792,0,0,0,0
4778,10,15.612,-20.994,18.77,15.247,0.0,498.321,10.488,33.816,41.329,10.472,0.0,125.099,-10.7,10.939,-11.242,3468.478,0.2531,15.608,0,0,0,0
3088,10,-18.337,-33.746,-49.436,-17.356,0.541,275.751,-0.547,-11.888,-29.07,-3.08,0.2672,54.107,-58.767,-79.36,-70.072,766.919,0.6971,41.991,1,0,0,1
3144,10,-24.546,-25.041,-4.704,-21.073,0.0,168.651,-23.961,-44.525,-3.45,-25.408,0.1715,161.512,-39.783,-213.423,-51.211,5392.653,0.6909,60.922,1,0,0,1
380,3,-18.042,4.409,50.585,-19.192,0.0572,321.417,4.258,-4.693,-34.286,0.783,0.0377,74.931,28.909,107.917,12.869,4636.292,0.3172,28.358,0,0,0,0
543,10,-25.675,51.626,-43.511,-26.441,0.0337,537.039,-5.163,32.399,17.745,-7.813,0.0286,332.322,28.288,5.688,35.401,328.769,0.0,19.738,0,0,0,0
2431,5,-25.434,-18.705,-44.663,-26.138,0.2573,175.505,-3.377,-10.464,-17.135,-5.392,0.4141,31.185,37.44,-230.819,45.584,1950.386,0.7481,73.66,0,0,1,1
3681,3,-5.969,32.964,-27.784,-5.614,0.1383,385.677,-12.208,13.305,32.566,-10.469,0.0895,342.823,-5.175,-41.242,-8.192,5558.958,0.2213,31.566,0,0,0,0
1166,10,-8.13,-33.512,-64.694,-8.951,0.1516,651.752,0.722,-0.386,20.787,-1.208,0.0385,191.538,25.044,18.809,16.129,4087.055,0.1408,45.109,0,0,0,0
1877,5,0.046,10.175,14.648,-1.445,0.092,339.147,-16.555,8.05,10.055,-16.41,0.2222,226.854,54.242,-178.471,47.483,89.767,0.0182,10.664,0,0,0,0
1377,5,5.781,-14.679,-22.594,5.362,0.0307,279.854,24.231,18.78,-11.048,23.67,0.1103,457.789,-30.526,54.687,-26.826,3456.705,0.3711,9.879,0,0,0,0
4060,10,-9.082,-18.081,-63.778,-13.536,0.3458,239.441,-3.532,-22.264,-4.581,-2.539,0.0767,68.453,-25.191,47.481,-23.268,748.704,0.8888,81.227,1,0,0,1
4968,5,-12.567,-29.702,-46.029,-12.605,0.2008,273.436,5.59,-17.606,-46.888,4.634,0.0,432.11,-39.002,4.422,-44.315,3846.91,0.3097,35.291,0,0,0,0
3953,10,-12.803,-20.271,-39.766,-14.389,0.6898,204.652,-10.717,-29.806,-57.063,-8.715,0.1071,239.065,-27.381,-179.491,-21.62,4952.782,0.71,54.746,1,0,0,1
2956,3,-3.531,-0.188,-17.259,-2.777,0.1387,154.547,9.202,-12.509,-0.17,9.293,0.0133,368.782,-33.698,83.182,-39.741,4363.666,0.41,0.0,1,0,0,0
4148,10,-12.358,-40.49,-84.775,-8.874,0.6335,111.987,-9.77,1.099,-22.46,-9.577,0.3452,17.942,75.345,-80.411,72.129,4003.006,0.6489,76.86,1,1,1,1
4940,3,29.084,11.568,37.143,26.581,0.0232,725.892,-20.92,-2.078,25.27,-21.701,0.0928,490.512,-34.868,140.044,-43.956,3874.359,0.2755,6.519,0,0,0,0
111,10,-8.611,17.508,-26.624,-11.417,0.1366,559.253,-6.233,8.605,1.646,-5.809,0.1822,198.386,1.779,-54.446,-14.656,4259.098,0.1232,18.431,0,0,0,0
3073,3,-11.513,-75.521,-43.037,-12.839,0.6679,477.659,-0.485,-25.166,-31.37,1.483,0.0,94.065,14.906,-179.888,27.416,3600.906,0.6503,66.549,0,0,0,1
1484,10,-16.273,-14.711,27.614,-15.733,0.0,493.553,-3.522,2.036,14.236,-2.368,0.0952,347.639,-41.355,16.309,-45.251,6476.017,0.1103,17.636,0,0,0,0
766,3,-3.459,-14.649,-5.333,-2.255,0.1184,369.27,-11.605,3.056,7.731,-8.51,0.0246,320.216,19.167,52.486,17.626,5229.296,0.143,22.822,0,0,0,0
3449,5,0.624,-68.892,-24.017,1.546,0.0,993.543,5.434,-0.33,11.018,1.725,0.1941,572.096,-33.846,-253.736,-24.965,585.155,0.2789,25.852,0,0,0,0
3116,5,-11.902,-44.091,-24.202,-12.717,0.6519,75.352,-5.847,2.54,-28.116,-7.398,0.5009,229.505,86.314,-138.11,89.884,2048.473,0.875,43.423,1,1,0,1
4020,5,7.702,23.662,-14.932,10.088,0.0777,356.675,-13.936,-13.129,10.375,-12.445,0.02,521.561,62.441,23.517,65.855,5866.375,0.0,0.0,0,1,0,0
3126,5,-3.317,32.198,4.551,-5.748,0.0,376.743,18.866,-22.37,-47.647,18.723,0.0,106.935,37.461,-76.589,36.293,2765.487,0.1918,2.188,0,0,0,0
4199,3,7.891,28.021,-41.129,3.588,0.0,287.502,-20.421,21.56,-17.25,-22.586,0.0569,277.765,-37.027,-19.432,-40.107,2919.392,0.1836,13.564,0,0,0,0
2140,5,-12.448,19.537,54.472,-8.64,0.147,173.874,19.209,-17.898,34.571,22.757,0.0082,133.957,5.912,-102.386,1.275,4822.524,0.1615,10.757,0,0,0,0
98,3,-37.831,-23.755,7.423,-38.647,0.0249,764.27,-4.344,29.227,3.454,-0.212,0.1542,416.93,-4.808,-61.74,14.232,3630.501,0.3018,16.308,0,0,0,0
1025,3,-2.627,2.615,41.124,-2.609,0.1532,444.622,-11.902,3.405,16.907,-12.414,0.0,341.297,11.079,73.934,2.56,4014.089,0.3071,14.43,0,0,0,0
4175,3,-2.902,-24.538,29.288,-5.542,0.0823,367.665,-2.801,1.616,-34.203,-4.827,0.1448,81.927,-93.44,-8.727,-100.894,3310.17,0.0285,20.185,0,0,0,0
2788,5,-1.322,4.941,-74.991,-3.692,0.1815,225.109,-4.597,1.435,-36.873,-7.582,0.0,473.259,88.699,69.084,84.7,2663.385,0.2339,0.0,0,0,0,0
2541,3,-29.863,-38.342,-62.129,-32.82,0.66,149.485,-20.269,3.72,-26.725,-22.373,0.2206,169.18,51.493,43.906,50.924,699.036,0.9049,62.938,1,0,0,1
1467,10,-13.337,21.076,-11.57,-17.44,0.1099,260.392,3.266,23.356,-56.071,4.147,0.1118,306.969,-42.478,-39.957,-34.196,4495.054,0.0683,15.792,0,0,0,0
3226,5,5.763,-14.444,3.763,9.702,0.0,473.76,-2.566,17.054,11.462,-1.654,0.2818,206.402,-42.458,-97.142,-32.466,3615.968,0.3746,16.98,0,0,0,0
3492,3,-6.422,-21.33,61.701,-4.981,0.17,124.789,4.314,28.212,11.874,6.499,0.1643,271.111,-7.284,-41.75,-11.091,2044.896,0.2427,12.734,1,0,0,0
4902,5,-12.833,-9.468,4.576,-12.848,0.0,201.515,-14.148,-0.209,33.667,-14.934,0.0189,337.756,-5.711,121.25,-5.874,2832.949,0.4569,34.525,0,0,0,0
3695,10,-19.523,-27.577,-100.0,-17.195,0.759,188.416,-15.588,-46.847,-7.75,-16.747,0.1955,281.115,-94.413,-145.154,-94.508,3328.307,0.7582,100.0,1,0,0,1
4359,10,19.053,-7.199,-10.299,19.333,0.0455,94.749,9.228,-12.253,-13.651,8.559,0.1547,373.231,1.604,-69.394,1.625,4978.286,0.3213,5.49,0,0,0,0
1432,3,-7.519,-53.626,-51.623,-7.96,0.2723,456.51,-19.971,-22.258,5.26,-22.091,0.0,184.035,-10.495,-219.017,-10.259,4991.99,0.7008,18.749,0,0,0,0
301,3,-13.574,-50.647,-40.448,-16.267,0.6448,345.639,-15.004,7.2,-47.873,-15.923,0.137,160.925,-0.721,145.512,10.994,1980.211,0.7025,77.628,1,0,0,1
3412,3,-19.824,-65.884,-50.031,-16.525,0.686,423.058,-6.037,-19.267,1.24,-8.683,0.0872,215.071,-51.695,-19.887,-51.223,1629.257,0.3816,78.626,1,0,0,1
4799,10,15.226,6.301,-7.798,13.257,0.0277,359.854,1.018,10.575,-3.474,0.919,0.0858,63.176,-11.382,-102.36,-14.635,529.264,0.3985,12.673,0,0,0,0
554,10,-10.171,-12.253,-6.273,-8.986,0.1101,908.962,-1.505,-23.196,12.412,-2.267,0.0925,281.849,32.283,94.811,30.177,1732.583,0.3326,15.032,0,0,0,0
334,5,-3.609,-13.095,-83.578,-1.096,0.1257,646.643,-13.675,5.484,17.818,-14.444,0.0928,98.678,-20.378,42.398,-25.278,4089.534,0.2126,0.0,0,0,0,0
3060,10,-17.773,34.08,28.866,-18.727,0.0752,291.885,1.51,-1.162,-21.446,3.721,0.0505,279.939,-1.323,-12.212,-7.962,1157.889,0.0166,8.323,0,0,0,0
2654,5,10.989,5.302,-5.357,9.852,0.1489,297.335,-18.601,19.711,28.434,-15.976,0.0886,460.932,-35.362,4.983,-43.031,729.883,0.2445,5.09,0,1,0,0
3556,10,-1.434,-28.112,54.89,-2.815,0.0754,319.574,5.242,-70.276,-5.568,2.44,0.2291,45.17,14.421,-32.254,24.374,3414.102,0.0,2.041,0,0,0,0
3524,3,28.634,17.247,-6.454,30.375,0.0752,14.678,-0.236,-16.906,6.833,-1.356,0.1207,547.369,18.512,-58.3,8.438,1002.001,0.25,23.186,0,0,0,0
1967,5,8.509,41.436,-38.19,11.031,0.0171,640.831,0.18,29.843,35.224,-2.618,0.0482,692.719,-53.401,-21.336,-58.096,1691.984,0.0,14.648,0,0,0,0
505,5,-3.235,-13.144,5.171,-4.458,0.0619,571.581,-3.619,18.329,18.146,-3.633,0.1183,458.2,-41.378,6.117,-38.421,2402.405,0.1884,2.651,0,0,0,0
2817,3,-21.298,29.333,-34.014,-22.586,0.0056,446.251,4.629,-24.177,13.518,4.516,0.0,200.012,-63.068,-50.254,-69.8,5226.642,0.3377,18.183,0,0,1,0
3462,5,-34.161,-54.137,-78.432,-34.173,0.4681,274.328,-15.417,-2.573,-20.664,-14.278,0.1882,77.062,40.826,53.461,49.089,2380.892,0.5907,99.952,1,0,1,1
2375,3,2.56,-3.756,-14.299,4.628,0.1221,361.935,-2.801,-14.168,35.768,-2.155,0.1325,306.86,-35.314,137.375,-32.618,3922.202,0.0,29.182,0,0,0,0
932,10,-26.1,46.244,56.618,-29.608,0.0553,311.369,21.5,21.227,18.683,17.623,0.0815,74.562,16.051,-40.212,12.431,726.191,0.0,32.612,0,0,0,0
262,5,-0.476,39.36,-17.649,-1.445,0.0396,23.208,4.881,1.318,38.684,3.595,0.1773,575.075,-5.901,137.644,-1.787,4135.726,0.2669,25.618,0,0,0,0
819,5,-23.228,35.396,-17.138,-21.383,0.1928,526.535,9.865,-20.024,29.995,10.995,0.1536,56.032,-48.724,18.546,-52.317,2835.124,0.0,0.0,0,0,0,0
2451,5,-20.084,-8.682,-52.88,-21.865,0.3104,212.077,-1.341,-9.079,4.796,1.495,0.6303,72.893,-6.41,-37.291,-15.763,4699.844,0.4843,71.817,1,0,0,1
4974,10,24.936,-45.219,19.322,28.566,0.0618,292.868,-10.943,2.011,-7.497,-10.512,0.0249,418.159,-20.052,-61.366,-17.955,3.641,0.3623,6.127,0,0,0,0
2584,3,-14.972,-39.63,-24.547,-18.499,0.6888,314.403,-5.659,-30.342,-4.62,-8.42,0.6323,25.373,-32.626,121.892,-35.791,1576.17,0.6904,35.312,1,0,0,1
4828,10,-10.879,25.852,-9.84,-10.35,0.103,250.214,8.806,-16.981,-71.039,6.766,0.0068,296.265,34.762,20.734,26.535,6107.068,0.2715,16.587,0,0,0,0
4531,5,-2.8,-14.683,35.398,-3.77,0.0008,626.584,-17.333,-12.722,-2.394,-16.461,0.1394,495.052,11.181,-192.409,10.4,27.454,0.2784,14.996,0,0,0,0
4370,5,-13.774,-4.714,-48.174,-12.774,0.6378,13.813,-1.248,-40.371,-5.334,-2.824,0.0689,186.121,7.261,86.851,21.518,2639.756,0.7386,71.477,1,0,0,1
1329,5,8.45,2.956,-34.664,6.82,0.0429,183.172,16.747,-29.026,2.084,18.648,0.0126,467.875,-56.768,-135.06,-61.295,288.547,0.1492,4.546,0,0,1,0
1543,5,7.49,-19.765,-64.967,9.379,0.1347,401.619,-1.483,-1.587,17.204,-0.331,0.0,161.78,44.843,25.678,41.707,1459.185,0.2028,24.297,0,0,0,0
1579,5,-8.845,-35.348,-10.766,-6.708,0.0006,301.606,24.004,14.478,20.264,24.424,0.1769,358.333,29.414,-16.226,37.608,5758.753,0.2224,19.603,0,0,0,0
4988,3,3.574,-3.59,-27.486,3.132,0.0,621.099,2.196,-2.516,-51.274,0.256,0.1899,134.017,-22.892,16.304,-24.671,2995.52,0.1165,14.648,0,0,0,0
3045,5,-34.697,7.366,75.055,-32.382,0.0236,274.065,-3.02,6.365,-13.694,-1.283,0.0232,104.112,38.871,-35.211,38.257,2856.259,0.3917,11.697,0,0,0,0
1033,3,-18.668,-42.578,0.624,-21.185,0.4973,177.701,-24.351,-5.734,-46.492,-25.083,0.5388,225.477,-18.528,78.97,-11.262,4901.37,0.9248,55.628,1,0,0,1
2318,5,17.439,-4.739,-22.516,17.566,0.0,753.631,16.83,33.868,-8.422,16.652,0.0873,344.668,24.166,126.806,12.055,7373.886,0.1651,8.288,0,0,0,0
900,5,-18.271,-23.562,-22.961,-19.791,0.0868,353.343,22.381,-12.593,12.512,23.444,0.1195,451.599,5.743,124.762,2.909,3549.257,0.3068,21.591,0,0,0,0
1977,3,-8.24,57.032,8.173,-6.737,0.0979,263.375,-4.979,-23.034,72.507,-3.109,0.1544,554.438,-31.114,113.794,-30.734,3372.604,0.3305,18.182,0,0,0,0
785,5,-20.085,-18.618,-16.22,-17.074,0.151,440.708,-22.14,6.545,7.154,-24.042,0.164,203.351,48.208,-11.929,38.438,3660.666,0.2656,5.666,0,0,0,0
2764,10,18.949,-34.204,-56.152,19.484,0.4187,309.517,8.817,24.874,16.858,7.031,0.0711,248.326,-0.824,-50.272,0.301,4332.757,0.3075,42.738,0,0,0,0
2188,10,-10.407,-4.177,-23.043,-11.986,0.211,127.792,-10.0,7.398,-14.362,-10.906,0.1565,334.751,-52.068,-40.743,-49.654,1901.52,0.3405,12.121,0,0,0,0
269,5,-24.248,-57.158,-4.171,-25.524,0.3918,189.847,-10.332,-33.884,-49.237,-11.756,0.6287,132.379,25.735,-74.458,26.809,3429.017,1.0,42.288,1,0,0,1
108,10,-19.339,-48.8,-43.343,-16.593,0.786,220.861,6.578,-21.508,-24.378,7.403,0.1863,240.735,-24.115,-257.783,-29.81,4409.419,0.6851,75.275,1,0,0,1
2439,3,-11.834,-0.918,3.834,-13.01,0.0336,322.041,8.161,-3.283,59.565,10.295,0.0791,273.085,2.101,60.505,4.068,3047.833,0.1974,5.155,0,0,0,0
426,5,-4.22,-13.999,-22.126,-3.325,0.0462,273.598,8.13,15.496,-26.947,4.203,0.0782,123.923,28.712,45.949,30.083,4299.141,0.0145,3.077,0,0,0,0
1726,5,1.82,-19.631,-54.213,1.361,0.3373,688.59,-12.021,29.595,-10.686,-9.511,0.0,288.04,-37.072,-60.661,-48.235,7160.721,0.2106,21.708,0,0,0,0
4282,5,-3.47,15.754,-19.94,-3.467,0.1155,774.482,6.522,2.081,-42.131,3.178,0.0,192.182,20.896,173.118,18.347,1477.62,0.1504,0.0,0,0,0,0
3020,5,-18.362,-20.632,-26.866,-16.726,0.4645,381.451,-15.735,4.926,-31.35,-15.426,0.3645,218.511,-72.996,-115.563,-82.083,1041.957,0.8376,46.439,1,1,0,1
4444,5,-1.115,-71.064,-43.602,-0.595,0.5922,339.93,1.528,-2.041,-17.758,2.477,0.4574,80.823,-19.047,-73.04,-24.279,2344.501,0.6163,49.182,1,1,0,1
4752,3,-20.347,-14.209,-7.013,-21.887,0.5971,103.78,-7.346,-6.641,-37.045,-3.19,0.0,267.229,-10.524,-188.335,7.714,6876.575,1.0,52.484,0,0,0,1
4167,3,10.85,-4.907,-100.0,7.115,0.1593,25.933,-15.095,-12.557,6.829,-17.505,0.1296,504.069,8.616,119.357,1.785,3760.031,0.2322,6.48,0,1,0,0
3246,5,-18.815,-12.105,-46.154,-15.387,0.3395,341.658,-17.542,-23.05,-57.141,-17.915,0.3151,204.64,69.609,-75.322,67.142,2054.532,0.5855,73.945,1,1,0,1
3306,3,-1.694,-12.567,78.908,-1.881,0.1889,59.406,15.249,-7.248,-22.878,18.853,0.0,438.782,-39.164,-52.158,-24.889,4916.788,0.4129,24.818,0,0,0,0
1986,5,-29.644,-49.926,-78.975,-30.72,0.5858,40.099,-5.703,-21.918,-14.107,-10.037,0.1384,163.865,-66.518,-31.673,-62.013,2270.187,0.8011,69.592,1,1,0,1
3490,3,-21.207,-26.203,-74.525,-21.325,0.5762,378.825,4.536,-22.552,-4.029,7.032,0.0327,69.679,-94.433,-169.48,-94.58,5342.237,0.6502,86.009,1,0,0,1
3099,10,-27.006,-40.225,-79.925,-25.871,0.7255,52.687,-13.01,-27.333,-19.76,-13.252,0.3818,38.402,-11.976,-69.518,-0.447,46.728,0.7115,67.812,1,0,0,1
4684,3,-31.289,6.531,1.39,-32.624,0.237,310.292,10.493,9.048,21.727,9.187,0.044,145.716,22.637,109.65,17.901,357.626,0.6091,42.056,0,0,0,0
710,3,-19.846,-46.948,-20.906,-18.213,0.4159,142.747,1.977,-38.185,-46.464,3.991,0.3697,206.545,-19.183,19.184,-23.357,2374.821,0.7664,67.302,0,1,1,1
2137,5,-12.624,-55.273,-32.293,-11.753,0.2509,260.786,-23.092,0.833,-21.28,-21.665,0.2695,106.511,60.455,-5.718,68.432,5482.841,0.4994,31.283,0,0,0,1
250,10,-25.533,-27.509,-50.682,-25.735,0.3219,196.551,-8.554,-6.825,-50.722,-6.952,0.1379,1.864,52.505,-82.412,55.192,421.178,0.8886,88.583,0,0,1,1
3202,10,2.603,24.927,19.478,5.065,0.0485,538.211,-12.363,-11.812,-26.235,-11.597,0.0053,271.395,-12.09,-34.854,-11.879,3913.853,0.2247,4.202,1,0,0,0
3196,5,-3.243,-0.446,-71.384,-6.412,0.1009,208.355,-4.127,-16.984,33.369,-4.841,0.082,268.312,-15.335,61.872,-5.521,9943.73,0.6381,0.0,0,0,0,0
4692,3,-35.634,-27.227,-39.608,-32.508,0.1036,302.486,-16.817,26.359,-34.754,-16.766,0.0489,321.051,14.348,-28.569,14.596,6849.296,0.093,37.92,0,0,0,0
2031,10,-15.304,-38.211,-34.619,-16.882,0.5723,281.294,-17.305,-27.238,-14.998,-17.133,0.3065,261.088,-14.138,42.827,-19.833,1076.768,0.6088,70.381,1,0,0,1
2338,10,-4.63,-58.83,-45.036,-4.281,0.2898,55.36,-27.667,-29.675,-34.83,-28.762,0.5751,114.998,-7.662,-31.786,-11.571,1757.819,0.5328,83.326,1,0,1,1
2821,10,-6.281,50.794,-41.092,-4.5,0.0211,213.558,11.168,0.424,-2.525,8.667,0.0334,375.427,35.589,-44.232,34.761,2618.662,0.2729,10.481,0,0,0,0
1453,5,-26.747,-40.988,-84.829,-27.26,0.6112,161.321,-17.455,-41.01,-13.577,-15.932,0.3575,53.001,120.08,-272.322,125.054,2646.848,0.5566,77.951,1,0,0,1
2845,3,13.31,33.805,-6.808,14.546,0.0,479.204,11.582,9.971,10.588,11.319,0.1109,357.173,21.574,35.221,22.832,7559.897,0.0,30.937,0,0,0,0
2662,10,-18.945,-42.922,-28.474,-20.623,0.5857,126.428,8.477,-27.143,-22.507,5.905,0.462,127.459,-31.741,-64.93,-36.381,1756.428,0.8241,50.188,1,0,1,1
2023,3,-2.76,-16.734,-29.772,-3.753,0.0,610.469,-10.156,11.534,61.097,-9.562,0.0,152.35,-19.992,201.27,-12.645,7987.705,0.0,0.0,0,0,0,0
147,5,14.34,-21.338,5.033,16.976,0.0697,477.336,-6.648,-5.586,-29.81,-6.741,0.0604,352.779,41.608,70.196,47.435,3643.742,0.0931,6.674,0,0,0,0
912,5,-23.563,-10.517,-73.949,-25.053,0.6863,1.975,-8.692,9.798,-36.137,-8.164,0.1856,350.052,-24.167,-174.997,-26.909,947.946,0.7174,65.385,0,1,0,1
1820,3,-3.813,-34.624,-21.315,-6.484,0.2488,257.45,-25.187,-34.561,-10.711,-25.505,0.0,277.565,22.171,87.971,18.783,5153.305,0.2666,39.431,0,0,0,0
3761,3,13.628,1.435,16.384,15.342,0.1101,370.654,-16.85,-14.147,-48.714,-20.61,0.0435,439.276,-19.82,222.58,-23.742,2153.742,0.0304,36.229,0,0,0,0
1937,5,-9.55,-20.749,-52.58,-8.937,0.5757,447.358,-22.015,-23.271,10.214,-18.792,0.4124,83.052,-45.755,-91.169,-35.643,4047.041,0.7763,73.197,0,0,1,1
877,3,-31.563,-14.892,-71.612,-30.233,0.1239,237.796,-8.734,-29.861,-34.756,-6.506,0.2359,142.072,-38.534,101.583,-44.612,7346.95,0.8867,71.984,0,1,0,1
350,3,17.755,-16.038,-20.728,20.961,0.284,500.391,-9.706,-23.902,-17.549,-15.74,0.1055,233.5,-20.025,48.505,-23.89,1938.586,0.1111,56.352,0,0,0,0
3157,5,-15.456,-57.381,-76.604,-14.296,0.2374,385.068,-12.341,-18.149,-30.343,-11.182,0.3474,57.65,12.964,-212.211,16.927,461.103,0.4443,64.197,1,1,0,1
2260,5,-3.906,-56.761,-31.432,-4.299,0.818,314.649,-10.44,-3.494,-13.914,-13.761,0.3176,157.443,65.59,-90.994,80.044,1022.001,0.6914,22.321,1,1,0,1
3898,10,-15.639,2.498,-12.923,-13.317,0.1386,59.215,9.806,4.788,-46.378,11.621,0.1845,519.847,24.121,-115.921,18.266,167.679,0.2797,24.768,0,0,0,0
4280,10,-22.388,23.391,-1.523,-22.929,0.0,233.336,-5.348,2.832,21.073,-6.203,0.0337,580.152,19.598,69.424,29.059,4103.172,0.194,4.236,0,0,0,0
4438,10,28.967,-35.33,-45.97,31.756,0.2735,271.787,7.764,-4.636,44.526,6.571,0.0,521.731,18.861,45.842,25.108,3271.169,0.3351,75.825,0,0,0,0
2342,5,16.762,-29.129,-23.161,16.763,0.1474,324.692,14.866,24.36,-17.597,11.792,0.2401,691.497,16.999,256.016,26.707,2880.313,0.1054,9.849,0,0,0,0
87,10,-4.039,-40.387,-16.314,-2.81,0.032,353.97,-16.479,7.696,-5.419,-17.677,0.0,192.684,-22.357,25.74,-7.637,2116.645,0.3596,22.551,0,0,0,0
3934,10,-19.399,36.911,-15.277,-16.427,0.0099,55.694,3.117,26.688,-4.867,2.331,0.1777,531.257,9.823,132.329,9.152,3192.214,0.2022,2.042,0,0,0,0
4568,10,8.29,18.641,1.698,8.275,0.0,322.897,-10.639,15.833,73.344,-9.489,0.0785,319.795,43.905,94.052,51.981,2012.553,0.044,11.287,0,0,0,0
2758,5,6.026,1.401,-4.848,3.69,0.0837,73.692,2.569,-19.732,-13.14,4.432,0.0,298.689,-35.803,118.686,-24.726,4679.539,0.3018,5.341,0,0,0,0
2003,5,22.76,-21.962,17.323,25.881,0.0933,518.286,-6.416,22.53,-0.453,-7.971,0.2106,189.889,29.317,-148.742,8.946,2102.488,0.0,13.471,0,0,0,0
2575,10,-20.737,-14.939,11.77,-24.086,0.2321,338.37,20.428,-34.246,-35.654,22.814,0.0,8.87,62.138,66.039,69.568,2011.302,0.1892,6.047,0,0,0,0
4012,5,-6.453,32.578,52.329,-6.415,0.1265,308.873,7.199,14.535,13.448,5.951,0.076,311.131,55.557,13.829,66.845,212.677,0.1195,28.889,0,0,0,0
4503,5,10.625,-40.492,-17.384,9.583,0.1183,474.795,-10.718,-12.284,-16.124,-11.363,0.0449,174.872,0.444,14.217,8.122,4391.189,0.1909,32.047,0,0,0,0
1492,5,-19.717,9.456,74.999,-19.634,0.2179,504.436,-24.378,-26.012,-5.901,-21.071,0.1751,271.368,5.169,-41.077,-3.183,2307.295,0.5995,20.885,1,0,0,0
2149,3,1.091,26.218,15.871,0.694,0.035,41.116,0.483,-23.757,71.906,5.138,0.0,414.657,-14.847,-34.861,-17.227,388.185,0.0157,28.882,0,0,0,0
1,5,-6.652,8.565,13.186,-8.239,0.1999,554.052,9.204,18.267,-40.415,9.593,0.1273,300.073,-20.537,-90.131,-15.555,4571.691,0.4425,37.11,0,0,0,0
2605,3,-4.079,7.649,-22.546,-4.837,0.162,361.43,-13.449,-4.783,14.937,-13.64,0.1874,348.215,55.365,25.746,57.534,5274.676,0.1479,33.859,1,0,0,0
475,3,-29.093,-26.632,-3.745,-26.857,0.0,864.642,29.353,2.883,-8.577,27.989,0.0533,207.166,34.404,22.842,23.667,4086.808,0.4221,16.536,0,0,0,0
1152,3,15.055,24.755,38.998,11.775,0.2337,727.635,-15.725,-1.651,-54.721,-14.427,0.0127,339.644,36.934,143.791,32.687,1707.758,0.0,20.491,0,0,0,0
2275,3,-17.03,-38.984,-24.77,-16.339,0.3841,253.408,-12.256,-9.835,-42.311,-12.23,0.0,145.606,-55.197,-96.299,-49.994,5842.378,0.7971,83.997,0,0,0,1
1483,5,-20.433,-27.524,-44.867,-22.882,0.2551,338.191,4.154,9.119,21.51,5.651,0.0,454.001,56.978,29.685,48.49,3382.321,0.1213,51.662,1,0,0,0
4153,10,-18.73,-19.773,-57.699,-22.148,0.1182,309.951,21.331,-5.863,51.46,19.931,0.1375,77.941,-16.066,10.327,-13.603,4353.795,0.3584,26.03,0,0,0,0
4801,3,5.612,-38.747,-61.019,4.09,0.7919,13.799,-6.139,-25.268,-19.437,-3.7,0.0668,150.691,-71.921,-35.345,-68.103,1655.696,0.7157,100.0,1,0,0,1
1347,5,-0.847,19.876,-5.269,-1.37,0.3093,97.682,10.565,-32.979,42.844,10.832,0.0718,3.359,16.325,52.327,22.606,1958.906,0.0422,41.558,0,0,0,0
2372,5,-10.626,-52.338,-27.623,-11.89,0.092,302.997,5.335,9.573,26.117,5.674,0.0973,12.364,37.416,150.169,32.04,1198.617,0.3718,0.0,0,0,0,0
2578,10,22.002,-51.512,-40.082,23.065,0.3132,93.162,2.571,-19.433,-15.47,3.166,0.0,453.494,1.952,51.086,10.179,5486.017,0.4775,29.875,0,0,0,0
4554,5,-1.01,11.448,-23.011,-1.466,0.1233,500.826,-1.277,-24.694,23.545,-1.898,0.0458,545.399,3.325,-32.924,-8.051,4600.849,0.1751,31.525,0,0,0,0
1149,5,21.769,-31.516,-33.024,24.195,0.0356,404.352,1.231,12.091,-64.154,3.354,0.0774,377.433,-32.62,20.712,-30.106,854.343,0.4331,9.283,0,0,0,0
3070,5,4.502,-33.798,-30.249,5.348,0.2294,340.702,2.08,-28.495,22.178,3.254,0.0025,492.771,-13.598,-190.091,-28.383,5237.586,0.4157,35.191,0,0,0,0
1220,5,21.603,-16.398,-2.636,20.529,0.2098,784.484,-9.372,-16.974,42.111,-8.158,0.1508,134.932,12.789,25.805,22.982,4526.855,0.09,13.063,0,0,0,0
3053,5,-24.501,-3.36,-11.68,-26.005,0.2119,172.063,-8.023,21.353,-30.732,-7.516,0.0067,325.538,10.749,-39.264,10.0,7960.225,0.2246,0.0,0,0,0,0
975,3,3.068,33.713,2.969,1.346,0.0,352.422,22.726,14.67,43.872,24.906,0.1758,306.681,14.042,158.042,23.459,5409.07,0.0523,4.883,0,0,0,0
4143,10,-20.772,-46.468,-7.085,-20.668,0.6458,171.333,-22.318,-29.742,-50.297,-23.919,0.2995,59.485,-113.966,-10.431,-130.835,2068.917,0.844,95.958,0,0,0,1
3035,5,26.129,50.985,-15.624,24.771,0.0059,778.647,0.446,-0.771,-48.04,2.852,0.1412,378.997,-42.907,-49.403,-47.132,935.47,0.1329,28.182,1,0,0,0
1273,10,-0.42,-21.614,-32.568,1.896,0.2967,382.192,0.442,-10.464,18.301,1.211,0.1825,641.7,-37.142,-22.953,-22.549,1428.273,0.4583,77.114,0,0,0,0
3283,3,26.383,18.135,3.72,24.891,0.0821,269.964,3.614,11.432,31.941,-0.737,0.0757,292.554,-10.544,-51.791,-9.036,3921.0,0.2728,14.867,0,0,0,0
1814,3,5.592,21.36,-23.261,7.803,0.0261,351.369,-10.269,19.662,1.143,-12.149,0.0,94.329,25.37,-82.283,31.399,2324.571,0.0,29.414,0,0,0,0
3349,10,-14.066,19.29,-36.313,-14.584,0.0591,386.728,12.482,-25.997,41.819,12.692,0.0829,492.243,7.043,146.329,13.456,1063.623,0.3944,30.297,0,0,0,0
4025,5,-18.296,13.459,-19.34,-16.987,0.1813,355.142,-0.29,-9.904,3.812,2.116,0.0667,23.561,-6.19,-73.319,-9.258,5583.573,0.2219,14.763,0,0,0,0
3435,5,-21.534,-60.063,12.638,-19.149,0.025,355.636,-15.911,-4.76,-100.0,-15.585,0.1659,593.719,-0.553,49.258,7.328,8786.033,0.4638,11.653,0,0,0,0
3555,3,-8.057,13.972,37.272,-6.19,0.0,325.403,19.946,-1.47,10.837,18.248,0.0,362.407,12.737,166.938,9.157,6695.781,0.3471,2.162,0,0,1,0
2464,5,18.718,49.034,-66.976,19.622,0.1055,396.879,-0.264,31.962,1.704,-1.87,0.1086,152.229,-50.093,-14.665,-45.269,2435.941,0.4452,24.972,0,0,0,0
1915,3,-7.719,22.44,71.983,-7.935,0.0,395.097,-1.379,-8.631,-18.02,-0.972,0.0,488.856,-13.183,69.174,-25.529,6652.707,0.0,5.371,1,0,0,0
2803,5,3.067,1.744,-31.573,2.23,0.0934,271.37,-8.041,-17.418,24.175,-7.117,0.1005,24.247,1.195,-62.614,-6.179,1167.015,0.1503,8.558,0,0,0,0
4410,10,-26.26,-43.183,-69.485,-24.525,0.9093,269.883,-12.431,-3.286,-20.571,-12.058,0.4229,66.38,-3.567,162.209,-17.348,2805.294,0.3634,63.626,1,1,1,1
374,10,-19.74,-4.183,-17.127,-11.387,0.2398,174.272,-34.031,-9.74,16.912,-35.189,0.0241,175.995,8.346,-10.295,20.374,3393.127,0.4502,25.842,0,0,0,0
1863,10,-7.685,-26.43,-63.822,-5.883,0.2614,22.402,-7.743,-5.913,-13.475,-7.814,0.0844,85.788,59.624,3.162,60.97,4425.093,0.7067,81.44,1,0,0,1
761,3,19.976,-46.411,-17.118,21.213,0.2571,659.022,18.256,-4.69,28.749,17.369,0.1027,247.465,55.499,105.658,63.57,7234.631,0.0228,22.457,0,0,0,0
4667,3,-7.855,24.514,34.533,-6.745,0.1915,422.903,19.466,11.679,45.302,19.701,0.0505,72.822,15.505,-108.348,19.982,1091.77,0.2203,16.288,0,0,0,0
424,10,10.486,-21.367,22.394,12.581,0.3111,334.894,-1.048,18.779,24.506,-3.852,0.1057,321.215,72.695,-5.477,88.356,467.866,0.0448,25.406,0,0,0,0
4097,3,0.716,8.928,-4.232,-0.609,0.0,245.863,2.207,4.673,-13.416,1.096,0.0,222.805,50.267,105.239,42.127,3485.452,0.2301,0.0,0,0,0,0
848,3,-28.182,-12.272,-56.055,-27.163,0.7002,51.163,-19.515,-34.541,13.76,-24.286,0.2499,206.328,31.849,-237.04,19.625,2842.09,0.6462,91.31,1,0,1,1
2698,10,-8.296,-26.291,-20.361,-7.55,0.1096,206.159,-2.074,-29.269,-15.421,1.957,0.1385,380.98,55.732,-0.788,54.533,3038.309,0.2334,18.741,1,1,0,0
4517,10,-26.75,-25.214,-35.377,-24.61,0.3353,497.595,-10.338,14.203,-25.295,-10.178,0.1125,491.035,12.409,-96.147,2.525,2748.31,0.4266,39.807,0,0,0,0
3489,10,-14.116,-21.367,-41.973,-15.952,0.0887,522.039,-20.311,13.091,35.467,-19.625,0.0,251.357,33.996,18.932,39.904,1809.795,0.2162,23.93,0,0,0,0
4970,5,-26.637,22.902,24.748,-29.921,0.1148,84.289,-7.838,-53.816,25.066,-4.131,0.0,4.453,2.355,180.939,9.129,1916.491,0.1798,12.205,0,0,0,0
1107,3,-2.266,-35.066,-4.8,-1.766,0.3309,420.545,8.493,-2.492,18.159,9.137,0.0995,333.253,27.455,-35.833,17.177,2647.782,0.0,0.0,0,0,0,0
1633,5,28.824,48.9,-45.278,28.719,0.0,393.733,9.431,27.934,12.315,9.443,0.0884,230.004,-57.657,80.476,-53.066,530.159,0.0,19.852,0,0,0,0
2888,5,-18.858,0.943,-14.134,-19.732,0.0856,513.181,9.693,-17.306,-39.035,8.779,0.0,686.195,8.995,148.966,14.152,2353.183,0.2589,35.062,0,0,0,0
715,3,0.03,1.359,-80.128,-3.045,0.1758,665.855,2.651,15.399,-36.085,2.327,0.1,272.815,6.097,109.993,-13.954,2523.781,0.2516,17.925,0,0,0,0
3666,10,-17.798,31.4,9.282,-15.432,0.014,490.628,10.369,-13.076,35.267,10.285,0.2203,582.992,12.926,70.947,14.251,645.354,0.2729,23.265,0,0,1,0
3874,10,-26.339,-24.679,-75.133,-28.742,0.7651,17.542,-2.824,-23.457,-58.905,-2.82,0.2678,240.89,-140.617,11.856,-147.036,633.923,0.7379,67.934,1,0,0,1
1479,3,22.303,-28.672,-43.393,21.338,0.4564,756.669,0.096,-2.886,28.189,-1.269,0.0,540.543,-57.293,64.302,-46.001,4803.521,0.2188,35.622,0,0,0,0
1419,3,-28.883,-57.182,-68.824,-24.642,0.0548,183.998,1.302,-4.592,-29.972,-1.631,0.3517,0.052,-33.527,-128.393,-25.216,3040.535,0.7272,72.569,1,0,1,1
4898,5,-16.819,-20.876,49.08,-16.626,0.0,546.206,-2.114,15.061,-56.927,-3.321,0.0,401.517,27.956,103.183,25.785,2101.272,0.1288,36.795,0,0,0,0
2757,3,4.855,20.699,-20.938,5.423,0.0,475.184,-9.018,3.718,-30.804,-8.554,0.0,479.62,-48.565,-60.583,-44.571,3613.982,0.4083,22.425,1,0,0,0
4130,10,-4.82,-34.655,-41.447,-7.438,0.3599,399.647,-13.465,-21.773,48.223,-13.986,0.0,431.751,7.263,67.211,9.329,1044.295,0.3906,57.246,0,0,0,0
504,10,-21.043,-45.442,-51.066,-21.32,0.4872,181.819,4.715,-8.542,-18.973,2.19,0.34,297.144,55.209,7.744,60.216,3086.482,0.7891,65.858,1,0,0,1
1088,10,-8.922,-27.903,5.097,-7.253,0.1106,96.187,-17.648,15.929,-9.443,-17.884,0.2015,237.37,31.626,-42.679,9.749,1874.983,0.4918,4.799,0,1,0,0
2293,10,13.475,-14.01,-11.423,14.032,0.0631,280.543,-14.219,15.875,-27.446,-14.627,0.0441,632.645,21.415,-205.772,28.716,6322.414,0.0,19.838,0,0,0,0
3120,5,-22.688,-26.06,-40.704,-25.343,0.5878,52.858,4.88,-2.804,-0.786,5.245,0.4333,106.342,12.461,102.522,25.859,54.485,0.3516,57.912,1,0,1,1
2130,3,23.582,14.681,-10.464,25.244,0.0,313.366,-26.349,-37.581,29.995,-23.966,0.1155,317.847,-47.905,111.422,-55.668,55.653,0.1971,32.189,0,0,0,0
4751,10,-19.6,-34.268,-81.35,-21.144,0.6238,297.254,-13.276,-13.068,-53.199,-11.27,0.2335,311.959,-15.801,-22.774,-12.645,1254.037,0.3794,67.885,1,1,0,1
2756,10,20.813,5.768,-27.236,22.758,0.2055,249.941,23.061,34.795,26.624,23.17,0.0,459.611,-14.166,-26.343,-32.091,4607.295,0.0643,0.0,0,0,0,0
3108,10,16.179,16.066,-26.107,15.219,0.0,151.889,-17.225,-24.19,-5.079,-16.873,0.148,211.82,-17.104,110.402,-24.545,5660.054,0.125,1.47,0,0,0,0
2167,10,10.203,18.269,-41.91,10.212,0.0019,637.906,6.896,-23.131,-31.841,3.395,0.1258,336.379,-32.47,-198.493,-26.121,799.985,0.2244,0.0,0,0,0,0
2138,10,-3.442,44.732,35.633,-4.033,0.2248,190.714,-7.027,-6.436,17.756,-8.21,0.0,54.182,33.195,-52.012,42.952,3772.62,0.4875,10.478,0,0,0,0
4930,3,25.335,-7.586,26.027,26.337,0.0,102.835,-1.775,29.299,41.487,-3.095,0.0,342.594,9.201,-60.418,0.222,988.913,0.3709,15.67,0,0,0,0
3008,10,-22.529,-12.006,-86.608,-24.878,0.5635,102.221,-7.023,-17.726,-16.895,-5.061,0.431,69.498,-69.314,188.253,-70.662,2873.229,0.5477,79.729,0,0,1,1
4587,5,-17.491,-19.708,42.187,-19.362,0.0159,619.911,-20.882,-7.91,17.836,-20.868,0.0023,367.126,-10.102,30.614,-9.183,2594.258,0.2169,0.0,0,0,0,0
2571,10,-12.387,36.667,25.609,-11.151,0.0,439.046,-3.007,0.769,-3.36,-1.286,0.068,345.556,-27.056,173.352,-30.828,2744.986,0.39,17.231,0,0,0,0
1404,10,6.179,-6.486,-21.673,4.68,0.1248,507.575,-12.968,9.924,-20.157,-10.541,0.0618,612.809,54.065,9.857,41.912,2164.084,0.4184,18.137,1,0,0,0
3787,5,-12.555,-33.872,-18.619,-15.086,0.0,184.938,8.639,-33.324,22.447,10.788,0.0,488.385,38.53,15.987,38.589,4485.032,0.5601,0.151,1,0,0,0
2232,10,-9.733,24.997,8.104,-11.842,0.0,409.609,-2.61,21.595,0.338,-1.09,0.1295,225.778,-63.583,6.449,-65.043,2375.042,0.0517,2.767,0,0,0,0
1175,5,-23.117,31.557,65.783,-21.775,0.0,333.44,17.673,5.085,-26.156,18.991,0.2834,265.862,46.793,262.687,39.383,6468.509,0.1489,6.974,0,0,0,0
1123,5,-10.888,-15.919,-23.727,-10.894,0.9189,74.821,-7.203,-26.105,-41.643,-5.738,0.1678,32.62,-44.366,-103.867,-48.03,4218.758,1.0,100.0,1,1,0,1
1883,10,-28.429,-18.014,21.851,-29.32,0.0318,340.552,-4.765,-8.927,23.495,-7.184,0.1629,131.534,30.383,-35.228,22.698,2380.056,0.4736,27.622,0,0,0,0
2170,3,21.458,-21.377,-47.656,23.622,0.0,345.418,-0.527,-12.554,16.864,-1.621,0.1513,77.666,-44.511,-28.27,-44.26,6291.015,0.0789,25.814,0,0,0,0
3696,3,-21.64,-48.738,-48.347,-21.979,0.6128,196.757,-14.744,-42.736,-7.426,-15.933,0.3665,72.53,4.487,-91.782,4.908,2890.414,0.4993,78.775,1,0,0,1
3083,5,-4.558,49.851,-31.767,-3.273,0.093,484.235,4.077,4.489,-75.624,7.186,0.0699,321.423,-87.262,11.709,-84.163,2072.928,0.3067,16.579,0,0,0,0
3440,10,-15.977,-14.471,-62.931,-14.127,0.6185,75.103,-4.843,-7.281,-54.308,-4.303,0.1373,241.125,-55.907,67.881,-48.154,175.535,0.4856,63.84,0,0,0,1
925,3,-31.483,-21.65,-48.233,-32.653,0.4052,103.411,-10.945,14.534,-14.742,-11.541,0.0475,189.377,0.366,-52.68,11.601,2423.474,0.6806,93.04,1,0,0,1
1040,10,-8.776,-17.751,-13.45,-8.199,0.0675,299.097,-12.363,10.968,28.384,-12.815,0.06,443.481,33.691,-36.884,41.914,2124.471,0.0541,9.806,0,0,0,0
4140,10,1.955,-0.083,11.062,0.748,0.0871,219.598,-2.771,4.955,-33.476,-2.641,0.072,48.405,-0.189,-44.539,4.47,8222.41,0.2413,3.192,0,0,0,0
1503,10,-18.002,22.963,-6.077,-18.853,0.0,664.726,-20.332,5.159,-8.193,-16.327,0.0,332.404,30.598,-139.591,19.721,6381.3,0.2354,20.055,1,0,0,0
2216,3,7.019,-13.643,-39.909,7.068,0.2271,419.883,-8.208,-41.77,11.05,-9.324,0.0,299.122,-37.935,77.647,-36.975,3083.685,0.4385,43.798,0,0,0,0
217,3,-11.357,-44.191,-3.647,-11.995,0.556,304.378,4.863,-43.23,-21.827,5.301,0.2927,158.941,58.742,-56.354,69.846,4936.066,0.6792,45.899,1,1,0,1
3512,10,19.986,-47.135,-4.319,19.328,0.2243,337.874,-1.824,-7.563,4.704,-1.029,0.1103,136.688,76.585,-44.945,78.828,2878.984,0.3256,21.193,0,0,0,0
1690,3,13.356,-5.659,-59.417,12.81,0.093,81.68,10.362,-34.988,-4.589,14.08,0.0,338.925,-45.367,7.612,-47.867,2623.654,0.1262,3.708,0,0,0,0
4196,3,-3.63,13.871,-14.425,-5.44,0.0,110.388,-14.669,3.56,6.817,-14.368,0.0,316.825,10.42,-40.761,14.261,1154.336,0.1926,4.202,0,0,0,0
3577,10,7.077,24.491,-35.991,8.607,0.1014,445.939,6.606,-3.7,-32.034,5.288,0.0507,371.116,-35.699,81.247,-28.576,2096.714,0.1109,0.0,0,0,0,0
392,3,3.953,-48.247,-26.65,3.968,0.0209,759.28,9.244,-3.327,-12.586,11.641,0.0,321.063,17.244,-121.346,28.728,3963.925,0.2087,25.411,0,0,0,0
151,10,-10.119,-30.05,-36.43,-6.225,0.1245,355.26,-25.843,-31.233,-67.426,-23.671,0.035,276.353,12.463,69.321,21.649,999.505,0.0,2.229,1,0,0,0
820,5,13.622,25.443,-23.123,12.662,0.204,140.526,6.932,8.77,49.235,1.356,0.0,634.516,-9.175,21.562,4.342,1991.743,0.2415,7.722,0,1,0,0
2306,10,0.829,-24.203,17.088,-1.97,0.0345,279.282,-24.011,6.073,64.637,-25.004,0.0442,46.385,62.828,47.408,70.777,5493.115,0.4069,15.945,0,0,0,0
3019,10,2.533,-10.729,31.349,0.606,0.0,572.069,-15.004,-6.724,15.776,-17.523,0.0721,131.024,17.53,45.622,10.307,4002.956,0.0349,25.967,0,0,0,0
3838,10,17.406,-26.124,-65.31,17.765,0.0457,204.147,-5.178,0.719,15.397,-6.409,0.0967,695.227,-7.295,-50.129,-2.531,1411.558,0.2797,11.467,0,0,0,0
3180,10,-18.167,-39.7,-45.437,-13.648,0.4431,396.997,-16.902,-3.618,8.357,-17.237,0.1718,229.752,25.228,62.6,24.971,4464.028,0.473,42.216,0,0,0,0
984,10,16.315,-20.239,26.948,18.887,0.0673,523.017,-13.349,-0.508,-4.229,-11.325,0.0,195.528,-24.042,27.503,-25.868,3303.753,0.0694,0.0,0,0,0,0
4126,10,-20.243,-25.836,-61.541,-18.95,0.4089,264.351,-8.611,-2.355,-51.638,-9.18,0.459,20.281,-2.119,-290.561,-9.618,3000.639,0.7966,20.052,1,0,0,1
4211,10,12.094,-33.357,31.007,11.54,0.2274,594.402,-10.284,10.921,-13.671,-11.39,0.275,358.2,-35.416,33.077,-42.403,624.173,0.385,0.0,0,0,0,0
2194,10,26.184,-47.014,-34.351,22.479,0.3585,106.933,-8.133,2.407,-16.86,-5.939,0.0,573.046,3.595,-22.833,10.738,2794.153,0.4271,46.155,0,0,0,0
3085,10,-24.002,-3.3,-28.431,-23.691,0.0329,636.938,-6.344,-25.097,-42.918,-4.762,0.0287,447.409,28.044,-74.747,36.084,3498.329,0.1738,16.783,0,0,0,0
4288,5,2.248,-39.815,28.503,2.309,0.0,181.378,-3.654,-38.881,-12.168,-4.173,0.2132,428.322,-36.307,31.352,-59.795,2967.786,0.3187,15.939,0,0,0,0
4385,10,22.484,-2.337,30.818,22.699,0.1322,358.97,-1.039,-0.991,-96.139,-3.959,0.0708,680.005,35.593,19.572,37.107,2590.46,0.1787,20.395,0,0,0,0
570,5,5.206,-14.506,-52.848,2.576,0.1001,332.481,-3.254,29.215,17.705,-3.77,0.1118,266.234,3.118,71.763,-2.295,1755.727,0.0971,17.61,1,0,0,0
4247,3,-3.005,-22.672,-55.848,-4.708,0.1257,170.755,-6.263,2.032,20.982,-2.003,0.0,323.289,-55.468,-5.179,-50.01,5421.705,0.1321,3.097,0,0,0,0
30,3,-12.497,-4.876,70.833,-14.586,0.0803,409.672,3.874,-4.665,-44.156,1.741,0.0944,473.789,-41.279,2.215,-44.03,421.764,0.1943,2.724,0,0,0,0
2303,10,-2.229,-4.423,7.414,-1.789,0.0876,329.837,5.416,-8.21,-58.131,12.263,0.0,417.601,-34.146,27.512,-21.01,3287.728,0.117,13.598,0,0,0,0
3995,10,-18.933,-59.341,3.407,-21.037,0.3581,24.774,-9.644,-2.322,-11.91,-8.217,0.3341,313.859,28.9,-188.665,25.211,4367.322,0.5645,55.406,1,0,0,1
1999,5,10.433,-31.07,-68.087,7.231,0.0277,336.621,-0.623,4.911,-29.692,-0.592,0.0873,303.056,-30.932,-134.239,-23.102,2913.614,0.5191,34.865,0,0,0,0
1414,3,26.468,54.89,-24.509,26.973,0.076,359.959,11.219,-15.062,8.828,8.144,0.1593,432.189,93.3,108.67,110.727,2764.552,0.3856,16.928,0,0,0,0
1167,3,-16.112,7.424,-1.202,-16.736,0.094,398.409,-15.302,1.002,1.552,-13.888,0.221,291.797,73.652,-52.524,64.251,2284.601,0.4277,0.0,0,0,0,0
3985,5,-7.231,-29.127,-31.427,-8.624,0.0,159.896,13.811,25.97,-10.888,14.996,0.0,212.71,-38.732,31.273,-49.397,3430.129,0.0273,11.739,0,0,0,0
2114,5,-5.017,-9.032,-37.111,-7.876,0.3437,449.628,5.901,12.573,36.017,0.86,0.0229,85.863,-87.108,-19.004,-77.224,1600.021,0.4598,58.776,0,0,0,0
4829,3,1.818,1.6,-42.781,2.608,0.0,414.915,-6.63,25.815,4.133,-7.283,0.0,336.424,-30.36,-45.819,-17.185,2147.536,0.305,17.974,0,0,0,0
4488,5,6.136,-23.474,7.374,5.064,0.1689,364.874,-3.973,20.674,29.155,-3.257,0.0,284.6,-7.524,25.24,-0.221,2005.822,0.5921,10.831,0,0,0,0
3540,10,-23.742,-11.218,-51.233,-25.216,0.4229,194.706,-10.6,-6.553,-32.176,-9.59,0.1976,7.636,-56.98,-179.182,-44.314,2770.461,0.5375,83.035,0,0,0,1
1056,5,16.32,-17.285,-19.39,14.363,0.1711,388.401,-4.127,-5.889,4.964,-1.855,0.1462,292.098,-3.877,-48.035,-28.199,739.216,0.2425,2.141,0,0,0,0
2614,3,-20.274,-55.688,-100.0,-20.612,0.617,252.496,-17.926,-26.213,-33.261,-20.89,0.3544,300.312,-25.456,-39.539,-29.677,182.473,0.0689,81.485,1,0,0,1
2012,3,-13.812,-43.242,-13.672,-17.111,0.0,294.761,5.793,-6.77,-2.444,9.876,0.227,50.771,-28.824,-105.474,-20.017,1667.962,0.0765,35.589,0,0,0,0
1802,5,4.015,-21.09,4.625,2.589,0.084,605.221,7.983,16.635,6.458,8.544,0.0744,390.274,10.395,177.331,14.684,453.036,0.0,26.241,0,0,0,0
1903,10,4.027,-10.733,19.113,6.068,0.2369,295.355,-16.116,-7.29,-10.92,-16.774,0.0495,162.958,24.662,73.115,6.884,1451.35,0.5705,27.328,0,0,0,0
4472,5,-38.44,-39.59,-27.903,-36.475,0.5232,378.878,-10.447,-10.651,-37.643,-9.866,0.4054,348.976,-102.74,23.673,-90.895,3679.89,0.7267,100.0,0,0,0,1
1187,5,-6.329,-30.368,-75.872,-6.66,0.7576,133.003,-1.128,-8.712,-13.085,-0.359,0.0546,75.894,-21.137,4.749,-32.528,3607.232,0.7081,40.276,1,0,1,1
3042,10,-0.45,21.416,-54.865,2.05,0.2592,350.786,10.969,14.081,44.517,10.642,0.0,480.245,-3.287,3.971,6.126,671.655,0.1947,27.461,0,0,1,0
1001,5,7.098,-14.026,-8.083,11.233,0.2419,439.467,6.674,-23.382,8.228,8.622,0.1809,285.835,12.975,-53.045,16.186,2479.487,0.304,20.528,0,0,0,0
2502,3,7.141,-50.788,53.629,6.977,0.0,611.657,8.84,48.406,-9.441,10.104,0.0,448.269,27.995,-13.239,42.654,1791.5,0.0,24.896,0,0,0,0
1640,3,-7.787,21.938,68.036,-5.593,0.0,461.079,2.434,0.804,-31.097,4.837,0.0378,143.474,-60.212,139.217,-61.242,5500.183,0.0,44.916,0,0,0,0
605,3,-24.177,-48.781,-14.696,-22.382,0.6244,150.372,-17.694,-22.494,-18.506,-17.286,0.1277,51.717,27.538,-32.874,31.043,1975.073,0.8146,38.271,1,0,0,1
1333,3,-19.698,-61.9,-81.746,-20.114,0.4472,355.677,-6.908,-16.849,-34.237,-7.34,0.2728,104.977,14.267,115.174,25.918,1257.628,0.7332,82.637,0,0,0,1
938,3,-19.502,-60.082,9.138,-20.28,0.5959,420.035,5.45,-32.728,-6.595,3.622,0.3813,348.781,-2.251,-70.815,1.511,758.897,0.5638,53.765,1,0,0,1
2910,5,-22.339,-9.157,17.913,-21.413,0.0,30.34,2.812,3.21,15.757,0.213,0.0646,282.784,23.785,66.25,15.968,5193.34,0.2385,26.911,0,0,0,0
4179,5,-27.126,-36.953,-24.029,-27.431,0.1086,39.442,-10.607,-43.15,-75.614,-13.855,0.0728,277.91,8.222,-136.186,5.73,485.103,0.9427,44.075,0,0,0,1
4089,5,-26.009,-5.002,-36.946,-25.738,0.0112,395.875,-9.653,34.318,-65.761,-9.664,0.182,619.246,65.708,-261.676,62.101,2982.789,0.0,0.0,0,0,0,0
3674,5,9.881,26.368,-9.822,10.884,0.0,165.154,8.92,-13.672,-47.281,9.901,0.0,307.498,2.505,-12.312,-6.361,8340.582,0.1113,47.491,0,0,0,0
1803,5,-10.478,2.012,-52.873,-8.082,0.0141,335.533,1.903,3.61,38.096,1.195,0.1878,474.595,7.239,47.907,-6.913,9147.397,0.2425,19.422,0,0,0,0
1776,3,-3.895,37.009,-16.392,-1.962,0.0872,511.403,-11.99,6.674,-22.867,-11.099,0.1462,295.811,-31.275,11.298,-26.439,3830.278,0.0,8.612,0,0,0,0
4600,3,13.479,-21.421,-45.276,16.686,0.0,727.408,9.987,-38.223,8.013,10.121,0.0539,599.543,-46.921,40.25,-42.339,4463.245,0.0819,2.632,0,0,0,0
272,5,-7.175,-38.201,-24.433,-11.256,0.3289,754.602,-14.659,2.483,5.796,-15.599,0.0,685.312,1.804,132.183,5.595,2059.469,0.4555,38.543,0,0,0,0
3824,3,-16.291,-10.044,-20.782,-16.901,0.5782,350.854,-9.013,13.243,-21.987,-7.748,0.2217,207.428,-57.174,-264.616,-67.418,5179.345,1.0,47.648,1,0,1,1
4779,10,7.009,-39.222,45.656,7.934,0.1404,45.382,13.578,15.571,-4.34,15.691,0.0,276.013,14.728,40.326,6.43,333.61,0.2225,1.424,0,0,0,0
3043,5,0.814,-54.531,-10.18,3.515,0.0576,202.282,-0.388,2.001,-17.749,-1.417,0.0,738.251,13.132,158.839,10.461,4062.969,0.5724,8.132,0,0,0,0
2115,3,-15.154,-37.448,-25.475,-14.623,0.742,315.066,-10.535,-23.237,-34.775,-8.218,0.4305,210.226,5.277,155.255,1.93,2961.55,0.9671,31.371,1,1,0,1
2064,5,20.413,2.175,-14.353,17.718,0.0514,43.891,-8.461,0.315,0.411,-9.195,0.1916,580.269,-17.508,35.267,-22.606,172.721,0.2147,48.083,0,0,1,0
2582,5,7.848,10.094,-6.505,8.683,0.0963,241.396,-2.824,-3.59,-6.316,-5.772,0.1256,226.555,-63.817,-57.583,-74.632,3391.003,0.1342,23.864,0,0,0,0
2521,5,-2.553,-26.989,5.39,-3.379,0.0065,625.534,5.814,-13.775,29.331,5.195,0.1351,381.912,38.369,-135.463,44.136,4000.232,0.1584,2.21,0,0,0,0
3433,10,-29.328,-42.903,-12.502,-28.038,0.4304,55.342,2.032,-11.302,-16.611,0.022,0.0925,30.344,-10.124,-105.419,-31.436,194.972,0.6165,100.0,1,0,0,1
1241,10,3.794,-6.481,-43.08,0.473,0.0294,356.494,15.801,-13.563,-29.673,15.569,0.0,194.549,47.866,102.49,46.003,1230.39,0.2693,22.417,0,0,0,0
3878,3,-13.415,25.785,-44.827,-14.509,0.0,570.402,-13.111,0.729,18.367,-13.74,0.0,366.66,56.006,-53.156,55.505,5973.705,0.2127,13.826,1,0,0,0
2913,5,-9.979,-17.017,-30.474,-9.742,0.7648,101.711,-10.908,-41.182,-10.455,-11.159,0.5741,9.652,-91.87,55.871,-95.022,84.669,0.3986,87.263,0,0,0,1
3531,3,-3.669,-15.323,-12.405,-3.902,0.0,40.027,-7.467,14.573,-29.332,-8.113,0.0207,254.79,-101.063,-237.1,-112.48,7601.936,0.1037,49.588,0,0,0,0
248,10,-15.479,-11.033,-45.907,-16.373,0.0,392.084,-20.312,-14.238,-12.156,-21.22,0.0165,510.543,4.17,-48.144,1.088,2067.644,0.4255,0.0,0,0,0,0
4864,3,-19.737,0.207,31.245,-19.887,0.2294,464.641,5.934,1.612,-58.226,7.113,0.0066,196.497,-8.604,69.331,-4.065,2741.511,0.0,38.272,0,0,0,0
2746,3,-2.23,-2.529,-19.817,-2.839,0.0927,817.972,16.132,31.11,-5.703,17.269,0.0688,548.143,-0.679,-10.632,-12.109,6313.291,0.4507,22.147,0,1,0,0
1284,5,15.581,42.052,41.373,15.49,0.0455,465.512,17.604,33.9,-49.94,15.054,0.0977,181.07,53.558,-55.581,56.119,6018.322,0.188,18.593,0,0,0,0
3464,3,5.228,5.875,-72.351,5.231,0.3144,221.597,-0.219,-25.474,-38.788,-0.098,0.1379,37.585,-59.137,28.327,-66.601,5244.259,0.6438,47.911,1,0,0,1
4674,3,7.254,22.49,-45.871,6.541,0.0309,466.228,-26.568,17.027,-15.264,-26.638,0.0464,274.631,10.405,-12.094,-2.15,5746.637,0.2503,10.705,0,1,0,0
3384,5,-10.681,-33.812,-38.748,-11.009,0.9962,218.888,-12.305,-26.298,-40.821,-10.926,0.2983,214.89,-118.044,1.781,-120.381,2019.143,1.0,78.164,1,0,0,1
2779,3,-12.902,-39.754,-44.596,-13.05,0.5527,131.449,-16.207,-7.955,-30.237,-15.039,0.0,242.879,39.082,-177.815,46.395,2799.889,0.6713,54.916,1,0,0,1
4567,10,-19.577,-51.383,-7.475,-16.687,0.4683,0.596,-10.912,-20.71,-21.662,-10.92,0.0264,53.865,-53.71,-138.389,-38.185,1605.594,0.8136,40.625,1,0,0,1
317,10,15.819,20.601,35.491,13.248,0.1717,184.799,-14.554,-0.653,15.437,-17.331,0.1143,222.919,-5.901,-52.229,-5.915,2547.3,0.0354,42.003,1,0,0,0
3252,3,-12.981,16.61,11.472,-15.9,0.1486,609.741,-5.489,-25.929,12.894,-4.824,0.1314,415.688,9.385,19.67,8.489,2748.022,0.1854,7.59,0,0,0,0
2133,3,15.502,17.969,26.517,16.996,0.2226,722.005,30.178,15.12,-11.683,30.664,0.0,649.246,19.027,70.695,23.012,4549.104,0.1732,23.743,0,0,0,0
1083,3,-29.506,-13.534,23.043,-30.069,0.1104,222.332,7.955,7.262,-22.293,2.799,0.2643,78.571,24.307,-153.526,16.535,1737.664,0.122,0.0,0,0,0,0
1055,3,9.106,28.039,-1.946,7.866,0.0,341.807,4.03,-38.575,30.085,4.538,0.0844,4.46,8.862,-116.117,15.783,1929.394,0.1633,16.675,0,0,0,0
2874,3,-13.401,-16.399,-27.821,-17.144,0.0,616.553,-32.864,-6.255,-2.817,-34.34,0.0,375.442,-17.824,-54.348,-12.69,1799.671,0.0315,43.099,0,0,0,0
1423,5,-13.139,-40.725,-36.616,-13.637,0.6285,304.763,0.318,-23.479,-22.042,1.526,0.3907,0.505,-13.211,14.87,-31.125,3008.907,0.8337,54.412,1,0,0,1
371,5,11.672,-22.579,-18.858,13.346,0.1051,351.659,-17.157,29.963,18.898,-14.818,0.0043,433.664,26.253,87.184,24.3,1188.572,0.366,0.0,1,0,0,0
1668,3,-1.911,-12.965,32.449,-2.012,0.0295,277.472,-2.741,13.836,18.118,-0.506,0.0954,311.713,34.544,-36.899,36.606,6413.369,0.2027,10.762,0,0,0,0
3673,3,5.937,24.866,-29.742,6.292,0.0586,323.145,10.419,7.983,4.752,9.918,0.0,184.064,-20.3,-14.619,-26.588,9096.899,0.2664,3.013,0,0,0,0
2490,5,-12.982,34.11,20.812,-14.332,0.0476,429.99,6.436,-1.889,28.866,6.243,0.0056,259.132,51.489,-78.603,55.982,2362.433,0.1958,9.716,0,0,0,0
1034,3,9.97,43.479,-17.957,10.174,0.0,743.117,-7.893,-23.297,24.66,-7.528,0.0,214.01,26.86,30.741,29.558,2340.269,0.0815,32.969,0,0,0,0
4142,5,22.939,-33.634,1.161,23.702,0.154,390.525,8.493,-37.413,46.619,5.998,0.0748,157.166,46.95,108.852,33.972,3091.033,0.3068,24.917,0,0,1,0
4867,5,-4.989,27.115,3.3,-4.369,0.0741,375.21,-2.453,9.428,-26.798,-0.409,0.0,143.493,18.707,35.347,15.579,3387.41,0.1732,16.535,0,1,0,0
4839,10,13.8,34.644,-9.806,14.212,0.1227,392.907,-6.83,1.125,-1.111,-5.94,0.0,471.882,20.756,-43.847,24.675,4764.364,0.2151,0.0,1,0,0,0
4681,3,17.415,6.479,2.288,18.12,0.0351,536.815,-21.282,-8.049,10.847,-22.094,0.0482,289.531,20.635,-26.668,17.757,4409.196,0.0,35.358,0,0,0,0
2634,3,-9.191,20.281,19.483,-13.849,0.0,356.153,32.113,24.305,41.794,32.041,0.0,472.447,-21.593,63.69,-16.552,6244.635,0.0,23.323,0,0,0,0
1636,5,9.616,-12.724,7.73,8.509,0.0,491.999,4.862,-21.144,45.823,5.493,0.0316,242.695,-48.788,-205.484,-53.317,5787.698,0.1729,39.361,0,0,0,0
1332,3,-16.182,-21.387,-31.439,-16.722,0.7408,193.651,-2.346,-21.935,-30.151,0.659,0.469,163.205,-14.796,-348.483,-8.388,2877.039,0.6898,83.547,1,0,0,1
422,3,25.284,-6.956,13.047,24.295,0.0111,587.599,-21.131,31.749,-25.455,-21.801,0.1962,274.364,7.969,-0.713,13.291,2324.208,0.2194,0.0,0,0,0,0
4486,10,1.543,-8.957,12.422,5.023,0.0,286.123,-1.636,17.531,-4.023,-0.573,0.068,301.447,2.901,-231.963,-5.337,6503.913,0.3284,0.0,0,0,0,0
4792,10,-13.326,-40.962,83.931,-9.602,0.1414,399.043,-19.476,-30.213,-5.436,-19.752,0.0951,547.894,53.375,-50.707,44.765,1689.022,0.4959,7.738,0,0,0,0
4938,10,-12.835,-38.144,-34.674,-11.56,0.4713,332.98,-10.777,-21.013,-17.483,-12.281,0.2434,292.726,19.147,-141.199,7.296,2800.697,0.4386,65.432,0,0,0,1
620,10,7.316,-42.058,42.64,8.655,0.3094,282.107,-13.628,17.62,-2.572,-13.446,0.0,198.065,-52.794,-1.415,-68.183,4633.156,0.2711,10.764,0,0,0,0
4345,10,-6.781,-39.269,-12.081,-9.345,0.145,648.03,0.419,-3.103,-40.453,-1.169,0.1185,42.019,-52.647,-8.86,-54.404,3144.123,0.261,25.355,0,0,0,0
3729,3,7.103,31.767,44.957,8.21,0.0921,9.74,0.074,15.62,74.247,0.125,0.0,377.987,-23.408,167.221,-18.341,5792.471,0.1005,8.396,1,0,0,0
2095,3,-9.24,-31.592,-12.156,-8.99,0.0,477.896,-10.212,-32.216,-28.354,-11.987,0.1692,356.365,-8.47,-71.557,-37.766,1513.215,0.2264,3.682,0,0,0,0
4946,5,10.719,22.257,41.358,9.325,0.0,411.075,-19.752,-22.266,-24.218,-18.616,0.0879,244.674,-37.037,82.635,-32.446,3346.507,0.0619,31.69,0,0,0,0
102,5,-12.027,-67.846,-44.391,-10.172,0.5848,182.343,-8.165,-23.015,-33.191,-7.109,0.3508,193.463,-72.87,-299.53,-76.535,3984.262,0.6711,79.547,1,1,0,1
2915,5,26.406,2.2,-28.046,28.493,0.11,147.371,-16.607,27.582,-42.478,-14.327,0.0416,147.1,12.107,46.472,4.529,4141.983,0.3557,0.0,0,0,0,0
21,10,-17.013,49.518,-33.14,-21.809,0.1347,162.656,-2.083,29.548,22.089,-5.542,0.0191,328.256,0.767,-10.302,7.811,1995.16,0.0324,0.0,0,1,0,0
4064,3,6.754,-28.998,-25.96,8.457,0.0,126.831,-8.337,14.931,-4.255,-8.279,0.1418,139.225,-15.377,99.607,-4.593,3873.567,0.1519,26.514,1,0,0,0
4830,5,-14.367,26.038,12.25,-11.475,0.0269,449.992,26.319,-24.04,8.747,27.474,0.0,409.896,-1.094,120.107,-1.086,5385.016,0.0451,0.0,0,0,0,0
461,5,-10.163,-0.601,29.505,-10.774,0.2158,824.546,1.828,26.702,-23.055,1.847,0.0372,135.684,29.105,85.156,37.152,2301.928,0.3897,3.809,0,0,0,0
2604,3,9.283,-43.489,-43.11,8.709,0.809,534.61,16.36,-43.606,-25.378,16.786,0.0,442.209,-42.344,-3.144,-27.968,8112.245,0.0,20.037,0,0,0,0
2084,5,10.185,6.055,-34.751,8.354,0.1472,257.248,-3.678,-4.744,15.526,-2.64,0.0,490.18,-5.84,97.314,-8.918,3575.422,0.1093,0.0,0,0,0,0
1301,3,-18.982,-14.554,-66.821,-17.28,0.7291,155.441,-11.239,-6.479,-6.575,-10.153,0.2674,31.054,33.249,-184.886,31.732,1182.091,0.5304,79.16,1,0,0,1
4319,5,-1.525,-45.552,-16.577,-4.652,0.2904,343.892,-23.733,-76.478,-4.755,-26.637,0.0,409.322,-26.027,164.954,-19.275,5262.364,0.0453,33.83,0,0,0,0
3622,3,-15.582,-2.8,-26.663,-15.819,0.459,131.838,-1.753,-11.556,-43.357,-1.999,0.6493,176.27,-8.885,-204.736,-9.384,633.946,1.0,93.125,1,0,0,1
2476,5,3.187,38.865,43.676,-1.184,0.0,534.753,1.016,-11.842,37.153,0.658,0.0,113.474,62.748,-71.306,65.314,1427.046,0.2805,23.25,0,0,0,0
1850,5,-13.288,-3.627,4.771,-13.046,0.0683,440.945,-14.045,8.798,-8.353,-14.84,0.0,588.524,4.878,-72.016,17.432,845.948,0.0602,0.0,0,0,0,0
3458,5,-28.09,-7.279,3.84,-27.711,0.0067,360.032,-2.722,-4.916,5.753,-3.325,0.0,527.959,-64.868,-66.709,-74.118,2002.016,0.4712,19.572,0,0,0,0
4415,10,-20.839,-47.29,-43.742,-20.878,0.7937,151.301,-3.027,-11.312,-25.459,-2.971,0.585,28.487,13.501,-25.363,11.88,1084.311,0.7369,66.308,0,0,0,1
84,10,-23.523,-27.546,-65.615,-22.627,0.513,65.061,-12.913,-0.152,-11.219,-10.584,0.4503,171.559,-43.589,86.662,-33.657,2557.756,0.545,83.373,0,1,0,1
2102,5,-13.967,-9.111,-5.037,-13.199,0.0743,473.448,16.846,-6.61,-4.595,16.298,0.0244,298.561,15.461,-103.601,25.149,2772.603,0.1367,28.424,0,0,0,0
4611,3,-10.509,-16.122,49.856,-12.568,0.0316,572.315,-34.666,-30.813,-45.262,-35.793,0.0701,323.564,-26.399,50.828,-24.688,5996.869,0.0,6.415,0,0,0,0
130,5,-7.71,-61.336,-12.21,-5.884,0.7109,159.995,1.17,4.284,-33.432,0.191,0.0986,445.291,-49.979,-34.292,-53.779,7373.209,0.6392,52.262,0,0,0,0
2967,5,-14.942,-50.383,-100.0,-10.442,0.3817,342.302,-9.274,-8.142,-34.275,-8.846,0.2791,191.65,63.633,12.44,57.69,1867.652,1.0,60.058,1,0,0,1
641,10,13.775,-13.534,-48.918,10.171,0.378,311.105,3.422,1.336,-40.298,4.018,0.0,429.114,15.307,11.159,23.67,5431.347,0.2108,44.957,1,0,0,0
4377,5,-10.552,27.265,-60.378,-11.155,0.0925,236.686,15.545,21.575,43.372,15.154,0.0268,404.265,25.716,33.649,23.876,3834.033,0.0464,18.551,0,0,0,0
2668,5,-11.766,-24.735,-30.805,-9.879,0.7796,168.377,-5.925,-5.143,-31.29,-3.305,0.1257,50.177,15.028,294.05,4.58,3806.28,0.6318,54.842,0,0,0,1
222,5,-6.088,12.126,-9.253,-5.591,0.021,442.126,-22.85,-71.307,-12.172,-25.699,0.0185,453.032,26.787,-115.1,30.975,3729.867,0.1143,17.905,1,0,0,0
2815,3,-9.441,-47.144,-52.531,-9.651,0.2082,54.667,6.224,-18.34,-24.479,4.364,0.3011,161.755,-6.645,106.159,-14.487,4070.98,0.9275,78.602,0,0,0,1
4653,10,-16.84,3.411,-78.143,-18.938,0.01,159.082,-8.417,-28.104,-7.271,-4.227,0.096,400.081,42.586,-79.347,53.427,5914.049,0.2322,5.82,0,0,0,0
822,3,-6.186,-62.928,-39.038,-3.351,0.7767,373.957,3.592,-35.659,15.85,2.439,0.2893,200.433,-76.045,21.764,-73.214,6830.899,0.7866,44.179,1,0,0,1
245,3,-9.144,-23.533,37.033,-6.302,0.0518,344.371,-1.595,16.669,-0.591,2.319,0.1516,562.243,-3.257,25.782,-14.823,4782.356,0.3397,5.791,0,0,0,0
1447,5,-18.567,-0.145,12.9,-18.939,0.2198,449.841,3.357,-17.024,-33.861,3.292,0.2656,298.218,8.924,-8.733,-2.978,1063.215,0.25,12.699,0,0,0,0
1705,5,0.148,-14.496,-30.978,0.986,0.0762,516.416,-13.034,38.324,9.998,-11.799,0.1169,375.242,-12.42,-57.085,-24.43,1934.417,0.0045,12.503,0,0,0,0
835,5,-1.3,9.954,-32.574,-3.608,0.1729,290.636,13.692,13.784,-2.696,12.856,0.1582,219.712,27.948,-70.491,16.37,1077.984,0.1387,21.591,0,0,0,0
2670,3,2.211,-7.41,-0.981,-1.708,0.1315,370.695,8.022,-36.698,-22.873,5.028,0.0293,188.458,2.334,-49.239,14.264,1860.63,0.2142,5.108,0,0,0,0
1593,10,-1.13,-16.891,24.334,-1.993,0.0,344.099,-1.366,-6.52,30.334,1.831,0.1281,260.794,8.18,-56.073,0.812,5208.297,0.2326,23.137,0,0,0,0
3240,5,-5.66,-44.77,-21.926,-4.592,0.3848,170.563,-14.321,25.123,-27.204,-14.87,0.5875,29.804,-73.061,122.84,-81.81,1155.698,0.7426,55.682,0,1,0,1
3254,10,-29.701,-38.226,-17.249,-29.149,0.7579,387.893,-13.175,-8.046,-44.614,-14.821,0.1958,134.269,52.666,-183.203,55.984,4228.338,0.6848,35.491,0,1,0,1
3057,10,2.162,-11.905,6.141,4.514,0.0,354.969,1.321,3.998,-6.866,0.87,0.2672,281.689,39.247,160.729,43.44,8555.434,0.3608,19.003,1,0,0,0
55,3,23.374,-13.658,-19.448,25.833,0.2876,397.587,2.24,1.63,-19.556,2.185,0.0943,229.938,-6.294,48.407,3.025,4296.158,0.3173,0.0,0,0,0,0
4869,10,-6.488,-10.199,-22.979,-2.732,0.0,445.246,-26.338,2.119,-29.469,-27.575,0.0508,247.383,55.234,-38.705,45.153,1934.833,0.2219,10.693,0,0,0,0
3171,3,-7.674,13.196,-28.844,-8.841,0.0,429.757,-3.912,0.651,-3.845,-1.872,0.1307,3.943,-29.632,19.065,-28.549,4712.882,0.258,3.587,1,0,0,0
4124,3,-3.294,-38.048,-100.0,-5.223,0.8872,236.328,-12.167,-20.382,-23.809,-11.194,0.1499,72.479,-40.919,-63.67,-43.677,4003.915,0.6755,63.783,0,1,0,1
852,5,-10.097,-12.605,8.459,-11.903,0.0,517.146,-18.896,14.998,67.242,-17.518,0.0,338.902,-6.4,68.024,-3.361,3135.175,0.483,14.935,0,0,0,0
2919,3,-4.208,15.058,-37.031,-4.779,0.1378,628.463,-7.655,28.599,-20.487,-7.707,0.0,228.166,72.577,-65.704,78.651,345.49,0.3131,21.688,0,1,0,0
1966,3,1.209,47.641,-27.909,1.11,0.0846,56.301,3.362,-19.573,1.638,5.783,0.0,193.618,11.753,87.279,20.55,2870.163,0.273,4.564,1,1,0,0
156,3,-12.018,-1.271,2.876,-13.488,0.0,259.309,15.531,-39.917,-57.842,16.306,0.0,540.593,-39.884,-59.019,-35.923,2744.117,0.341,24.142,1,0,0,0
3665,10,-25.771,-44.476,-27.226,-27.975,0.0325,274.294,-16.474,-32.666,-2.259,-18.952,0.0458,80.872,37.802,63.511,39.952,1273.901,0.1094,30.713,0,0,0,0
2018,3,2.04,6.791,-45.352,1.948,0.0,176.261,17.627,-12.909,-22.744,18.984,0.0,282.709,12.38,-19.303,0.359,2150.81,0.094,15.124,0,0,0,0
3446,10,-18.007,-5.832,-76.864,-20.153,0.1943,529.661,-5.112,-9.835,4.411,-4.89,0.0254,515.631,-7.852,-137.326,-18.378,748.924,0.0979,15.92,0,0,0,0
2752,5,-2.496,-50.364,-32.698,-0.007,0.0,424.203,14.948,0.592,35.03,12.297,0.1959,239.262,-60.203,-127.791,-65.05,1111.117,0.1264,7.962,0,0,0,0
2873,3,1.918,-10.888,-11.598,3.006,0.0963,314.17,3.465,-27.242,-25.058,1.586,0.2291,363.16,7.667,-40.078,3.375,4393.027,0.0859,18.395,0,0,0,0
2704,5,5.742,5.896,-27.031,3.506,0.122,647.502,0.319,15.406,13.465,1.585,0.0975,416.833,52.671,122.785,57.122,4021.36,0.1744,16.609,1,0,0,0
4814,10,-26.985,-24.906,-67.21,-28.989,0.1661,303.157,2.237,9.436,-24.824,1.35,0.5106,117.609,-53.376,73.957,-42.2,1974.718,1.0,76.458,0,0,0,1
958,5,-31.094,-0.609,-56.793,-35.374,0.5555,52.606,-4.036,-21.227,-53.338,-4.455,0.6396,184.544,-13.052,-28.672,-8.808,1274.721,0.7573,62.699,1,0,1,1
3391,10,-15.716,-43.488,-21.835,-16.536,0.8327,29.174,7.141,-3.085,-31.196,5.437,0.1266,33.608,21.064,58.139,19.129,1270.128,0.2837,100.0,1,0,0,1
1350,5,17.87,-36.818,11.896,15.703,0.0,249.891,8.116,26.406,-44.421,6.634,0.092,388.562,-4.238,57.763,2.115,6618.17,0.239,10.484,0,0,0,0
3355,3,-9.396,-51.829,2.701,-8.322,0.1722,452.68,19.719,4.568,-63.624,24.867,0.0294,205.572,3.575,-26.912,-2.698,6068.998,0.1659,16.241,0,0,0,0
1557,5,-5.843,64.6,-7.752,-2.609,0.1738,556.368,-8.361,-3.055,-50.03,-9.588,0.0169,484.297,31.298,-63.778,42.445,1242.203,0.2453,30.417,0,0,0,0
4616,5,7.02,-3.186,-29.661,7.215,0.0702,619.493,-15.733,-29.456,-30.22,-15.515,0.1244,418.102,4.13,14.94,14.779,2642.804,0.0193,2.889,0,0,0,0
978,5,-31.274,-19.421,-34.672,-30.153,0.0271,400.848,9.245,13.589,-23.795,8.419,0.0836,173.482,25.669,-183.223,3.794,3978.26,0.0753,23.39,0,0,0,0
407,3,-20.948,-42.584,-24.575,-22.338,0.694,275.287,-8.88,2.376,-54.367,-8.858,0.3419,211.882,62.409,-169.53,58.264,1639.246,0.6621,76.047,1,0,0,1
254,3,4.817,38.564,41.677,5.561,0.0117,641.172,-6.675,3.775,5.435,-6.018,0.0212,265.104,39.837,-13.564,36.902,528.298,0.1104,7.59,0,0,0,0
2949,10,-21.96,-13.319,-84.402,-23.33,0.0905,206.195,-4.592,-20.303,-54.784,-8.187,0.5017,110.114,10.174,35.252,-2.485,6866.921,0.7276,75.704,1,0,1,1
2382,3,0.964,-28.482,-19.165,1.427,0.0586,212.547,0.47,-28.822,-51.385,-2.813,0.0262,177.8,27.847,-8.116,27.912,7142.23,0.1966,24.035,0,0,0,0
1926,3,-11.501,-25.327,-2.445,-8.629,0.5354,68.66,-1.805,-9.331,-21.807,-0.231,0.3756,76.018,20.998,-127.106,27.035,4420.905,0.337,98.405,1,0,0,1
4159,10,2.446,24.03,9.745,3.594,0.0396,404.243,23.739,27.196,-4.017,23.562,0.2936,473.658,-15.467,-100.374,-5.977,87.225,0.1382,9.847,0,0,0,0
2333,10,-15.284,-61.03,23.014,-15.585,0.0338,266.194,-1.627,30.114,57.674,-4.538,0.0935,23.148,-34.462,-72.143,-55.561,6206.92,0.1339,6.585,0,0,0,0
1931,10,-23.267,-17.344,-65.433,-26.325,0.5122,242.122,4.175,-23.745,-46.617,5.267,0.2634,217.713,5.638,-78.472,6.973,3223.502,0.8349,88.275,1,0,0,1
488,3,-30.314,-62.488,-55.392,-30.49,0.4453,444.856,-9.149,-39.84,-5.395,-2.933,0.2851,236.505,-15.657,-316.605,-14.674,2958.821,0.9683,69.002,1,0,0,1
4832,5,-27.991,28.292,-44.692,-28.677,0.1358,573.442,3.611,2.605,11.103,3.927,0.0,25.887,-19.93,-46.497,-23.775,4265.044,0.2245,28.576,0,0,0,0
1961,3,18.599,18.542,4.738,17.623,0.088,633.209,-9.389,42.227,36.634,-6.463,0.1781,411.578,14.546,42.585,16.229,6443.853,0.409,0.0,0,0,0,0
2217,10,-11.003,25.505,-8.127,-12.532,0.0,447.09,-12.017,-16.541,63.39,-12.869,0.2484,34.338,-38.709,-10.457,-30.691,3644.211,0.2587,41.304,0,0,0,0
649,10,-36.923,-26.532,-44.275,-36.992,0.2602,221.721,-11.905,-24.002,-10.116,-13.388,0.3033,154.596,-17.745,-179.88,-25.536,6386.263,0.8694,66.596,0,0,0,1
2072,5,2.961,-23.455,4.588,5.367,0.0,301.643,3.401,14.195,-52.453,5.033,0.0987,127.112,37.905,-87.727,44.512,4230.753,0.0805,25.685,0,0,0,0
3553,3,-13.264,47.677,39.715,-13.502,0.0964,301.695,-2.84,0.243,-27.56,-5.538,0.0904,315.484,9.022,52.791,4.564,2910.975,0.0,13.84,1,0,0,0
2563,3,7.47,-0.266,0.365,3.075,0.0745,395.003,-39.035,43.392,39.855,-41.779,0.1327,272.768,9.999,63.611,1.646,2864.933,0.3592,21.482,1,0,0,0
558,5,-23.704,-24.638,-58.492,-22.362,0.5501,335.825,-26.042,-7.492,-34.183,-24.499,0.2756,236.158,3.611,-167.012,3.622,894.171,0.71,65.719,1,0,0,1
4188,3,9.237,-29.623,-13.002,3.956,0.0982,410.816,-0.568,-45.654,57.878,-1.572,0.0327,262.809,50.53,82.082,55.052,3856.644,0.2766,45.41,0,0,1,0
2243,3,-1.046,-21.66,-8.399,-1.006,0.1624,376.271,11.887,2.803,-26.528,11.848,0.0,330.629,13.007,109.991,17.498,2053.222,0.3817,27.905,0,0,0,0
3170,10,3.445,-32.962,-48.783,7.94,0.2856,494.352,-15.884,-2.546,3.342,-13.967,0.1194,467.348,-29.286,33.298,-35.689,5939.403,0.2504,61.246,0,0,0,0
1618,10,-29.942,-32.372,-29.888,-28.192,0.7725,153.685,2.462,-18.0,-13.109,3.088,0.4267,152.943,19.991,-77.47,13.727,3511.035,1.0,60.324,1,0,0,1
1792,5,3.434,26.672,-29.462,5.617,0.0143,527.021,-5.267,-9.236,-48.457,-1.522,0.0573,409.292,-17.29,-34.82,-27.458,4691.187,0.1369,31.471,0,0,0,0
842,10,-7.314,10.655,-55.317,-9.168,0.2853,71.753,-7.985,18.108,-54.582,-8.874,0.0742,295.162,-14.792,46.974,-3.811,8168.84,0.0,28.153,0,0,0,0
510,5,6.716,24.347,-13.084,6.868,0.2376,244.894,5.547,-25.191,8.65,6.155,0.0298,416.104,61.321,-37.043,58.061,657.117,0.3016,0.0,0,0,0,0
4961,3,-7.941,3.002,13.284,-5.89,0.0637,512.339,24.216,20.33,-24.851,25.733,0.0,299.231,-25.66,122.058,-22.968,6227.617,0.1595,9.409,0,0,0,0
3012,3,-11.529,1.956,20.719,-9.03,0.2216,349.399,0.571,18.753,-17.22,-1.501,0.0785,215.61,-9.162,61.4,-4.899,9503.69,0.1745,33.569,0,0,0,0
1994,5,-16.618,-82.641,-60.161,-16.515,0.6848,102.571,-0.615,-28.269,-19.582,-0.622,0.3325,56.137,43.749,-118.702,29.098,1031.911,0.6544,100.0,0,0,0,1
2491,3,-15.227,-35.216,-60.237,-16.4,0.4306,242.648,-13.84,-16.262,-41.879,-17.003,0.3867,152.343,-27.085,-112.234,-38.186,5764.636,0.6118,93.084,1,0,0,1
1946,5,7.887,-29.108,-3.816,8.906,0.0,617.165,0.031,10.116,39.801,0.125,0.1278,419.508,1.513,81.945,-6.893,5550.673,0.4049,22.684,0,0,0,0
3168,3,13.883,6.433,-100.0,14.813,0.1989,261.588,5.416,-28.221,47.899,1.733,0.0,648.638,5.253,-99.889,3.948,5131.939,0.0708,25.168,0,0,0,0
315,10,-19.633,-32.102,-41.479,-16.4,0.5002,294.757,2.427,-3.7,-48.496,1.368,0.3896,110.219,13.211,113.316,13.326,3804.038,0.5584,66.93,1,0,0,1
2235,5,0.789,-58.53,-44.134,-1.002,0.2508,652.025,-5.84,1.828,29.64,-10.21,0.012,286.99,50.621,168.139,51.407,3109.597,0.3701,13.743,0,0,0,0
1976,3,19.038,-2.4,-38.95,13.903,0.0527,647.584,-6.454,-12.552,-63.277,-5.415,0.0598,140.35,-21.491,28.446,-30.203,2580.447,0.2433,8.822,0,0,0,0
4235,5,-22.908,48.194,-16.39,-25.376,0.1168,171.865,-27.051,-15.886,-28.877,-26.482,0.0088,138.33,-24.26,-33.568,-20.785,4205.538,0.0593,18.245,0,0,0,0
683,10,7.101,-28.852,-4.974,6.839,0.3074,63.74,1.671,-15.367,20.677,2.698,0.2464,485.091,-18.525,16.558,-8.922,2088.577,0.3443,0.0,0,0,1,0
319,10,-21.391,26.035,20.416,-20.645,0.0,343.119,-8.069,-11.164,-16.684,-5.85,0.0,257.158,-24.488,119.032,-26.192,713.18,0.2269,31.131,0,0,0,0
1489,10,-14.366,11.309,-32.843,-16.069,0.0999,425.675,-14.504,12.824,67.643,-11.076,0.1462,480.828,46.002,5.727,35.493,2622.571,0.3708,23.594,0,0,0,0
4498,10,-24.63,-31.869,-47.589,-20.473,0.5926,95.671,-11.111,-0.405,-23.149,-11.685,0.1891,203.559,-20.408,-194.068,-27.858,255.011,1.0,76.58,1,0,0,1
3475,3,-19.698,-16.435,33.576,-19.056,0.0,561.571,10.741,21.924,69.126,10.904,0.0208,404.545,19.061,-71.706,9.537,5614.582,0.2456,30.236,0,0,0,0
4870,3,5.74,35.024,35.627,4.886,0.0885,279.269,-22.599,-16.912,-38.543,-24.281,0.0435,172.305,32.078,-21.313,32.04,1995.764,0.0826,15.872,0,0,0,0
67,10,-11.247,34.616,4.73,-15.12,0.0287,600.684,18.009,-3.34,9.61,16.046,0.071,375.034,-8.644,-141.309,-19.737,3852.437,0.3439,39.05,0,0,0,0
1712,10,15.76,-8.452,26.818,13.504,0.1593,439.247,2.609,2.612,7.492,4.066,0.1387,117.503,7.837,-92.604,-4.534,4111.655,0.0438,21.249,1,0,0,0
3638,5,4.03,-60.427,23.457,1.111,0.0674,518.375,-9.402,6.829,-26.574,-6.919,0.0,244.011,27.067,-24.984,22.13,2827.171,0.011,0.0,0,0,0,0
4076,10,-13.647,-39.15,-7.924,-10.507,0.6932,265.392,-15.493,-1.614,3.06,-13.406,0.0,23.92,42.754,-168.737,46.658,3220.727,0.799,28.493,1,0,0,1
2656,10,-12.677,-27.141,-72.891,-11.452,0.2087,458.452,2.755,-49.831,-26.428,2.839,0.1722,107.093,-22.914,-149.545,-33.664,1602.802,0.8594,58.095,1,0,0,1
2844,5,-5.162,-31.127,11.582,-7.266,0.0005,393.328,6.02,14.888,-26.611,6.249,0.1325,356.34,-14.319,88.132,-22.801,586.6,0.4046,5.415,0,0,0,0
4303,10,-26.979,31.5,29.057,-27.919,0.0187,515.234,5.765,-4.336,21.009,2.902,0.0936,237.61,-34.05,77.535,-45.064,111.854,0.1218,25.614,0,0,0,0
1382,5,14.981,34.369,-1.633,11.104,0.2863,183.243,-1.674,22.868,27.688,-3.72,0.0,461.749,-3.61,-138.137,-10.21,4089.021,0.1407,6.685,1,0,0,0
3714,5,19.65,14.099,6.537,22.091,0.0,209.772,-0.87,24.123,5.475,-0.998,0.1812,214.54,7.127,69.063,-5.629,4010.063,0.2601,25.151,0,0,0,0
3378,5,12.774,-24.459,-24.89,12.264,0.1322,419.104,-11.017,-22.449,26.124,-10.724,0.0229,379.463,-30.645,-93.629,-24.687,5282.955,0.255,10.345,0,0,0,0
2406,5,3.959,-1.704,-31.779,7.311,0.0151,571.617,-3.588,-15.933,3.277,-5.023,0.0635,263.57,-27.154,-49.623,-35.146,257.248,0.2242,11.622,0,0,0,0
4707,10,-5.026,13.643,6.364,-1.837,0.194,120.475,-17.589,0.624,-37.486,-19.32,0.0185,494.833,-17.208,-37.185,-26.784,1891.169,0.4519,19.429,0,0,0,0
3711,3,-9.699,-52.839,66.085,-8.274,0.0103,498.942,-10.811,-12.663,15.603,-15.333,0.0,230.93,-50.095,-94.408,-49.997,1479.236,0.3238,15.293,0,0,0,0
2612,10,-6.37,-23.34,23.724,-7.125,0.2593,282.095,-8.66,-14.405,-30.348,-8.933,0.0,192.791,18.918,155.747,5.211,282.456,0.0994,31.441,1,0,0,0
3906,10,2.448,34.199,32.681,1.201,0.0,133.158,-16.078,18.71,-23.62,-18.186,0.0489,158.782,-35.223,-94.353,-30.836,4794.777,0.56,26.698,0,0,0,0
4086,10,-28.703,-43.081,7.066,-30.503,0.5993,28.339,-4.538,-13.179,-7.203,-3.468,0.2749,72.509,5.937,-22.492,6.579,4831.831,0.6684,65.341,0,1,1,1
274,10,-33.095,-65.46,-36.36,-33.61,0.6138,381.175,-6.399,-34.874,29.623,-5.538,0.5714,11.657,20.848,-138.782,24.101,4067.397,0.7051,64.588,1,1,0,1
131,10,-7.788,-39.99,-28.44,-9.417,0.2601,15.897,9.525,-37.045,-27.375,10.335,0.0426,234.992,-36.058,18.513,-39.188,4686.102,0.9506,65.221,0,0,1,1
3930,10,9.032,-5.36,62.446,10.181,0.0322,634.566,-6.075,-7.405,-47.127,-10.481,0.0199,337.027,-66.814,-97.223,-65.424,5797.887,0.014,23.721,0,0,0,0
2939,3,8.037,25.508,39.891,5.438,0.0,825.966,6.056,-11.601,12.305,7.252,0.2401,594.762,-7.231,102.6,-0.91,2080.011,0.2316,21.466,0,0,0,0
3190,3,-1.94,33.451,-24.404,-3.105,0.0,539.742,-9.278,-33.976,-32.895,-9.105,0.2952,230.894,-47.297,-21.914,-41.29,5138.62,0.1879,0.945,0,0,0,0
4687,3,-28.47,-57.018,-54.415,-27.359,0.5544,7.921,-21.808,-30.355,-33.749,-22.481,0.4119,196.933,31.233,34.641,35.653,1905.354,1.0,66.66,0,0,0,1
4615,5,-18.513,-5.932,-41.671,-18.39,0.4863,308.099,1.618,-6.895,-7.247,4.833,0.2838,134.632,4.503,-283.711,12.165,676.499,0.8964,35.785,0,0,0,1
2567,3,9.559,-47.433,-29.801,11.187,0.4598,139.69,-4.563,-23.311,-18.721,-5.473,0.1658,606.917,9.728,70.904,18.591,6901.168,0.3582,42.156,0,1,0,0
4384,5,-8.586,-29.694,-51.65,-8.256,0.5004,688.916,-9.363,-19.781,5.011,-9.164,0.1541,307.483,-23.743,88.708,-39.361,1418.458,0.3243,43.893,0,0,0,0
195,10,12.374,42.642,-3.86,14.259,0.1536,374.213,15.806,-0.816,7.067,14.834,0.1078,173.594,-0.553,-121.782,-3.536,5137.705,0.0109,10.226,0,0,0,0
3302,5,8.646,-21.926,-34.292,3.813,0.0238,686.537,12.122,-11.406,-7.228,13.203,0.0351,311.926,39.372,6.366,39.687,135.323,0.4215,12.834,0,0,0,0
787,10,-6.638,-12.754,-100.0,-6.217,0.8842,125.084,-5.194,7.19,-31.321,-6.652,0.1264,135.628,81.148,-89.187,70.975,3502.899,0.6159,70.307,0,1,0,1
2154,3,-18.039,-31.226,-91.806,-19.779,0.7741,244.523,1.833,-16.092,-10.735,1.516,0.2725,155.295,36.962,-64.654,46.941,2348.645,0.6644,11.679,1,0,0,1
991,5,-11.938,-28.913,-2.661,-13.88,0.0,500.649,1.626,-1.052,28.04,0.279,0.0,381.73,-5.484,198.992,-12.477,1779.561,0.343,12.853,1,0,0,0
2658,5,11.66,-24.147,75.99,9.93,0.0386,285.328,2.693,-3.381,-36.544,2.445,0.1172,234.484,-4.391,70.659,-7.466,943.142,0.2866,37.922,0,0,0,0
865,10,-18.743,-22.344,-65.478,-18.895,0.6174,322.462,-17.96,1.079,-10.847,-16.828,0.5123,187.631,-55.417,-304.35,-55.523,3820.599,0.8023,66.958,1,0,0,1
139,10,-28.271,-60.044,-9.326,-29.907,0.6113,299.234,-13.435,8.847,-17.453,-17.462,0.1424,184.471,-19.655,-31.946,-24.941,2548.451,0.6496,25.894,0,0,0,1
4397,3,0.781,-44.33,-19.664,-1.838,0.1736,564.733,14.657,-27.558,-55.863,15.702,0.0777,467.518,32.939,-96.13,31.326,3011.67,0.1404,4.005,0,0,0,0
2713,3,14.9,-34.404,17.35,9.163,0.0,420.278,15.797,-15.457,10.194,16.247,0.0,273.584,32.766,32.08,17.326,1799.476,0.3873,25.24,0,0,0,0
425,5,-7.842,-17.266,1.895,-8.928,0.0732,395.901,12.254,9.949,-4.916,14.842,0.1085,161.303,-82.962,-40.616,-79.611,2719.356,0.0,12.345,0,0,0,0
2107,5,-6.718,-58.831,-70.264,-8.656,0.4223,69.901,0.474,-16.974,-15.016,1.503,0.2575,95.002,-17.473,25.911,-22.564,894.062,0.6256,68.235,1,0,1,1
968,5,12.644,17.624,-19.114,11.796,0.0,214.159,9.386,-10.787,-18.515,10.942,0.0304,254.69,27.023,-33.085,22.408,4272.938,0.1993,0.0,0,0,0,0
4043,5,-25.819,22.579,39.464,-22.083,0.1127,89.546,-0.769,-10.023,31.095,-1.843,0.0912,261.774,-76.595,14.811,-68.12,4860.05,0.2479,43.886,0,0,0,0
1698,5,1.598,26.283,-5.811,2.822,0.1947,518.995,11.041,-34.827,-6.34,10.224,0.0,293.879,-9.398,-16.948,-2.093,1633.067,0.1984,15.852,0,0,0,0
1962,10,-14.555,-48.622,-75.253,-16.723,0.4455,71.662,-13.349,-11.958,-0.696,-12.964,0.3379,212.896,13.872,-174.419,15.713,3806.129,0.7897,44.971,1,0,0,1
4253,5,-23.153,17.415,25.383,-22.825,0.0208,24.688,6.617,-13.327,-46.147,8.758,0.1088,86.54,-40.382,-93.465,-25.49,488.705,0.0,16.271,0,0,0,0
2846,5,0.751,-21.948,-54.322,1.217,0.1262,669.114,0.076,17.882,-35.337,-0.506,0.1184,646.126,10.63,-51.969,17.048,3780.536,0.5701,38.778,0,0,0,0
2437,3,-10.786,2.155,-10.47,-10.244,0.0501,422.484,-0.833,-9.33,38.684,-3.571,0.1959,527.663,28.359,4.035,33.007,2761.024,0.1806,5.985,0,0,0,0
702,10,8.18,2.241,-25.822,7.792,0.0517,683.409,-32.915,-0.969,45.554,-35.377,0.1022,240.833,7.868,66.943,7.928,4495.557,0.2355,27.075,1,0,0,0
1491,10,8.392,39.812,-61.431,6.078,0.042,430.41,7.324,1.801,5.035,9.266,0.1265,380.948,-6.728,48.279,-6.325,5756.679,0.3633,6.857,0,0,0,0
4635,5,-11.106,-44.234,-63.008,-10.575,0.7426,231.492,-23.865,-28.945,-47.415,-27.373,0.5477,336.001,-29.248,-136.105,-38.634,6207.226,0.459,95.711,0,0,0,1
150,3,33.255,6.957,54.124,33.472,0.0837,486.652,-18.69,20.689,62.978,-16.416,0.337,231.008,8.633,49.19,9.671,1305.249,0.1215,17.93,1,0,0,0
1422,10,19.636,9.576,-12.719,20.635,0.0804,428.323,6.815,19.103,32.316,1.307,0.0,87.394,-19.158,169.537,-15.641,2280.579,0.333,0.0,0,0,0,0
2705,5,-11.404,10.685,-3.083,-13.206,0.0755,104.677,15.3,7.998,-55.463,15.977,0.0,205.41,-77.588,10.907,-77.911,544.069,0.066,3.193,0,0,0,0
203,5,12.66,18.334,74.047,10.867,0.0482,189.727,-7.475,9.351,-26.473,-8.281,0.0262,180.07,-43.307,-15.917,-42.496,2077.148,0.2243,12.825,0,0,0,0
3390,10,-18.439,-39.065,-100.0,-19.48,0.7751,212.625,1.173,-52.218,-13.212,1.923,0.6014,128.911,71.36,11.463,56.687,1106.966,0.7509,71.627,1,1,0,1
1598,3,-20.64,-46.862,-52.569,-19.758,0.3686,23.968,1.258,-9.23,14.508,2.953,0.5452,152.891,-41.567,48.358,-45.62,3803.344,0.6354,45.309,1,1,0,1
415,5,-18.504,-15.129,-53.649,-19.036,0.1307,314.346,1.309,2.265,-29.053,-1.015,0.0727,309.816,3.259,42.465,2.145,6754.94,0.2657,0.0,0,0,0,0
1741,5,20.237,-2.663,-18.236,22.225,0.0,371.849,-20.252,-30.229,-8.557,-20.103,0.0874,202.339,4.373,-82.714,21.783,4896.69,0.1122,0.0,0,0,0,0
1787,5,-3.862,-56.774,24.173,-5.174,0.0507,587.044,-5.786,19.039,-58.808,-4.246,0.0048,409.237,2.009,29.291,3.479,4574.507,0.074,14.826,0,0,0,0
2468,3,-29.901,-53.792,-35.038,-25.991,0.2875,275.491,-9.205,-21.106,-42.113,-12.507,0.1544,221.808,-14.763,-195.391,-25.74,3596.582,0.8363,44.858,0,0,0,1
3972,5,3.12,-37.584,-5.422,5.317,0.19,146.862,-19.402,0.458,53.687,-17.424,0.2282,131.616,-2.628,-35.284,-14.734,5742.868,0.6306,0.0,1,0,0,0
1722,10,8.06,37.747,-5.229,5.596,0.1518,505.95,-15.958,-35.804,-54.14,-12.857,0.1467,369.845,-24.995,-24.39,-24.248,2478.805,0.5295,0.0,0,0,0,0
2510,10,-17.019,4.768,36.649,-16.883,0.0,480.311,1.295,-11.314,15.88,-0.681,0.0368,32.844,0.632,-170.526,-9.733,2802.41,0.266,20.714,0,0,1,0
1095,5,-1.39,31.774,-53.612,0.38,0.0098,467.7,2.317,14.577,6.996,4.294,0.0,287.52,15.785,-39.663,22.267,4763.213,0.1167,23.4,0,0,0,0
1957,10,2.059,-15.164,3.704,2.387,0.2198,538.84,-6.022,-4.643,-51.205,-7.044,0.0,284.209,15.26,-32.118,17.189,694.711,0.0,36.358,0,0,0,0
48,3,-22.138,-35.819,-61.808,-23.053,0.9222,307.304,-26.858,-60.841,-12.686,-28.381,0.0851,3.653,-50.019,-70.406,-55.499,4930.611,0.8578,82.476,0,0,0,1
1847,3,10.275,-12.419,-44.105,10.641,0.0,215.062,-27.865,15.988,61.585,-28.092,0.1526,389.463,33.266,-43.802,44.287,3293.794,0.2583,20.51,0,0,0,0
1766,10,-2.066,-21.345,12.515,-3.015,0.1402,299.172,-2.391,38.461,-19.211,-1.987,0.078,222.755,17.133,112.475,7.945,1941.596,0.3269,0.288,0,0,0,0
2276,5,-11.487,23.528,-17.453,-10.976,0.1205,321.271,-8.328,-23.979,39.565,-9.457,0.0629,642.306,0.643,-89.376,-9.976,6097.637,0.2097,27.997,0,0,0,0
3731,5,0.686,37.402,-4.008,0.057,0.0861,147.843,17.264,23.748,-49.233,16.958,0.1298,503.343,-24.536,-79.55,-23.764,4287.415,0.379,17.904,0,0,0,0
2311,10,-19.63,-76.476,-46.327,-18.821,0.6836,121.323,0.954,-44.934,-57.911,-0.843,0.2143,230.382,-112.693,36.614,-109.064,1070.037,0.6962,74.935,1,0,0,1
4810,5,-2.8,-32.463,-46.48,-3.98,0.1191,767.417,-12.745,-0.976,12.397,-11.438,0.0512,278.659,-60.424,72.948,-59.603,1610.187,0.2693,29.625,0,0,0,0
1388,10,-30.036,-12.551,58.703,-27.811,0.1073,116.537,-0.394,2.263,-7.548,-0.72,0.0729,303.279,62.576,95.71,53.295,1823.474,0.0,8.092,0,0,0,0
2290,5,4.075,-1.48,-38.328,2.269,0.18,187.3,-13.277,28.612,-7.238,-11.417,0.1966,151.855,-6.09,76.68,-7.038,7209.402,0.1967,37.601,1,0,0,0
2083,3,11.064,-16.056,12.344,9.308,0.0798,153.055,21.711,1.735,26.698,18.59,0.0879,93.633,16.204,-135.146,18.239,3683.269,0.3078,40.067,0,0,0,0
2098,5,-12.227,14.449,-37.815,-10.848,0.0955,261.017,-1.317,7.159,42.008,0.246,0.0,324.017,-46.105,58.088,-50.135,7959.527,0.5945,18.363,0,0,0,0
4620,10,-12.508,6.577,87.561,-15.453,0.2567,547.6,13.207,1.073,-21.121,17.585,0.0081,407.425,-69.078,119.079,-78.659,4411.467,0.1956,36.951,0,0,0,0
2472,5,-16.919,-39.5,82.946,-15.082,0.0,448.485,2.513,3.202,18.436,4.159,0.0304,293.85,5.827,35.634,4.216,1388.377,0.2215,4.022,1,0,0,0
1305,3,-26.444,-45.897,-18.22,-27.068,0.8122,293.81,-8.449,-20.788,-27.856,-8.392,0.0481,293.421,-5.568,24.679,-1.087,8418.422,0.6577,41.424,0,0,0,1
3600,5,-19.555,-39.313,-22.764,-19.492,0.5497,142.887,-19.321,-0.444,-10.249,-16.647,0.2999,146.586,24.657,17.078,17.054,2762.853,0.6387,80.207,1,0,0,1
346,3,-26.474,-27.312,37.983,-27.142,0.0,688.021,2.669,19.775,-9.36,3.874,0.0494,302.79,28.363,-90.54,35.003,577.558,0.2195,5.602,0,0,0,0
45,3,-18.263,-7.594,-71.117,-23.174,0.9198,79.404,0.311,-17.631,-27.456,0.321,0.3399,31.249,-22.932,-52.264,-15.765,3814.155,0.5963,49.956,0,0,0,1
4964,5,-15.778,-45.996,-28.904,-17.253,0.5151,334.514,-15.897,-26.486,-34.175,-14.508,0.2602,311.674,-59.903,-153.627,-73.585,2010.599,0.9194,34.338,0,0,0,1
1704,3,-21.444,-38.813,-56.81,-24.857,0.4717,285.543,-2.036,3.948,-8.191,-0.918,0.9578,111.682,-42.702,-92.933,-48.661,454.762,0.9037,80.9,1,0,0,1
2408,5,-1.652,-37.139,-62.103,-1.453,0.0125,400.985,15.763,-14.028,15.754,17.036,0.0,335.77,4.745,95.914,3.937,1632.842,0.4447,33.509,0,0,0,0
1017,5,-0.956,6.119,14.885,4.921,0.1723,219.38,5.537,-11.071,40.665,3.923,0.0138,414.191,42.401,47.405,40.621,2649.989,0.3662,11.14,1,0,0,0
910,5,-0.383,14.683,-7.059,-2.942,0.0801,511.822,0.416,2.486,-37.53,3.717,0.0,171.307,44.652,-28.724,35.413,2076.301,0.2849,11.63,0,0,0,0
3372,10,4.822,-10.139,17.916,1.779,0.0,548.878,3.505,-42.032,13.868,3.163,0.0128,223.906,40.011,-128.999,46.834,54.706,0.3696,17.164,0,0,0,0
1046,3,-15.08,23.379,-14.925,-13.63,0.1291,285.741,-0.59,-8.708,3.436,1.047,0.0,364.74,-13.389,88.965,-26.809,6825.265,0.242,5.217,0,0,0,0
1406,3,-13.928,-43.495,-49.596,-14.611,0.763,37.501,-8.108,12.193,-28.067,-11.254,0.3132,2.813,61.201,-33.79,64.259,4897.359,0.7112,95.343,1,1,0,1
235,3,-3.893,38.58,-6.164,-3.292,0.0796,153.748,4.538,-39.317,-7.975,1.689,0.0,162.198,-25.634,-143.577,-29.479,4371.363,0.1858,14.519,0,0,0,0
226,10,-22.752,-31.583,-58.147,-24.527,0.378,363.165,-11.337,0.374,-33.602,-16.261,0.1543,199.13,-23.397,81.782,-32.398,3757.336,0.5246,86.047,0,0,0,1
2837,3,-35.12,-38.768,-72.321,-33.281,0.5801,384.593,-12.127,-13.273,-44.35,-9.745,0.3258,129.268,-85.794,-51.504,-84.17,634.111,1.0,77.402,1,0,0,1
4661,5,-27.507,-16.783,-12.489,-27.99,0.3652,51.095,-9.012,2.882,-31.111,-9.851,0.0,135.369,-52.311,97.445,-56.201,1761.396,0.8035,29.105,0,0,1,1
1535,5,11.787,-3.654,-29.526,11.331,0.4416,12.04,12.266,-11.497,-24.754,13.176,0.0,500.582,55.093,-64.925,71.581,2530.45,0.4231,22.542,0,0,0,0
4753,10,27.14,17.001,42.446,30.518,0.1888,214.611,-2.654,-19.901,-23.373,-3.505,0.038,232.869,-12.107,33.476,-8.563,5584.074,0.4322,9.873,0,0,0,0
4802,10,-22.204,6.587,21.558,-23.877,0.2234,96.56,17.001,30.397,14.315,14.909,0.1264,222.19,-23.417,-130.358,-33.033,1648.022,0.3387,17.184,0,0,0,0
969,3,-4.461,-20.204,28.742,-3.818,0.114,383.127,4.478,-1.732,49.516,7.49,0.2166,308.232,-49.088,168.391,-53.208,946.501,0.2175,5.669,1,0,0,0
1014,3,-28.232,-11.681,-71.695,-31.401,0.3852,208.074,-9.493,-24.929,-24.431,-13.699,0.3341,24.991,-7.441,2.403,-15.658,1438.23,0.5891,59.609,1,0,0,1
1096,10,22.023,-10.302,-46.074,22.518,0.2742,410.046,-1.111,4.128,-2.733,-4.406,0.0,285.325,64.901,14.008,63.366,9438.727,0.4632,61.56,0,0,0,0
1985,5,-12.086,-1.507,53.675,-10.086,0.0798,144.87,-2.607,-5.699,11.636,-3.476,0.0771,366.933,-6.243,-25.031,0.63,222.976,0.5417,6.924,1,0,0,0
4026,5,16.569,-11.489,35.099,17.167,0.0643,289.001,2.602,-23.805,19.269,1.127,0.0,407.485,-12.41,42.03,-11.743,6450.227,0.0959,17.937,0,0,0,0
1068,3,12.494,59.337,5.277,11.068,0.1305,15.147,-8.393,-17.787,-16.409,-2.058,0.0121,311.544,12.097,85.917,26.207,2605.653,0.2946,22.311,0,0,0,0
548,5,-22.722,-22.321,-38.347,-24.398,0.5018,139.503,-17.689,2.638,27.801,-16.052,0.0871,95.305,24.284,153.167,40.802,931.371,0.9328,62.66,0,0,0,1
4570,5,12.211,16.515,9.63,15.438,0.0529,374.918,-19.595,33.987,5.926,-19.168,0.2277,131.969,55.186,9.436,60.395,5041.482,0.0,41.041,0,0,0,0
2625,5,-7.414,-39.352,-47.274,-5.687,0.5314,684.019,-4.906,-6.581,56.707,-5.548,0.0811,209.741,21.512,48.985,23.775,1809.623,0.4647,86.882,0,0,0,0
2682,5,-0.769,-2.429,-33.575,-1.107,0.2856,390.327,-4.138,0.304,-9.935,-3.569,0.0802,419.499,53.702,147.779,50.469,1908.468,0.2326,0.0,0,0,0,0
1190,3,3.557,31.185,-30.416,3.794,0.1485,433.503,6.944,-10.11,-30.301,8.916,0.1516,429.508,-17.227,111.315,-5.275,5794.564,0.0502,15.003,0,0,0,0
4494,10,-5.892,-47.846,-16.606,-5.862,0.8395,362.552,-15.001,8.924,9.548,-14.607,0.2442,184.649,27.014,-90.151,35.846,6510.168,0.5848,33.459,1,0,0,1
1740,10,-24.734,40.777,-53.436,-21.988,0.1461,787.301,-2.808,34.453,-3.84,-2.369,0.1734,265.98,49.631,42.829,52.438,4487.585,0.2458,10.579,1,0,1,0
2063,5,-7.694,-15.836,-37.388,-6.386,0.7316,230.25,-13.213,-15.364,-38.365,-15.983,0.0996,36.563,-58.796,-65.257,-58.434,8737.687,0.3956,92.247,1,0,0,1
4502,3,-10.974,-14.433,15.763,-12.094,0.0,221.106,-13.527,8.457,-9.803,-12.372,0.1573,321.754,-3.5,-135.66,-2.216,1739.23,0.0601,8.393,0,0,0,0
411,3,-4.569,-40.609,-40.433,-4.62,0.3526,336.55,0.421,2.91,-25.433,-2.157,0.4935,143.487,-37.514,-45.328,-34.951,3239.539,0.8213,75.778,1,0,1,1
4784,5,-1.108,-46.77,-18.992,-4.578,0.4492,166.852,-3.55,-9.852,-39.537,-2.87,0.4111,205.395,-52.955,-131.356,-42.079,2810.303,0.7482,51.634,0,0,0,1
913,10,-10.994,-34.378,3.617,-10.978,0.432,194.577,-1.232,-18.422,-18.63,-3.962,0.4355,191.561,-67.936,89.394,-84.932,2408.283,0.7556,26.084,0,0,0,1
4219,5,-24.729,-18.066,-18.894,-25.149,0.344,87.279,0.873,-12.308,-15.348,2.609,0.1028,59.092,-41.623,-37.052,-36.07,4223.882,0.9148,94.426,1,0,0,1
1947,3,-17.608,-27.288,6.361,-14.102,0.0569,649.428,-12.961,6.889,17.544,-14.558,0.0,109.316,7.689,68.701,22.79,3376.551,0.0,11.913,0,0,0,0
3981,3,0.529,-16.228,31.988,-1.041,0.0,423.714,-18.409,-18.234,-3.16,-17.941,0.0779,349.753,15.779,-84.255,19.912,1563.691,0.1633,6.236,0,0,0,0
2359,5,-13.066,14.632,31.533,-15.493,0.0468,543.344,-3.304,-12.803,-45.283,-1.206,0.0059,52.974,-19.372,-3.737,-25.318,694.741,0.2969,14.098,0,1,0,0
2309,3,-4.184,-23.745,-74.302,-2.946,0.7058,235.713,-17.611,19.278,-10.676,-17.846,0.3966,19.206,-70.863,-176.749,-86.337,7458.435,0.7896,76.067,0,1,0,1
3565,5,8.855,-3.038,-22.166,5.447,0.1524,365.07,-15.389,-2.666,51.028,-18.57,0.1314,252.844,3.049,117.392,-2.063,4140.619,0.1137,28.603,1,0,0,0
2868,10,-3.515,-29.965,-39.161,-3.149,0.3551,167.562,15.667,6.335,62.987,12.274,0.1834,49.903,14.821,-81.693,12.083,6572.661,0.4378,67.384,0,0,0,0
3544,10,2.164,8.808,26.281,3.562,0.0,167.051,-4.645,-15.387,0.406,-2.952,0.1282,357.463,14.695,-55.042,13.535,1071.656,0.0769,1.377,0,0,0,0
624,10,-19.459,-58.29,-33.885,-17.739,0.8973,113.091,-14.369,-27.308,-22.393,-13.372,0.032,246.174,32.787,-109.304,30.187,3371.487,0.8095,68.936,1,1,0,1
2321,5,17.254,14.434,-98.177,16.39,0.0598,498.817,3.652,18.809,13.376,4.164,0.1133,276.393,-37.54,-81.017,-39.828,4305.331,0.5551,8.919,0,0,0,0
4481,3,12.052,-0.227,8.179,11.078,0.2132,446.482,-4.48,-7.409,8.681,-4.59,0.1114,263.062,-73.229,28.774,-75.043,3156.252,0.3049,0.0,0,0,0,0
4651,5,-21.918,-29.052,-18.914,-23.964,0.1082,261.128,-20.313,-13.29,-10.589,-21.212,0.3154,101.391,-31.504,40.4,-31.136,7741.669,0.6358,39.396,0,0,0,1
3055,5,-4.338,-11.494,43.492,-5.234,0.1139,164.619,-2.531,3.016,19.219,-2.171,0.0,140.794,27.963,141.217,20.099,2446.951,0.6933,10.193,0,0,0,0
2901,10,15.345,8.277,14.196,14.801,0.1508,17.149,-15.917,-42.638,-45.417,-16.266,0.1428,26.672,2.274,57.31,3.942,4084.936,0.08,34.798,0,0,0,0
358,10,16.465,-39.982,-28.155,14.11,0.4812,325.464,7.994,-22.866,26.029,4.684,0.0093,413.151,11.406,-107.833,11.841,5836.581,0.3869,52.274,0,0,0,0
3908,10,-28.485,-38.921,-61.717,-30.517,0.1902,314.251,8.781,-18.844,-2.15,7.831,0.0173,194.711,52.901,-44.481,57.043,5025.025,0.6703,69.569,1,0,0,1
3620,10,-24.102,-35.292,-4.891,-25.176,0.411,205.467,-14.683,9.581,-19.086,-15.644,0.5118,0.858,41.276,-155.285,37.066,857.525,0.8565,34.624,1,0,0,1
3092,3,-23.278,-40.769,-100.0,-21.539,0.4081,180.73,-6.942,-21.958,-7.579,-4.77,0.2463,58.148,-22.851,-43.953,-13.799,3690.331,0.9024,93.479,1,0,0,1
4760,3,-13.066,8.847,7.936,-12.783,0.0757,449.594,12.203,22.159,15.171,12.48,0.0202,318.396,4.808,75.304,14.792,6589.173,0.3255,17.086,0,0,0,0
1360,3,4.038,-34.659,60.684,4.765,0.0,596.885,33.054,26.789,35.051,31.632,0.1873,246.528,35.272,-9.035,20.532,2731.358,0.19,3.477,0,0,0,0
3745,3,-15.632,-45.213,-8.744,-15.694,0.8382,112.783,-10.067,-8.079,-64.587,-9.698,0.5447,14.858,-41.209,-129.439,-38.968,2206.119,1.0,27.529,1,0,0,1
4435,3,-15.409,-13.754,-40.454,-16.181,0.0693,368.923,-7.027,-5.739,-5.783,-8.27,0.0706,371.484,37.122,-22.752,36.104,8679.654,0.1354,28.96,0,0,0,0
3049,3,-18.991,-64.713,-82.758,-18.169,0.3247,172.514,-19.637,-1.678,-25.57,-21.255,0.3569,382.682,-37.403,49.632,-43.548,2097.782,0.4928,77.956,1,0,0,1
1794,5,9.533,-2.864,-18.281,11.21,0.1335,471.485,14.161,-10.988,46.275,15.794,0.0512,284.806,-4.49,30.548,2.009,7317.628,0.2448,21.89,1,0,0,0
294,10,-10.993,-8.659,38.026,-5.41,0.1142,339.275,-15.021,29.696,-47.914,-14.189,0.1336,353.603,-13.697,-72.237,-30.392,3293.003,0.188,8.259,0,0,0,0
4057,5,26.579,-4.411,-38.749,29.537,0.026,446.375,-2.011,14.264,-49.097,0.481,0.2244,155.953,39.618,42.22,55.267,2313.448,0.1979,13.376,0,0,0,0
3634,10,-9.232,31.381,-14.578,-8.836,0.011,168.479,1.548,-42.972,-20.713,2.475,0.0053,270.898,11.839,-70.387,10.189,4253.394,0.4571,13.278,0,0,1,0
1470,3,-5.907,-58.989,-6.175,-5.288,0.5463,294.891,-1.918,-28.491,-7.884,-3.349,0.274,46.161,37.267,-177.023,22.792,1402.237,0.5108,82.614,0,0,0,1
3688,5,20.041,7.439,-0.108,19.993,0.0,557.474,-6.644,-15.194,17.303,-7.965,0.2686,461.492,7.347,-122.8,7.741,497.484,0.3371,24.954,0,0,0,0
2268,3,7.825,-12.881,-11.331,8.662,0.1995,443.108,3.955,-15.951,48.104,2.774,0.1203,455.039,-4.838,279.353,-10.411,3954.104,0.0829,28.317,0,0,0,0
4085,5,-1.492,-27.986,24.971,-4.826,0.1058,96.41,13.472,-11.938,45.081,13.381,0.0,345.776,-39.184,14.24,-55.033,5602.687,0.2118,15.743,1,1,0,0
2308,10,-14.005,-33.384,-48.699,-11.712,0.3628,344.015,-7.023,-22.132,-21.299,-6.243,0.3095,2.982,-0.145,12.364,6.368,4351.835,0.4413,78.327,1,0,0,1
2212,3,-26.962,8.897,13.543,-27.38,0.2075,488.932,-12.347,23.731,-10.907,-14.01,0.0552,231.34,1.822,32.378,-1.631,4519.32,0.2084,15.742,1,0,0,0
161,3,-35.757,-13.043,-68.263,-37.011,0.6949,234.124,-5.435,-18.083,-10.383,-4.199,0.1338,107.847,22.194,-47.925,16.344,1309.223,0.4197,90.787,1,0,0,1
2771,10,-12.479,-51.704,-35.605,-12.695,0.0348,190.104,6.968,-14.904,72.152,7.843,0.0056,156.771,-63.509,45.703,-74.372,2528.22,0.2308,19.091,0,0,0,0
3179,5,-16.885,-14.697,-78.031,-19.015,0.5525,147.204,-9.706,-27.446,-18.975,-12.774,0.3536,116.511,35.273,-254.946,40.827,1604.102,0.2278,91.364,1,0,1,1
4248,5,-7.624,-11.083,-48.297,-7.663,0.1569,162.842,-3.998,22.895,4.096,-6.177,0.0959,278.096,20.338,119.82,16.907,2232.405,0.4114,41.589,0,0,0,0
1362,10,-10.038,-59.353,-50.278,-12.187,0.3407,126.063,-8.856,-12.046,-41.718,-9.303,0.3673,100.591,25.999,-32.253,26.537,4260.019,0.8691,77.447,1,0,0,1
1203,3,-29.609,-42.921,-75.638,-30.145,0.4936,405.44,-7.649,-2.261,-22.915,-7.242,0.3652,42.195,2.618,-148.12,10.763,1555.356,0.8693,78.93,0,0,1,1
4807,10,-20.803,-69.392,-7.186,-24.429,0.5181,155.053,-12.346,-0.886,-13.144,-10.48,0.0,99.838,32.894,-80.759,23.69,2464.01,0.6678,33.73,1,0,0,1
1091,3,-10.123,-23.422,-20.46,-11.074,0.353,316.158,-27.738,-12.179,10.509,-26.602,0.0443,378.692,4.108,-55.192,12.55,1492.031,0.5443,44.681,0,0,0,0
298,5,5.254,42.013,-34.042,5.637,0.1999,458.688,-2.685,2.654,18.278,-1.89,0.098,206.141,43.217,228.011,42.773,2039.31,0.3786,0.485,0,0,0,0
3929,3,-6.617,-14.044,25.94,-7.772,0.1861,297.21,8.375,-21.92,-16.122,5.901,0.1739,104.615,-63.251,-112.38,-74.563,1690.195,0.3842,21.359,0,0,0,0
2108,5,-5.868,15.237,-25.979,-9.902,0.1009,276.485,5.51,26.95,47.527,9.437,0.0,251.636,-31.385,-65.137,-40.2,2263.561,0.5001,17.112,0,0,0,0
2546,10,-20.612,-57.289,-57.841,-18.671,0.587,103.95,-17.009,-16.54,-36.632,-19.015,0.3373,85.778,13.651,-126.011,23.148,2566.444,0.8695,86.488,0,0,0,1
2583,3,-20.13,-28.832,-21.994,-21.696,0.3584,3.604,3.076,-29.238,-16.213,3.761,0.2475,121.972,21.555,-16.187,19.626,4950.44,0.8911,41.631,1,0,0,1
1351,5,-0.288,-17.838,-79.903,3.956,0.2317,88.057,-9.534,-21.241,-20.052,-6.592,0.1158,208.574,19.652,-21.79,16.47,6216.471,0.3149,8.041,0,1,0,0
2106,5,7.496,3.66,-13.222,8.031,0.0651,784.121,2.629,18.025,-12.995,4.949,0.3073,114.117,-46.213,40.323,-43.354,1348.651,0.2598,8.402,0,0,0,0
3670,3,-34.439,-24.301,-2.554,-33.598,0.6001,450.146,-7.239,2.915,-44.356,-6.007,0.2475,174.672,-30.262,-57.754,-34.485,389.263,0.8178,44.409,1,0,0,1
387,5,-3.807,8.797,-30.435,-6.544,0.2683,373.952,-6.182,-0.229,-54.424,-4.374,0.0,385.265,2.589,10.196,4.828,6214.411,0.3742,19.3,0,0,0,0
2712,10,12.335,-27.628,-37.144,15.178,0.4075,684.952,16.934,27.183,21.567,17.872,0.0362,188.337,-73.672,47.297,-64.661,8869.557,0.104,62.035,0,0,0,0
4171,3,-20.992,-11.487,7.251,-21.025,0.0,514.256,-17.221,-47.754,-8.432,-20.385,0.0257,161.808,-36.799,16.771,-36.103,5921.961,0.0,3.423,0,0,0,0
742,10,5.568,-34.112,-42.149,6.403,0.6497,485.219,3.803,-4.959,-4.751,5.494,0.0817,292.684,32.464,27.057,33.963,1969.793,0.6244,22.075,0,0,0,0
4900,3,2.326,-42.615,-2.43,3.256,0.1247,349.22,15.195,-9.109,-27.941,14.402,0.0655,313.459,21.796,119.732,17.289,9179.878,0.1757,13.058,0,0,0,0
3154,10,7.986,10.272,31.767,6.869,0.0278,270.887,12.749,-17.54,-20.756,15.656,0.035,59.878,9.544,46.554,14.612,3681.508,0.2809,0.0,1,0,0,0
2597,3,-36.96,-52.881,-23.048,-37.198,0.5899,93.942,-26.044,-19.077,-29.427,-24.656,0.4583,239.76,57.813,-232.115,51.167,1337.67,0.9616,51.971,1,1,0,1
3195,5,-10.96,-24.181,-48.99,-7.413,0.5761,145.465,-0.839,-45.826,-47.031,0.631,0.1161,156.332,-37.795,-144.185,-29.295,1504.264,0.5084,52.743,1,1,0,1
1093,5,6.763,-6.256,53.959,6.945,0.1035,414.745,-3.667,19.695,5.36,-4.329,0.1641,497.365,-2.689,115.14,-18.704,5609.415,0.2259,0.0,0,1,0,0
2278,3,0.813,15.409,-4.4,-0.797,0.052,337.937,17.159,-43.437,-19.286,17.447,0.0659,110.07,-8.686,-102.554,-18.437,2172.204,0.1081,0.0,1,0,0,0
341,5,26.324,-1.044,-67.876,25.628,0.1652,373.566,16.083,-13.139,-21.958,17.622,0.1598,432.408,-25.495,111.723,-21.125,6216.747,0.1948,0.0,1,0,0,0
808,5,20.212,13.634,-34.557,19.693,0.0,512.416,-1.39,2.204,16.892,0.354,0.0617,190.888,27.24,-77.296,20.627,897.29,0.4764,22.772,0,0,0,0
4593,5,-19.07,-39.594,-41.469,-17.012,0.4281,194.666,-3.764,-32.998,-31.215,-4.357,0.4085,182.399,-32.225,49.272,-34.757,1711.76,1.0,95.456,0,1,0,1
3303,5,-7.861,17.704,-6.665,-11.421,0.2177,350.509,2.382,34.648,-10.612,-0.441,0.0,412.71,40.439,71.232,44.272,3069.055,0.0519,9.716,0,0,0,0
1444,3,20.902,41.54,-22.913,23.457,0.1231,336.908,-6.692,3.876,11.095,-5.139,0.1236,194.073,-28.63,-149.751,-29.943,4971.642,0.0463,18.299,0,0,0,0
2675,3,-0.973,44.082,-28.945,-0.79,0.2651,141.743,-13.717,-14.366,-29.73,-13.732,0.1914,325.248,28.744,-88.111,27.87,2239.167,0.2247,24.054,1,0,0,0
4761,5,-1.338,-27.782,8.941,1.059,0.0404,295.407,10.895,3.749,-55.277,12.891,0.0,249.854,31.176,-94.057,39.368,210.193,0.1036,29.006,0,0,0,0
202,5,-33.807,-52.604,-82.772,-33.163,0.1935,313.049,-19.303,-1.298,-33.918,-19.191,0.4508,251.071,39.52,-25.466,41.855,528.139,1.0,40.632,0,1,0,1
2028,3,7.216,-5.552,35.641,3.045,0.0326,137.561,7.119,-3.91,60.229,6.006,0.0974,126.613,15.209,-64.497,35.171,3068.606,0.3274,15.508,0,0,0,0
2601,3,14.607,-25.956,-18.914,15.088,0.0,336.965,6.824,-24.461,-22.892,7.445,0.0885,347.129,-61.209,-104.743,-58.071,3535.249,0.2238,38.925,0,0,0,0
4782,5,16.788,-11.95,9.188,15.359,0.1205,356.999,-10.01,-14.779,-4.733,-11.196,0.0316,308.624,-12.863,-3.298,-13.335,3726.478,0.2725,6.641,0,0,1,0
3024,3,11.889,-2.962,-27.307,14.936,0.0042,422.982,5.766,16.301,-38.015,6.546,0.1863,463.06,34.451,-39.902,34.369,258.545,0.0,26.453,0,0,0,0
2640,10,-27.777,-44.194,-65.937,-25.693,0.7234,127.2,8.17,-19.025,-35.002,4.421,0.0351,158.498,-10.149,-158.937,0.271,858.892,0.5654,77.033,1,1,1,1
4669,5,-10.767,-42.786,0.654,-14.496,0.4884,257.089,3.982,-30.575,-40.946,1.423,0.3164,70.114,-15.521,-131.709,-23.786,4604.495,0.7203,27.162,1,1,0,1
1073,5,-10.568,-31.653,5.15,-11.33,0.1217,669.594,6.46,-1.653,-0.356,4.534,0.0701,174.642,-12.909,-90.923,-10.181,495.976,0.3128,14.817,0,0,0,0
1544,3,6.278,-29.161,-44.698,8.053,0.0,220.307,21.36,-4.295,9.54,22.231,0.0551,45.354,-27.922,55.602,-29.36,2473.624,0.3014,0.0,0,0,0,0
1558,3,-19.407,-54.247,-26.775,-18.553,0.3793,308.927,-19.97,-24.717,-20.802,-19.346,0.6237,168.088,17.68,5.294,25.833,737.988,0.7856,54.231,0,0,1,1
293,10,-30.871,-32.355,-31.372,-30.437,0.4718,438.743,-3.14,5.898,-34.816,-0.334,0.283,236.478,52.897,-8.443,50.731,2250.155,0.4815,70.766,0,0,0,1
516,5,-11.398,-16.241,-72.97,-12.905,0.6219,184.086,-11.593,-31.786,-34.538,-12.689,0.2771,119.147,69.104,-37.62,71.45,945.163,0.4527,63.462,1,0,0,1
2632,5,-11.024,1.461,-2.298,-9.994,0.0455,472.152,-15.671,32.175,-3.106,-19.249,0.0738,294.216,36.742,60.599,52.185,3304.806,0.1995,13.116,0,0,0,0
2677,5,8.853,5.551,-8.341,10.786,0.1575,243.663,-18.421,11.255,6.295,-12.773,0.1446,465.817,-7.271,-57.437,-0.434,177.447,0.0,0.0,0,0,0,0
4221,10,-4.812,-40.241,-56.978,-5.62,0.3786,263.709,-7.35,-41.528,-13.58,-9.732,0.0,46.748,26.61,105.789,31.311,2368.086,0.9378,74.62,0,0,0,1
3962,10,7.252,-21.575,-47.306,6.717,0.1722,273.336,-0.922,-10.911,-42.934,0.109,0.1296,524.654,6.703,-2.144,14.188,419.953,0.3344,4.668,0,0,0,0
311,5,-15.158,-28.097,-59.0,-20.244,0.6864,104.304,1.574,7.406,24.98,4.882,0.5732,212.669,84.163,26.78,90.649,1952.691,0.7868,78.01,1,0,0,1
1239,3,-31.657,-11.313,-54.764,-32.802,0.5301,399.709,-10.155,21.061,-25.452,-10.24,0.4423,147.93,-35.725,-1.568,-44.181,2930.696,0.7883,74.653,0,0,0,1
4220,10,-30.4,-24.118,5.309,-29.237,0.1346,366.831,1.274,-22.4,-81.202,0.368,0.1964,519.717,-10.722,-7.476,-1.738,1613.527,0.2882,3.662,0,0,0,0
99,5,-15.769,-53.805,-86.552,-17.858,0.5567,403.525,-12.981,-44.824,-0.548,-13.803,0.1596,263.104,-28.555,74.972,-35.788,831.043,0.7219,87.219,1,0,0,1
2922,5,3.183,-40.671,-50.856,1.042,0.1914,293.744,-4.818,-13.219,-7.907,-5.502,0.408,160.582,-59.182,-29.775,-63.034,3261.133,0.7061,69.215,1,0,0,1
1834,5,-29.624,-47.187,-12.165,-27.906,0.7515,265.476,-27.583,5.366,-32.078,-30.45,0.2034,87.751,11.967,-7.289,19.26,2307.785,0.9238,30.513,1,0,0,1
4766,5,12.785,-33.004,28.881,15.132,0.1235,304.166,9.2,-9.863,-58.829,13.883,0.1824,173.217,-40.853,-155.416,-36.325,2948.435,0.0349,15.277,0,0,0,0
3683,5,15.128,-4.28,1.889,17.227,0.0795,382.112,-6.203,-13.45,-32.33,-4.555,0.0793,414.646,-15.738,-31.396,-14.111,1521.848,0.1256,8.564,0,0,0,0
3725,10,12.502,-16.705,0.605,11.561,0.2687,60.857,25.635,-27.135,17.776,29.159,0.0732,120.292,-10.406,-41.511,-11.465,4939.819,0.5115,21.254,0,0,0,0
1723,5,7.962,29.24,14.799,6.75,0.1544,507.26,10.928,-2.64,-21.97,11.693,0.0897,498.844,58.025,-19.77,60.21,6306.495,0.2263,14.697,0,0,0,0
2799,3,-19.06,-38.805,-45.482,-21.306,0.6736,583.434,-11.767,-19.089,14.024,-11.741,0.1169,305.389,-32.496,23.145,-30.139,2529.414,0.1889,46.317,1,0,0,0
817,5,5.624,-35.118,-46.1,5.446,0.3749,432.735,-1.059,-26.847,-33.045,0.425,0.0,144.19,25.06,59.54,27.144,5843.808,0.0998,73.655,0,0,0,0
57,5,-25.383,-15.427,91.914,-23.006,0.2567,209.781,-4.717,-33.741,0.466,-4.328,0.1303,165.064,-28.325,-74.523,-30.426,4059.892,0.0,22.465,0,0,0,0
874,5,-34.078,-49.33,-55.338,-35.705,0.7265,173.48,-11.981,-15.509,-44.264,-13.749,0.1422,207.273,-101.02,-149.536,-116.865,2247.872,0.977,82.064,1,1,0,1
4450,5,-5.03,7.33,-11.332,-4.002,0.0096,372.339,-9.8,12.817,5.452,-3.809,0.0706,442.682,26.68,139.611,24.589,4826.876,0.2899,14.145,0,0,0,0
4510,5,-10.683,-23.48,-3.964,-9.879,0.7992,194.964,-9.616,-3.319,-3.57,-7.589,0.3953,181.881,-25.093,-11.02,-38.337,512.981,0.6297,17.444,0,0,0,1
2327,10,-22.695,-31.299,-65.135,-22.837,0.8721,198.642,-9.427,11.315,-46.376,-7.396,0.3771,76.819,-2.123,-187.109,8.084,777.47,0.8843,51.053,0,0,0,1
2900,10,-12.489,-42.414,-68.352,-14.141,0.2207,285.619,-12.972,8.353,-1.877,-10.387,0.1356,258.88,-39.327,-59.091,-44.318,1586.082,0.3523,21.421,0,0,0,0
2428,10,-27.556,-4.135,-56.617,-27.701,0.2297,414.284,-17.295,-8.475,-33.47,-19.447,0.0208,345.084,13.615,50.471,13.89,1771.625,0.131,14.557,0,0,0,0
3233,3,4.516,26.886,21.621,4.158,0.0741,321.74,-23.82,4.423,11.129,-23.677,0.0756,90.814,-22.287,30.018,-22.967,1029.775,0.1921,13.42,0,0,0,0
2190,3,-23.764,-35.351,-34.609,-22.38,0.3622,257.383,-0.071,-15.802,-26.727,0.749,0.0,21.724,-11.63,-166.894,4.629,4753.994,1.0,73.754,0,0,0,1
3439,5,-8.672,24.764,-17.977,-9.606,0.0874,488.979,5.638,-14.882,-10.38,6.606,0.0,368.751,6.939,70.215,-2.808,4065.655,0.2682,16.621,0,0,0,0
1571,5,-2.281,26.822,53.789,-1.679,0.1248,623.582,6.377,-17.153,-28.873,9.701,0.0,449.997,30.493,97.782,35.597,4461.782,0.1753,14.694,0,0,0,0
776,3,8.082,-29.646,-27.257,5.277,0.1808,104.794,3.336,-35.553,22.528,3.258,0.1606,326.74,-41.512,105.816,-48.092,2605.575,0.1007,0.965,0,0,0,0
4230,3,14.975,13.855,-30.123,19.839,0.1251,343.871,28.763,7.105,37.207,28.979,0.0789,492.468,21.6,-59.197,18.036,7149.443,0.0858,12.937,0,0,0,0
4335,10,11.444,9.317,-7.333,10.534,0.0584,262.312,-2.046,-8.404,32.527,-0.676,0.0184,230.236,-58.318,-82.005,-63.481,166.501,0.1353,10.165,0,0,0,0
2036,10,0.499,34.044,-15.306,0.834,0.1009,345.002,-9.939,52.293,39.801,-12.068,0.0,333.796,3.131,48.966,-1.099,4857.661,0.0,23.692,0,0,0,0
4996,3,5.468,-29.897,-30.897,6.47,0.379,683.087,6.592,-13.046,8.168,7.453,0.0361,347.809,39.807,3.354,32.87,5841.982,0.3481,57.241,0,0,0,0
777,3,-8.315,-32.086,-36.886,-8.002,0.5181,297.641,-10.748,7.051,-10.043,-11.978,0.2948,136.827,22.29,8.882,24.779,5220.731,0.9842,58.954,0,0,0,1
4948,5,-25.819,-55.506,-61.262,-23.564,0.4976,366.018,0.924,-45.785,-12.791,-2.363,0.0473,271.264,42.907,83.897,35.057,2578.749,0.6633,62.889,0,0,0,1
1295,5,-8.766,-5.48,-3.602,-9.907,0.1453,691.204,24.294,6.901,37.149,27.611,0.0236,640.302,13.094,-25.721,21.34,5977.153,0.2292,16.911,0,0,0,0
602,3,-1.368,16.225,-41.368,-3.232,0.0996,525.26,14.586,5.97,-72.446,17.579,0.1254,155.431,-49.901,-53.412,-42.501,6744.729,0.1713,8.747,0,0,0,0
2593,10,3.644,-9.784,-49.683,6.266,0.186,161.443,-1.855,-19.393,45.897,-2.175,0.0,477.414,-5.16,-88.386,-10.625,1422.586,0.2198,24.787,0,0,0,0
2261,5,1.669,-12.404,36.172,0.815,0.0289,383.971,-6.814,-0.198,-38.838,-8.228,0.0,130.703,59.112,96.074,69.401,5977.823,0.4934,0.0,0,0,1,0
3994,5,-15.215,-15.382,-38.749,-15.084,0.0097,294.22,-15.865,1.835,-3.472,-14.796,0.0,404.584,-5.944,-59.188,-14.274,4208.237,0.0,12.59,0,0,0,0
1111,10,29.317,15.761,10.315,28.682,0.0556,454.707,11.099,-4.794,-14.608,10.45,0.0,350.183,19.478,-54.804,29.171,1223.299,0.0813,0.0,0,0,0,0
1682,10,-5.725,-27.376,-59.955,-3.937,0.4684,363.905,-5.283,-29.899,-2.166,-6.912,0.2369,255.022,-2.772,-40.097,14.206,1055.133,0.6249,80.364,1,0,1,1
2532,3,32.504,-16.85,-31.504,33.722,0.0938,274.048,-8.87,31.013,1.407,-9.918,0.0819,372.74,-13.719,-137.124,-7.649,6302.68,0.0807,42.628,0,0,0,0
547,10,-0.172,-18.022,-31.352,-1.278,0.3059,256.479,7.216,-6.713,18.385,4.025,0.0242,236.377,27.355,-16.6,28.892,7922.247,0.4044,0.0,0,0,0,0
4201,5,-3.315,-4.963,26.921,-6.088,0.1399,251.74,29.755,15.781,-42.328,28.584,0.1079,171.817,-54.293,-29.06,-50.843,5442.777,0.0,10.245,0,0,0,0
1595,10,-27.54,-7.365,-52.767,-25.516,0.1114,350.906,-10.475,1.91,-19.165,-11.338,0.0222,117.051,-14.655,-116.557,-14.946,1751.404,0.3036,19.877,0,0,0,0
2351,5,-19.41,-32.925,-47.482,-16.712,0.28,327.855,14.111,16.095,69.54,11.286,0.0,166.105,78.974,-97.08,69.45,5128.823,0.0,2.601,0,0,0,0
4470,3,-1.452,-46.286,52.378,-1.258,0.0317,490.048,3.656,37.689,-63.474,-1.121,0.0965,309.268,-4.925,-85.941,-4.761,5887.291,0.1574,23.988,0,0,0,0
934,5,-13.199,-20.141,45.538,-11.777,0.0,565.3,-6.434,-8.256,-17.053,-7.16,0.1344,378.874,-11.624,127.609,-6.471,2567.612,0.2075,46.255,0,0,0,0
2664,3,-27.796,-25.594,-15.066,-29.85,0.5304,229.651,-18.061,-20.148,-32.549,-20.246,0.3353,27.389,14.895,101.575,8.8,5102.516,0.6068,52.382,1,0,1,1
1099,3,6.826,-10.654,-55.169,5.511,0.1321,262.227,2.369,-1.975,17.341,0.745,0.105,86.397,-87.796,-56.341,-83.192,5086.082,0.1452,39.142,0,0,0,0
997,3,-12.414,20.015,33.283,-13.62,0.0872,271.071,7.719,-18.895,36.88,5.595,0.0293,725.653,27.234,17.533,29.475,2932.224,0.2895,0.0,0,0,0,0
4688,10,-20.764,0.812,12.573,-21.137,0.1257,52.324,0.632,8.035,-3.402,-0.295,0.0717,380.784,-44.796,-89.561,-44.09,3159.123,0.2381,0.0,0,1,0,0
527,3,13.788,-19.703,-15.832,14.648,0.3126,316.127,0.146,-44.607,-22.51,-0.416,0.0,484.861,-0.012,-67.726,6.392,792.716,0.0566,0.0,0,0,0,0
1231,5,1.651,-35.175,-21.927,-0.261,0.1732,528.922,-2.786,-0.356,7.693,-2.296,0.0722,287.191,5.976,243.305,9.827,4211.27,0.1147,35.323,0,0,0,0
2889,5,-19.594,-11.287,-31.177,-15.453,0.4851,3.413,-6.55,2.818,-32.681,-8.552,0.2534,137.554,8.035,-2.827,10.75,2356.203,0.757,51.529,1,0,1,1
236,5,-0.079,-16.902,6.335,1.94,0.2612,136.306,-16.326,-18.734,-15.163,-15.392,0.2125,126.843,-25.643,51.505,-21.183,4261.078,0.8158,88.794,1,1,1,1
391,10,-16.722,-56.694,-20.006,-16.882,0.2079,550.452,8.912,11.041,36.429,10.389,0.0,338.225,-7.715,99.904,4.749,8139.621,0.1556,0.74,0,0,0,0
2828,10,-15.377,-42.916,-16.657,-13.806,0.586,330.071,-0.108,-32.349,3.504,1.266,0.4302,191.642,93.265,-54.763,88.8,1498.365,0.9007,36.591,1,0,0,1
1181,10,-3.34,-65.46,23.834,-4.014,0.0688,500.475,-20.978,9.452,5.081,-23.851,0.1141,229.703,-7.553,-115.248,-15.001,3249.63,0.1718,22.481,0,0,1,0
4637,10,21.356,22.818,-45.601,20.362,0.1163,399.979,-10.018,16.325,-30.92,-9.746,0.0,349.564,29.567,-63.81,27.943,322.24,0.4714,19.201,0,0,0,0
3623,3,-7.349,-27.116,-8.9,-9.952,0.4817,371.852,4.96,-34.593,-21.692,3.069,0.3364,261.104,-20.558,-97.857,-26.085,3566.799,0.7193,41.998,1,0,0,1
206,10,4.138,22.163,50.756,3.094,0.0,306.855,-2.988,-20.231,12.343,-3.882,0.1209,290.071,-19.168,82.204,-7.316,4206.79,0.0,10.766,0,0,0,0
4045,10,-7.128,-70.094,-8.369,-6.755,0.6122,322.857,-3.695,-8.968,-1.902,-2.93,0.3665,207.943,25.301,180.004,5.837,3972.612,0.9536,90.298,1,0,0,1
1039,10,-5.527,48.441,33.21,-4.618,0.216,683.179,-21.523,-0.294,2.149,-21.698,0.037,206.684,28.359,27.126,26.024,2065.744,0.0397,27.141,0,0,0,0
1519,3,11.438,13.996,1.966,11.945,0.0,50.965,-2.999,-14.292,-26.286,-5.332,0.0,280.148,49.914,117.328,44.56,4761.897,0.4178,30.02,0,0,0,0
1501,3,-0.869,-21.976,12.45,-1.547,0.1631,474.621,7.993,15.642,-26.227,7.234,0.1044,104.968,40.827,1.359,39.547,4068.276,0.1878,13.641,0,0,0,0
542,10,-17.557,-55.839,-61.608,-22.152,0.8649,296.646,-8.079,-0.72,-16.88,-10.338,0.4015,132.257,-31.074,-206.551,-31.899,2689.507,0.7251,100.0,0,0,1,1
2653,10,-26.466,25.88,12.348,-27.547,0.2456,485.764,5.266,-23.055,-3.71,7.883,0.0,424.361,6.709,-121.123,16.223,3975.701,0.4073,9.283,0,0,0,0
724,3,-11.797,-18.414,-16.861,-10.664,0.694,171.737,-8.109,-4.587,-2.75,-11.392,0.3391,178.445,-99.089,-40.213,-103.856,1567.471,0.8632,43.223,1,0,1,1
2294,10,-10.126,22.538,14.24,-8.298,0.0785,536.942,7.536,-19.008,25.109,7.927,0.0115,407.139,-89.002,-3.784,-95.185,5678.184,0.0,19.488,0,0,0,0
1737,5,-9.652,12.172,-54.796,-11.86,0.0696,87.755,3.681,-28.296,-92.795,5.487,0.0,228.351,26.612,-4.085,16.301,6132.204,0.2333,8.699,0,0,0,0
4206,3,-16.021,-61.587,-100.0,-14.375,0.7094,189.872,-9.897,-14.009,-33.523,-8.237,0.1929,35.311,44.553,-127.284,49.516,3498.46,0.6163,61.221,1,0,0,1
1826,3,11.408,-15.731,2.716,12.439,0.156,385.658,-9.263,14.634,-17.877,-11.139,0.0506,230.491,41.905,-106.862,22.078,6961.857,0.1694,10.233,0,0,0,0
2110,10,-2.388,-16.105,-39.305,-0.716,0.0,646.186,-11.159,10.394,6.567,-9.082,0.1759,5.114,6.745,155.894,-6.174,5587.332,0.0197,14.052,0,1,0,0
3247,10,-36.059,13.618,-6.389,-35.015,0.0,399.146,-11.498,-14.376,-45.54,-12.799,0.0277,469.831,37.844,-96.387,33.957,3912.767,0.1879,7.158,0,0,0,0
2061,5,-13.928,-49.752,-73.825,-9.949,0.4083,192.67,-6.815,-13.69,-21.571,-8.926,0.061,172.397,-17.788,-53.867,-17.04,1171.53,0.7695,52.593,1,1,0,1
4048,3,-4.818,9.91,2.323,-2.777,0.088,285.985,12.394,-0.037,9.217,11.934,0.0,28.68,-62.744,-41.835,-60.768,5960.077,0.0,13.88,1,0,1,0
389,10,4.258,10.625,5.491,2.942,0.0656,76.936,1.881,4.012,-8.875,3.304,0.0584,209.636,-21.644,62.51,-20.818,2388.119,0.2256,0.0,0,0,0,0
4137,10,-2.443,-19.889,-5.113,-3.943,0.2006,405.425,2.091,11.126,-3.637,2.285,0.0828,276.599,5.803,81.496,-0.276,901.974,0.2805,36.648,0,0,0,0
1315,3,-6.12,-56.955,-71.853,-6.211,0.2878,396.509,-14.384,-15.174,-24.135,-14.034,0.3043,113.388,1.325,-130.815,4.285,1007.805,0.5889,100.0,1,0,1,1
3463,10,2.568,-27.111,-3.636,2.513,0.0,930.545,21.294,2.277,7.822,20.507,0.1621,283.552,96.51,95.015,95.977,703.139,0.191,15.611,0,0,0,0
229,5,2.674,0.746,-23.527,-0.138,0.0141,324.294,-7.126,16.813,15.402,-7.992,0.3548,143.508,29.486,61.246,25.716,2348.862,0.0,5.283,0,1,0,0
4907,3,-15.236,-8.667,-35.411,-18.585,0.0142,416.857,-0.034,-4.573,-13.928,-0.657,0.0,535.824,19.401,33.73,13.505,5683.91,0.2247,34.524,0,0,0,0
3007,10,-5.99,-43.927,-33.942,-6.526,0.4519,16.195,-19.628,-30.437,-15.081,-21.044,0.484,108.782,-61.84,-25.513,-62.164,2418.612,0.7411,83.527,1,0,0,1
685,10,22.504,-8.542,14.858,18.679,0.088,586.659,7.433,-5.92,-15.1,6.77,0.1085,242.771,2.726,98.524,6.661,3350.564,0.2207,42.683,0,0,0,0
2973,3,-12.334,-30.898,-66.253,-14.612,0.5826,141.404,0.78,-9.227,-16.41,-0.173,0.2724,90.107,33.311,102.264,28.422,5841.032,0.9382,64.696,1,0,0,1
637,5,25.424,-0.163,85.469,25.716,0.0277,127.878,-4.866,23.136,26.119,-6.979,0.0,477.571,-36.65,62.257,-32.662,6542.241,0.3697,17.083,0,1,0,0
4236,5,8.503,-7.577,-5.664,5.695,0.0,400.431,-1.156,-24.676,13.03,1.56,0.0,144.387,18.573,83.648,24.73,4402.445,0.2116,5.921,0,0,1,0
2201,10,6.623,11.314,44.885,6.84,0.0124,549.158,-2.473,-9.685,7.332,-0.278,0.0,303.288,-61.02,-1.125,-54.888,5187.813,0.1859,0.0,0,0,0,0
4348,3,3.163,-14.461,56.57,2.644,0.3215,232.976,2.35,19.171,-34.633,1.583,0.1363,813.079,-14.182,147.833,-13.955,5986.717,0.2988,26.349,0,0,0,0
757,5,-20.907,-54.843,-77.251,-14.653,0.5802,77.394,-13.646,17.138,-56.408,-16.047,0.0,67.873,-54.131,90.059,-61.32,1511.148,0.7923,83.473,1,0,1,1
974,5,7.339,6.031,3.013,9.568,0.0,746.084,0.358,-12.885,26.039,2.813,0.074,316.898,41.99,59.241,49.479,2516.714,0.2596,18.5,0,0,1,0
859,5,-9.197,-12.103,-4.538,-10.49,0.2817,574.305,11.894,10.093,36.416,12.555,0.0625,332.529,44.122,2.686,46.46,201.522,0.5383,20.397,0,0,0,0
2870,5,6.824,15.148,-28.896,7.136,0.1653,438.452,-20.075,-2.112,2.366,-18.954,0.048,439.425,-9.967,201.904,-9.895,5113.209,0.0398,29.697,0,0,0,0
286,5,4.083,63.411,-8.529,3.13,0.1425,363.612,7.294,25.468,-6.018,8.215,0.0711,494.234,37.329,-2.648,34.236,642.608,0.267,12.269,0,0,0,0
3285,3,-11.585,-23.196,39.357,-13.964,0.01,425.041,2.291,58.122,-25.41,0.523,0.0927,266.961,10.92,-64.554,6.829,1727.499,0.0,18.19,0,0,0,0
3131,3,3.411,-7.298,-16.921,2.067,0.2173,109.533,-8.411,7.974,-25.189,-6.369,0.1722,558.774,-15.976,60.25,-29.479,5802.498,0.1419,0.0,0,0,0,0
2962,10,-34.579,-57.523,-46.182,-35.257,0.3289,172.57,-13.581,3.817,-54.796,-13.754,0.1599,43.107,-38.323,-157.412,-25.177,558.155,0.8444,54.18,1,0,0,1
4643,3,-20.961,-3.812,1.897,-21.233,0.0654,690.709,-5.157,4.103,-21.618,-6.617,0.0,414.535,5.388,201.854,5.269,481.709,0.0183,19.737,1,0,0,0
826,10,2.487,4.122,54.603,2.78,0.1351,296.086,6.484,3.039,-22.987,4.295,0.0416,435.674,64.828,-32.141,56.371,5231.56,0.6034,0.0,0,0,0,0
375,3,16.591,-0.923,-2.813,13.544,0.3178,443.195,5.771,-20.371,-23.012,6.768,0.1317,250.269,-9.428,-13.351,-5.879,3569.499,0.0,27.691,0,0,0,0
2761,10,-23.673,-59.265,-81.869,-24.437,0.3485,143.382,-2.394,-3.889,-18.689,-2.993,0.1534,78.152,-15.624,26.73,-19.051,7368.79,0.7526,36.673,1,0,0,1
3617,3,-19.545,-13.484,-13.661,-18.602,0.6577,197.068,-8.179,-6.519,-43.042,-6.364,0.4267,205.522,-31.868,-114.25,-22.205,2687.593,0.8371,60.412,1,0,0,1
2950,3,0.035,12.287,-0.338,-4.404,0.2114,346.549,-20.234,-1.596,-15.58,-22.748,0.0,33.863,-65.653,0.583,-68.859,2667.205,0.4618,37.093,0,0,0,0
4241,5,11.044,36.445,29.389,9.773,0.2422,490.233,13.519,1.257,24.927,13.691,0.0827,327.349,-10.024,182.814,-7.301,6525.743,0.0705,20.628,0,0,0,0
843,5,6.71,2.294,-91.416,7.758,0.2384,439.24,25.924,9.941,74.528,23.662,0.1014,362.886,-11.265,6.038,-3.278,4571.888,0.3236,21.845,0,0,0,0
2010,3,-26.872,-25.616,-70.528,-28.058,0.5185,369.119,-12.003,-12.832,-34.128,-13.377,0.1804,97.56,-29.398,41.895,-26.462,2303.773,0.4528,100.0,1,0,0,1
2124,5,-25.44,-10.753,-62.63,-27.257,0.5286,269.307,2.702,-32.66,-42.314,3.677,0.0,215.423,-37.967,-220.191,-32.09,2322.373,1.0,61.915,0,1,0,1
3386,5,-8.827,-7.559,-20.303,-7.605,0.6525,209.609,-2.263,-25.166,-43.478,0.74,0.0,152.427,-110.414,-102.462,-103.671,2415.856,0.7011,99.271,1,0,0,1
1402,3,6.953,-25.396,-81.662,3.65,0.0,691.08,9.692,-21.363,-38.767,9.029,0.0624,435.712,15.919,78.186,10.873,6933.281,0.342,8.161,0,0,0,0
13,10,6.016,12.696,-17.411,6.666,0.0477,600.928,-0.183,-33.998,27.341,0.82,0.1191,392.879,-44.867,31.178,-41.293,5800.429,0.4067,9.419,0,0,0,0
4685,3,-7.826,-27.792,-70.806,-6.385,1.0,452.832,-1.982,-24.885,-4.4,-3.553,0.5571,253.126,-30.648,21.783,-28.552,540.178,1.0,71.044,1,0,1,1
1443,5,-8.208,-42.762,93.707,-9.157,0.0,165.215,-0.59,30.363,25.233,-1.322,0.0756,289.7,-16.483,-22.478,-2.254,1181.161,0.0044,13.427,0,0,0,0
2440,5,-10.576,47.267,-0.263,-8.827,0.0966,510.242,-0.23,-53.611,12.394,4.009,0.021,235.246,-65.167,-1.05,-72.2,9191.558,0.1294,13.854,0,0,0,0
4418,3,-19.441,-52.117,-62.856,-20.328,0.6413,374.333,-4.979,-20.767,-57.974,-2.511,0.5944,69.231,-31.773,39.237,-29.298,1164.257,0.5948,100.0,1,0,0,1
4989,3,-27.602,-0.979,27.125,-31.652,0.1388,426.988,-26.865,-9.794,-4.411,-26.991,0.0,550.302,-38.561,8.236,-36.221,7943.519,0.0,21.234,0,1,0,0
3887,5,9.054,9.216,14.977,11.476,0.0,626.405,11.217,-13.199,-31.284,8.701,0.0138,318.726,-56.632,-42.357,-57.231,5713.143,0.215,6.96,0,1,0,0
1393,3,9.968,9.155,8.815,11.123,0.015,382.6,9.636,11.913,-27.023,11.512,0.0,310.787,27.8,107.26,18.775,2863.264,0.0106,0.0,0,0,0,0
917,5,-18.515,0.2,-7.493,-18.957,0.0,575.664,2.283,-40.46,-18.263,1.941,0.0019,134.036,5.307,-61.573,0.574,4723.344,0.191,17.017,0,0,0,0
58,3,0.991,-39.451,-47.534,4.45,0.3709,211.114,-8.621,9.333,-44.88,-5.41,0.1473,29.934,-13.094,-92.225,-10.63,5666.127,0.1806,55.132,0,0,0,0
1965,5,-6.86,-25.32,-17.157,-7.773,0.1339,275.005,20.016,9.456,35.699,21.62,0.0663,463.777,11.282,-44.768,24.329,5086.234,0.1894,13.366,0,0,0,0
4725,5,25.491,-35.98,-26.081,28.684,0.0543,402.384,5.791,-17.655,57.959,4.732,0.0,92.955,74.39,-147.483,67.91,4429.528,0.2327,0.0,0,0,0,0
1536,10,-22.45,-43.014,-95.101,-21.459,0.6995,560.644,-9.686,-14.504,-61.078,-11.416,0.2095,117.394,32.208,185.895,20.387,767.218,0.7451,53.254,1,1,1,1
3863,10,23.832,8.193,18.622,23.298,0.1049,98.416,-1.375,-24.199,-26.599,1.031,0.0,527.537,25.623,-163.141,1.922,3956.479,0.2058,4.876,0,0,0,0
4404,3,3.014,-29.355,-37.586,0.404,0.5236,535.861,1.96,-2.914,-38.971,3.588,0.0925,205.906,2.808,83.18,2.12,3912.396,0.1461,65.803,0,0,0,0
560,3,-10.722,-41.746,-39.924,-10.087,0.8256,132.98,-8.507,-24.339,-16.142,-11.184,0.2637,203.203,54.816,-73.407,58.824,3519.61,0.8641,54.075,1,0,0,1
3382,5,-14.579,-25.239,-61.614,-14.508,0.0,459.599,2.191,-10.764,-50.671,5.933,0.1416,316.186,-32.164,4.817,-28.24,5554.541,0.1307,0.0,0,0,0,0
1272,10,5.766,-32.14,9.638,4.806,0.0,448.101,-8.813,3.538,-29.936,-8.61,0.0,175.994,29.567,-93.579,25.408,4811.705,0.0715,21.755,0,1,0,0
1395,10,8.37,-35.954,-34.039,8.937,0.3503,365.093,19.754,24.734,3.368,19.944,0.1417,146.921,11.494,-27.429,11.255,1193.763,0.1314,47.596,1,0,0,0
4463,3,-17.25,-5.391,-84.147,-14.931,0.5037,329.864,-6.165,13.565,-35.803,-6.324,0.337,12.174,-11.061,272.009,-17.423,1577.433,0.7997,64.652,1,0,0,1
144,3,8.894,-39.892,28.032,10.063,0.1273,77.881,24.635,-15.164,-23.535,23.973,0.0,328.595,-24.807,182.857,-20.404,4779.812,0.1579,3.178,0,0,0,0
4695,3,-3.214,16.14,8.784,-3.014,0.1928,421.244,-11.644,-16.7,-60.683,-9.712,0.0259,568.665,3.566,-165.393,6.923,4806.375,0.1696,10.953,0,0,0,0
2987,3,-18.624,-24.876,-61.332,-18.337,0.586,313.017,5.184,-51.725,-16.438,4.443,0.3129,53.853,22.116,60.57,14.042,429.597,0.5879,50.756,1,0,0,1
4847,5,7.708,-21.523,-24.573,6.661,0.168,400.39,-7.449,14.043,-5.23,-6.984,0.0,223.71,7.632,16.931,9.512,2623.63,0.3034,35.724,0,0,0,0
2533,5,-5.534,-12.214,56.033,-5.458,0.183,413.716,-5.813,28.991,-31.515,-3.996,0.1906,351.514,13.016,-88.378,-0.543,10574.786,0.4138,34.487,0,0,0,0
759,10,7.103,31.66,-48.961,7.034,0.1308,89.079,2.898,-14.169,12.794,4.304,0.059,372.556,-4.562,-25.976,0.546,3437.18,0.2215,5.565,0,0,0,0
4915,10,-10.626,-35.451,-14.262,-9.865,0.2522,350.997,-19.956,-6.956,-21.785,-20.392,0.4967,82.239,7.847,-13.628,-4.982,2671.957,0.7329,38.931,1,0,0,1
957,3,-21.553,-33.087,-65.014,-23.461,0.0305,574.152,0.969,5.067,8.744,1.256,0.0906,132.097,-6.005,-2.321,5.888,6326.961,0.2441,4.544,0,0,0,0
3466,5,-20.105,-4.898,7.957,-20.938,0.2878,240.353,4.69,-5.166,-27.55,6.23,0.1048,107.183,-9.604,89.779,-16.176,275.241,0.2913,30.317,0,0,0,0
709,10,3.738,-21.864,-3.04,5.35,0.183,247.435,-6.816,21.03,-14.307,-10.23,0.0914,271.245,-55.869,-43.382,-51.914,2872.118,0.0869,13.283,0,0,0,0
3546,10,-28.0,-30.065,-56.382,-25.47,0.6042,131.885,-7.126,17.155,-15.355,-10.282,0.5361,49.004,-67.469,-123.994,-65.223,3113.561,1.0,58.748,0,0,0,1
3337,10,-30.655,-36.933,-21.521,-33.725,0.3417,295.453,-16.301,-37.098,-26.445,-14.565,0.3376,129.829,-61.316,-133.364,-69.107,5404.642,0.6784,67.761,1,0,0,1
302,10,8.895,49.041,42.925,4.684,0.0739,796.157,-1.988,11.159,-19.687,-5.518,0.0,547.572,19.926,-45.551,35.814,7467.399,0.0045,33.49,0,0,0,0
2957,5,12.043,-7.5,11.351,11.385,0.0,370.696,15.565,14.948,-6.54,14.982,0.0,313.957,11.236,135.871,8.564,97.905,0.3533,30.096,0,0,0,0
2869,10,-15.958,-39.018,-4.216,-15.759,0.4925,271.09,-15.706,11.29,-16.175,-16.995,0.5119,231.018,-58.367,-65.496,-71.828,2845.47,0.4126,40.879,1,0,0,1
2938,3,-16.098,-29.694,-56.335,-16.578,0.4486,304.131,-5.246,22.307,-44.798,-4.134,0.4066,124.273,-93.291,-96.682,-108.035,5891.6,0.5008,61.576,1,0,0,1
1835,3,8.88,-21.149,-1.058,9.699,0.0392,394.12,0.465,14.432,6.842,0.517,0.0049,186.523,73.038,-0.796,83.73,8218.118,0.0,17.733,0,0,0,0
1207,10,-19.379,-23.359,-60.451,-18.597,0.5663,54.776,-6.887,-12.306,-26.504,-4.777,0.1703,64.811,3.684,-101.411,10.474,2583.947,0.5138,76.316,1,0,0,1
1449,3,-10.839,-37.585,-48.379,-7.75,0.3845,548.851,13.968,-21.152,22.811,12.37,0.0,439.3,-34.12,57.595,-32.178,10.354,0.4927,66.904,0,0,0,0
3279,5,12.212,-3.867,-10.47,14.842,0.0096,432.831,0.174,-4.165,8.51,-2.691,0.0,212.473,55.535,40.874,52.451,1431.817,0.0,5.905,0,0,0,0
1418,3,-8.349,-64.384,-22.596,-10.776,0.2236,554.948,-9.892,18.497,7.001,-8.652,0.0,8.848,-14.751,42.148,-18.49,4566.278,0.067,0.0,0,0,0,0
630,10,17.258,-10.897,3.854,18.784,0.0839,350.577,-14.894,-1.643,-6.52,-18.644,0.0,218.969,25.733,-127.092,26.846,1935.526,0.3269,0.0,0,0,0,0
3002,3,-23.288,27.479,-10.986,-23.24,0.0691,379.542,12.338,-30.83,1.44,12.679,0.0,228.435,-18.106,-30.01,-21.715,4452.311,0.4232,12.687,0,0,0,0
970,5,-10.392,-1.036,5.129,-10.281,0.1527,76.258,14.243,17.353,-9.194,13.274,0.0,440.705,23.443,-8.309,26.518,2508.503,0.2862,0.0,0,0,0,0
2825,3,20.095,5.747,9.235,20.514,0.2126,392.567,-2.769,-19.183,38.16,0.254,0.0277,445.765,24.879,-118.514,32.393,1580.732,0.1961,16.582,0,0,0,0
2143,10,0.308,-44.087,34.323,0.689,0.2011,362.548,15.776,33.407,-18.67,20.116,0.0,254.965,-47.111,32.087,-39.683,4779.786,0.2102,22.789,0,0,1,0
2685,10,-11.539,-11.931,45.343,-13.361,0.068,377.719,-11.767,-0.299,-27.246,-10.385,0.1205,109.786,-3.377,-8.941,-0.327,2590.261,0.6666,16.052,0,0,0,0
647,3,-15.497,-10.847,-74.663,-16.697,0.0998,795.434,0.222,11.78,-28.821,0.962,0.0069,152.021,-43.575,11.176,-31.869,954.875,0.0453,18.262,0,0,0,0
667,3,-13.398,19.503,4.779,-11.239,0.1159,223.863,-5.466,8.61,-16.879,-5.363,0.0,116.429,80.497,-37.398,69.049,6727.684,0.4985,9.089,0,0,0,0
3374,3,3.741,30.108,37.585,2.934,0.1951,311.937,14.717,-13.245,7.183,14.965,0.1432,115.835,32.628,14.126,41.365,1818.448,0.3954,7.245,0,0,0,0
1082,5,2.458,-20.574,-24.793,-0.088,0.0554,396.935,-4.248,5.718,-35.335,-6.72,0.0493,355.359,-19.359,-81.009,-24.068,4677.606,0.1237,29.325,0,0,0,0
112,10,-19.558,-30.286,-82.96,-22.787,0.234,74.59,-17.505,-13.183,-25.63,-15.1,0.4275,74.146,-41.147,63.546,-48.097,4920.24,0.8748,82.659,1,0,0,1
1955,3,-15.491,-27.054,-41.078,-17.404,0.5925,12.209,-22.479,-22.923,-30.955,-21.85,0.1945,265.932,-59.388,133.45,-60.694,3313.069,0.9535,71.126,1,0,0,1
2629,10,-11.765,-5.857,-44.096,-8.766,0.0985,581.092,-10.734,18.319,-5.218,-12.883,0.0,555.811,-71.824,-202.643,-62.047,1291.791,0.0511,17.74,0,0,0,0
4388,10,-20.077,-33.843,-29.905,-19.617,0.5933,198.076,3.277,-40.376,-27.224,3.354,0.3561,205.834,-34.31,-24.957,-21.387,361.986,0.6082,77.114,1,0,0,1
3063,3,-9.633,33.193,4.175,-9.257,0.1332,366.758,0.172,5.245,-19.759,-1.781,0.2456,303.973,8.486,158.056,8.525,1015.657,0.0785,25.68,0,0,0,0
2236,3,-4.025,-18.175,-18.095,-6.105,0.1691,446.187,9.187,-36.109,-6.637,9.629,0.0,159.863,-7.941,73.626,-16.855,1368.006,0.2546,6.316,0,0,0,0
1368,5,6.15,-5.732,-12.244,7.764,0.0652,671.152,5.148,7.795,16.584,7.666,0.0,220.629,-40.3,48.554,-44.957,5795.506,0.3253,19.889,0,0,0,0
3671,3,-19.099,-34.892,-100.0,-19.525,0.6137,172.001,-25.184,-17.527,-18.659,-26.87,0.0123,174.009,16.75,-126.261,9.033,4747.895,0.6844,88.824,1,0,0,1
1063,3,10.748,24.699,19.922,10.969,0.1146,288.877,-4.437,-15.546,10.41,-3.827,0.0844,461.925,0.824,69.373,4.942,1219.066,0.0753,13.524,1,0,0,0
4301,10,16.018,-15.207,-46.633,17.0,0.0,426.447,-0.202,17.041,-3.326,-0.104,0.1518,100.334,8.432,47.033,12.083,6487.972,0.3839,0.0,0,0,0,0
1006,5,-2.099,-33.572,-25.766,-1.79,0.1357,216.044,-1.797,-1.844,-35.701,-3.823,0.1135,215.77,10.175,-74.593,14.091,1829.605,0.5037,21.319,0,0,0,0
2443,3,3.102,-4.678,9.868,4.952,0.0688,445.043,7.91,22.047,28.926,7.513,0.1711,680.998,13.41,25.481,21.589,2369.663,0.1682,32.169,0,0,0,0
4689,5,-2.633,-19.002,8.523,-5.791,0.2507,460.095,8.074,25.573,-42.74,6.267,0.0828,438.329,-6.474,6.062,-2.248,8897.329,0.417,11.972,0,0,0,0
4051,3,-8.457,-38.822,9.945,-6.963,0.0367,461.512,4.959,10.687,-17.022,4.957,0.0984,347.704,19.41,139.623,22.347,4196.229,0.2867,7.154,0,0,1,0
1581,10,19.277,18.825,16.991,15.613,0.1803,674.306,12.76,33.902,0.68,13.192,0.1251,508.494,-74.627,-199.784,-63.665,8296.803,0.0497,10.708,0,0,0,0
3902,3,-24.243,-19.793,-34.824,-26.587,0.6286,37.923,-10.802,-21.84,-33.072,-13.736,0.5109,97.428,-63.002,161.45,-56.192,7027.912,0.7239,56.221,1,1,0,1
86,3,-8.808,-9.757,1.291,-7.732,0.0506,513.271,1.737,27.85,-49.903,-0.715,0.0705,180.469,-3.842,115.263,-3.045,1356.047,0.0,5.458,0,0,0,0
434,10,-0.411,-10.41,-35.661,-5.715,0.0,320.534,4.562,5.564,31.791,3.083,0.0,303.065,48.514,-17.702,45.224,8927.826,0.3449,0.0,0,0,0,0
1261,3,7.087,-9.947,22.295,6.715,0.0753,385.114,-22.97,31.307,4.868,-21.363,0.1576,319.678,-15.76,-77.6,-15.124,4439.86,0.0639,0.0,0,0,0,0
3533,3,-13.602,-27.709,-12.338,-11.362,0.136,377.808,1.955,-11.327,-13.886,0.609,0.0,270.227,7.062,50.122,24.648,4162.605,0.3482,3.812,0,0,0,0
4756,3,12.594,-30.75,15.408,13.097,0.0344,388.365,-7.194,50.314,100.0,-7.175,0.031,277.519,-9.13,26.093,-15.502,946.144,0.2125,20.635,0,1,0,0
3380,10,-13.524,-11.593,-98.548,-17.748,0.1955,222.961,-10.795,-7.547,-14.23,-13.15,0.1385,74.839,55.996,-59.503,73.045,4184.527,0.6537,73.604,1,1,1,1
4401,5,25.553,79.191,-7.631,28.17,0.0203,356.563,-1.848,-17.309,-5.495,-0.191,0.1171,401.172,23.971,36.824,29.68,2513.672,0.2687,0.0,0,0,0,0
1555,3,-26.243,-36.95,-46.771,-26.936,0.6999,35.168,-26.309,-29.387,-22.645,-25.928,0.2421,245.116,-35.761,-33.484,-36.406,3006.019,0.6678,58.304,0,1,0,1
4675,3,7.74,-10.125,-34.075,6.714,0.5198,421.144,-7.064,-4.143,-11.668,-6.854,0.0,278.946,4.497,1.263,9.321,4933.671,0.3594,60.318,0,0,0,0
2897,5,3.002,-4.047,15.942,6.845,0.0288,350.084,-10.773,14.44,-22.468,-12.506,0.1734,162.682,32.923,-20.663,13.266,4733.278,0.2075,13.966,0,0,0,0
3327,10,12.248,-12.008,17.931,11.988,0.1941,757.675,10.87,11.604,-7.585,10.08,0.0,231.968,-39.336,52.984,-41.991,4396.508,0.0,19.871,0,0,0,0
2669,10,-5.919,-56.6,-100.0,-3.643,0.275,14.027,-2.888,-23.43,-36.075,-5.384,0.3592,159.35,3.469,17.237,0.903,2107.297,1.0,88.208,1,0,0,1
164,10,-15.333,-11.579,-54.656,-16.698,0.3064,539.634,-1.082,56.577,-3.905,-1.099,0.1172,170.45,8.324,76.597,10.734,3600.301,0.2605,75.425,0,0,0,0
2256,5,-2.047,-19.932,20.824,-2.691,0.1385,614.3,-7.034,-6.452,-32.067,-10.1,0.1108,276.984,-17.306,16.037,-10.011,3675.882,0.1296,17.351,0,0,0,0
3311,5,-8.244,11.821,8.036,-7.468,0.0926,261.657,22.943,55.594,-10.461,24.857,0.0,317.319,16.485,-32.577,13.107,4368.046,0.4188,16.529,0,0,0,0
3733,3,4.252,4.907,43.931,5.835,0.0844,381.927,0.885,2.682,3.639,1.412,0.0,166.843,30.392,-50.714,43.135,3641.554,0.0904,2.945,0,0,0,0
2695,3,-3.659,-53.871,5.059,-3.605,0.0368,524.902,-10.189,15.835,8.78,-10.574,0.0988,416.112,-24.668,8.124,-9.621,5413.932,0.1386,19.245,0,1,0,0
3848,5,-7.183,-18.531,-49.486,-8.836,0.5878,267.848,-7.982,-30.588,-34.419,-7.293,0.3258,102.996,17.232,61.061,14.879,2935.098,1.0,62.251,0,1,0,1
445,5,-11.455,-3.278,-9.012,-10.877,0.592,389.057,-8.251,-20.025,-39.056,-9.504,0.372,37.739,-10.03,48.367,-14.877,6393.017,0.7049,31.247,0,0,0,1
544,3,2.096,-24.375,-24.188,1.417,0.3612,254.5,1.028,-14.93,36.299,2.009,0.037,628.47,10.652,-45.782,11.38,3377.544,0.6744,61.047,0,0,0,0
120,5,-19.795,-37.628,-36.983,-18.205,0.1624,149.91,-2.858,8.152,-8.721,1.38,0.0,0.822,24.905,-148.399,24.634,6307.888,0.2136,14.995,1,0,0,0
1245,5,-15.715,41.201,5.631,-13.221,0.1124,169.442,24.701,-9.128,-25.202,23.042,0.1343,483.861,9.842,202.224,9.656,3757.136,0.0,5.716,0,0,0,0
377,10,-0.268,-25.749,-66.371,-0.167,0.3307,114.11,2.264,29.033,22.342,5.627,0.0,153.669,1.297,-33.104,11.581,5651.62,0.4702,58.122,0,0,0,0
3072,10,-13.427,-19.315,14.075,-14.395,0.0,571.145,-4.298,-19.717,44.594,-4.506,0.0091,534.819,7.413,-45.778,-2.957,1039.665,0.2866,7.5,1,0,0,0
4597,5,-11.261,-46.9,-59.368,-7.017,0.8004,613.948,-20.878,1.842,-43.216,-21.094,0.4283,155.804,1.992,24.507,2.504,2485.638,0.8042,65.548,0,0,0,1
2623,10,-30.435,-41.774,-55.339,-31.873,0.4404,302.567,1.735,-28.095,-6.325,3.606,0.4544,241.22,-61.095,-80.001,-61.401,811.671,0.8195,86.176,0,1,0,1
3763,3,-1.76,-11.625,6.494,-1.365,0.1743,335.691,-26.884,47.134,-19.937,-26.116,0.0905,50.712,-22.562,9.337,-20.366,3627.744,0.0781,21.244,0,0,0,0
2066,5,28.281,5.027,14.475,28.851,0.08,690.463,14.911,-15.147,24.542,16.909,0.192,201.986,-26.126,-14.976,-17.987,5816.285,0.1451,28.222,0,0,0,0
306,3,-20.812,-32.556,-93.895,-19.573,0.4652,328.919,-11.425,-2.982,-56.236,-11.402,0.0943,177.325,-64.621,-204.525,-66.876,2045.6,0.696,50.733,1,0,0,1
3076,5,8.34,-2.85,23.759,10.594,0.2287,483.584,-8.417,19.919,-17.59,-7.147,0.0,450.758,36.312,160.945,33.229,1059.222,0.3361,1.991,0,0,0,0
1646,3,7.021,-14.513,21.011,7.169,0.1806,354.166,5.049,10.199,1.279,5.432,0.0763,467.7,-0.904,-13.853,5.744,3726.291,0.4064,12.319,0,1,1,0
211,10,-12.697,8.406,-40.735,-12.07,0.0352,435.701,-1.418,-5.805,13.445,-0.952,0.1772,428.995,10.66,22.138,3.46,1716.934,0.2332,0.0,0,0,0,0
3143,3,7.427,-15.401,25.541,7.082,0.0852,162.805,-8.676,9.284,13.873,-11.545,0.1064,112.356,51.37,39.012,57.329,1327.787,0.0443,27.687,0,0,0,0
3471,5,-2.143,-39.168,-72.266,-5.215,0.353,200.693,-6.691,6.422,-25.376,-7.41,0.3134,89.209,-23.248,53.519,-18.93,1952.637,0.8027,50.411,0,0,0,1
4162,5,-21.822,-31.221,-29.589,-23.035,0.6238,245.759,-7.499,-8.042,-11.65,-8.603,0.2253,37.747,-51.283,-42.706,-71.025,4253.481,0.8811,74.806,1,1,0,1
2486,5,-14.213,-42.434,-14.01,-15.569,0.7179,115.157,-15.665,-27.837,-33.903,-15.341,0.4269,143.364,14.183,-27.387,18.314,2811.159,0.8707,95.302,0,0,0,1
4790,3,-18.298,-25.544,-48.806,-17.799,0.3274,63.742,-5.994,-11.016,-8.949,-4.413,0.3451,355.318,-51.835,-14.685,-68.747,291.998,0.3769,41.891,0,0,0,1
1963,10,9.061,30.191,34.21,8.841,0.0984,694.298,13.093,37.675,33.226,16.307,0.1325,125.534,-27.895,-53.726,-27.888,4670.526,0.2767,8.927,0,0,0,0
2388,10,-1.509,-13.667,-34.569,-2.703,0.0824,150.634,-10.474,18.969,38.046,-9.138,0.0,272.477,4.349,-48.239,1.793,6295.932,0.0485,19.428,0,0,0,0
2968,5,2.402,41.409,-42.329,4.3,0.0154,499.04,8.883,-1.513,-18.79,7.161,0.0,320.225,-35.945,-8.433,-27.194,2444.894,0.0322,2.394,0,0,0,0
1771,5,-3.348,-64.505,18.099,-1.661,0.0484,595.546,-6.053,35.201,-44.926,-5.45,0.0,341.53,-49.005,-34.534,-49.286,6473.369,0.3396,5.926,0,0,0,0
409,5,0.112,2.719,11.303,-2.693,0.0,285.958,21.125,-20.022,9.393,18.438,0.0542,300.578,-32.04,-50.323,-37.065,4016.673,0.0458,29.067,0,0,0,0
3885,10,26.509,-26.376,-49.109,26.222,0.3651,781.679,1.108,-30.866,-35.937,-2.061,0.1463,217.93,-30.827,-62.618,-24.105,3560.842,0.3899,68.913,0,0,0,0
3915,5,-16.232,-67.697,-34.689,-18.896,0.4097,507.02,-18.295,-42.308,-41.544,-15.924,0.5857,24.867,-20.53,50.739,-20.467,2438.792,0.8101,46.188,1,0,0,1
3452,5,2.574,-5.553,10.729,4.981,0.0659,655.229,-9.464,-7.338,-29.896,-13.156,0.0447,302.341,80.339,-127.856,85.466,5179.449,0.2786,4.531,0,0,0,0
3234,3,1.035,-27.231,-27.629,2.271,0.4199,224.225,0.165,-0.597,17.661,0.344,0.112,232.48,5.984,-16.531,9.795,2958.052,0.148,45.671,0,0,0,0
3416,10,11.697,-20.481,-67.106,13.2,0.2326,684.56,10.058,25.945,-49.66,6.698,0.0833,207.048,36.394,-72.879,24.82,1342.513,0.2067,0.0,0,0,0,0
4850,3,-1.459,-26.902,23.274,-0.833,0.0151,283.493,15.959,-24.975,25.503,16.132,0.0,271.72,-27.41,-82.464,-20.957,8441.736,0.1056,19.465,0,0,0,0
1596,10,-9.432,21.299,36.811,-10.036,0.1071,403.394,9.51,46.705,5.29,10.169,0.0073,396.795,45.968,0.309,43.097,6921.126,0.3576,0.0,0,0,1,0
1281,10,-32.915,-36.349,-55.05,-33.747,0.9468,91.009,-3.237,-20.261,-17.926,-2.726,0.315,132.648,-74.696,-76.913,-68.566,2829.486,1.0,63.242,1,0,0,1
115,3,-17.027,-37.935,-29.531,-17.785,0.0,265.531,-17.891,-0.565,-21.645,-18.158,0.4765,119.213,-21.18,-124.728,-30.497,2158.906,0.9917,100.0,1,0,0,1
2045,5,-37.841,2.899,29.485,-38.524,0.063,622.017,15.959,3.759,31.879,14.761,0.0078,122.393,4.573,-121.582,5.956,927.178,0.2957,14.962,0,0,0,0
2424,3,-7.842,8.58,35.827,-8.63,0.0852,222.456,-9.261,3.058,-0.01,-8.932,0.0491,399.31,7.466,-6.436,-5.604,6739.187,0.4,24.387,1,0,0,0
1065,3,3.624,16.67,17.604,6.496,0.1842,389.468,-7.652,17.133,12.913,-7.434,0.0274,146.434,0.812,28.548,-7.881,5070.014,0.0226,41.798,0,0,0,0
3269,5,-13.282,13.743,-4.828,-12.416,0.1009,281.202,-5.494,-9.004,-6.048,-5.802,0.1395,64.661,79.205,30.014,80.733,3119.545,0.3995,23.495,0,0,0,0
4107,3,-1.975,4.384,-5.981,-3.975,0.0668,721.276,0.861,-24.876,30.841,0.681,0.1975,478.863,-15.111,35.889,-19.358,4343.42,0.3459,7.38,0,0,0,0
1695,10,-5.643,16.966,-41.854,-3.417,0.2833,90.528,-3.827,-49.629,10.788,-4.051,0.0,4.277,-3.182,7.855,-10.406,958.818,0.1883,29.906,0,0,0,0
2325,3,-17.539,41.444,2.341,-17.867,0.122,359.134,-16.375,-4.166,-24.163,-18.882,0.1228,369.412,42.468,-53.412,41.583,6018.113,0.2445,18.137,0,0,0,0
1132,10,-6.244,-40.184,-85.372,-7.733,0.7488,11.971,-8.819,-20.323,-81.229,-12.271,0.3042,110.374,45.402,-37.073,44.013,4995.937,0.7726,92.284,1,0,0,1
177,3,-10.165,-42.778,-40.556,-10.572,0.6448,136.77,-18.21,-4.997,-30.588,-20.606,0.2402,181.88,28.151,195.204,45.592,2476.64,0.7976,84.266,0,0,0,1
1780,5,4.89,-6.102,-61.553,6.227,0.0762,530.381,-33.184,-0.933,-37.855,-35.17,0.0022,106.499,-5.224,-61.29,-8.315,2940.694,0.1217,30.395,0,0,0,0
2659,3,-7.053,-41.601,-42.635,-7.216,0.2896,409.658,-5.938,3.482,-16.542,-10.862,0.0,257.264,12.213,83.301,16.172,6088.425,0.5298,35.306,0,0,0,0
3840,10,8.445,23.622,-12.57,8.697,0.1216,220.769,-5.229,23.706,48.498,-4.885,0.001,181.556,18.012,-48.771,30.896,4646.772,0.2519,16.374,0,1,0,0
3800,5,-15.317,-20.394,-66.476,-15.897,0.4692,339.169,12.967,-22.17,-45.678,14.567,0.2728,226.85,-63.831,-40.955,-65.347,3625.627,0.5709,48.513,1,0,0,1
1232,10,0.373,8.35,-0.496,-1.36,0.1772,469.654,-31.317,-4.66,18.282,-31.128,0.1807,438.361,-29.48,18.241,-29.026,9428.37,0.4456,9.296,1,0,0,0
1905,3,0.564,4.901,27.123,-0.225,0.1365,480.829,-0.938,4.416,45.65,0.151,0.0,441.305,102.416,89.159,123.534,4041.995,0.3065,11.768,0,0,0,0
4603,5,6.596,-17.899,-38.327,6.01,0.0252,348.411,-9.878,-20.68,43.273,-9.688,0.0,125.863,31.337,-9.597,37.178,1078.283,0.0555,0.0,0,0,0,0
3142,5,-16.277,-9.271,16.406,-19.643,0.0769,188.807,-9.675,-23.989,9.475,-8.744,0.0845,690.971,6.23,2.778,0.244,2873.353,0.1711,19.834,1,0,0,0
563,10,16.292,-28.194,68.885,14.496,0.1332,531.742,-6.412,19.531,-41.965,-5.275,0.1942,90.383,42.869,24.353,40.923,3976.817,0.1392,13.742,0,1,0,0
359,3,-39.096,-26.531,-53.228,-41.051,0.3927,435.742,-14.694,-4.149,20.306,-14.227,0.1115,383.613,-35.549,-182.035,-28.647,3940.058,0.6433,29.523,0,0,0,0
4769,5,-2.749,30.828,15.312,-0.335,0.2104,289.743,-5.835,-33.406,-7.849,-10.252,0.0,357.832,-27.168,143.82,-15.603,2779.701,0.1745,36.804,0,1,0,0
1732,3,-27.304,-53.775,-23.405,-29.792,0.4057,334.842,-4.151,-11.262,-32.413,-7.825,0.1867,125.038,-36.321,-28.409,-34.259,2281.745,0.7387,19.492,1,0,0,1
4636,10,-2.871,-3.658,-6.593,-5.851,0.1499,503.324,3.046,6.282,8.597,4.858,0.0,163.744,3.746,73.063,-5.065,7037.062,0.0,28.022,0,0,0,0
509,3,-12.445,-27.482,-91.151,-14.143,0.6023,108.25,-9.238,-12.113,-29.429,-11.672,0.4625,282.19,29.235,-179.357,37.243,1556.919,0.7897,57.737,1,0,0,1
1594,3,-7.589,-38.66,-36.156,-12.574,0.4648,112.356,-0.796,0.097,13.931,1.693,0.5005,220.419,-6.41,-251.461,0.052,780.756,0.9173,54.808,0,0,0,1
4896,10,-2.529,-21.349,-36.908,-3.021,0.0219,495.022,16.686,11.335,-3.833,18.551,0.0078,240.201,16.091,-96.519,3.623,1206.827,0.2214,13.661,0,0,0,0
1783,5,-20.267,2.638,-24.785,-17.521,0.2342,273.28,24.597,10.754,24.672,25.324,0.0647,531.076,-15.341,160.974,-15.836,62.13,0.0549,0.0,0,0,0,0
450,3,-1.435,44.193,-72.719,-3.735,0.1672,289.797,-19.362,6.891,-21.248,-21.707,0.0619,389.073,18.92,-79.224,14.518,4137.304,0.4821,24.296,0,0,0,0
621,10,-26.754,-62.604,-78.853,-28.274,0.3744,249.634,0.214,-20.991,9.543,0.448,0.3287,196.18,-2.989,-51.863,-0.194,2407.758,0.7339,86.302,1,0,1,1
2041,10,13.021,22.236,-47.625,16.868,0.0,560.852,9.428,-42.719,-26.712,11.061,0.093,401.488,-18.376,-19.55,-14.413,1973.904,0.0948,21.684,0,0,0,0
2029,3,0.126,2.64,11.627,0.069,0.0,230.927,1.961,31.669,-8.388,0.961,0.1084,328.698,45.407,-186.158,42.939,401.534,0.0241,26.842,0,0,0,0
3084,3,-1.798,-35.913,15.914,2.173,0.0,460.305,-4.948,-7.061,49.786,-4.842,0.0325,272.304,-13.054,14.1,-19.699,3197.906,0.0,10.199,0,0,0,0
519,5,-19.044,-14.99,57.625,-15.49,0.1386,519.502,14.636,1.556,-23.774,16.709,0.0923,104.167,-27.748,-38.805,-36.01,1057.423,0.1475,34.45,1,0,0,0
3044,5,-8.261,27.376,-23.559,-11.564,0.2724,314.02,-15.202,-11.811,-17.434,-17.078,0.0,393.202,57.744,17.641,67.813,1162.414,0.1658,3.968,0,0,0,0
4663,3,-11.332,-84.463,-10.563,-9.533,0.4469,420.555,-19.442,-1.238,0.76,-20.273,0.1079,57.61,32.877,-116.289,35.141,6094.242,0.7124,18.405,1,0,0,1
964,10,-20.734,-8.924,-63.117,-18.431,0.9974,312.857,-17.63,-42.352,-31.458,-17.582,0.2806,223.642,-51.677,-182.493,-60.974,1757.912,0.6493,49.077,1,0,0,1
4585,3,10.218,59.853,9.177,11.146,0.3459,442.917,-9.734,-6.636,-74.407,-6.058,0.0861,200.48,-27.218,96.151,-9.806,7384.572,0.1228,0.0,1,0,0,0
3650,10,-9.558,-4.499,-29.469,-10.586,0.0,140.586,8.868,14.909,-60.128,10.967,0.0396,487.573,-81.293,-58.513,-85.859,4676.71,0.1693,12.356,0,0,0,0
4671,5,-4.753,-6.294,-34.045,-7.426,0.314,606.033,3.265,-12.45,0.807,3.37,0.1152,336.455,-18.866,-114.154,-36.117,1825.426,0.1679,0.0,0,0,0,0
259,5,-12.571,-4.207,-33.235,-12.424,0.0,501.573,-7.426,-17.33,0.297,-6.504,0.2027,119.695,38.207,78.11,35.975,126.943,0.5498,16.423,0,0,0,0
4108,5,-8.983,-36.637,-51.14,-8.792,0.6268,162.067,-11.954,17.282,-53.87,-12.163,0.2335,321.398,39.21,1.751,31.27,1488.909,0.2319,51.437,0,0,0,0
3041,10,-19.454,-44.538,-35.173,-16.771,0.598,169.614,-8.981,-27.094,-39.507,-8.44,0.3524,331.107,-80.961,12.247,-83.893,7534.291,0.6197,81.768,1,0,0,1
4803,3,-5.445,8.128,-64.199,-4.257,0.3436,276.462,4.476,-25.349,-62.606,4.307,0.2415,284.376,-29.27,-43.58,-41.056,2870.041,0.7621,81.178,0,0,0,1
69,10,-14.775,-36.652,-69.713,-15.554,0.2737,258.868,-3.912,-15.927,-9.166,-2.321,0.4727,108.702,-40.241,-92.129,-30.345,4834.403,0.927,87.425,1,0,0,1
3970,5,-4.336,-35.1,-65.274,-1.643,0.2813,311.768,-4.233,-23.775,-39.646,-5.687,0.5479,265.049,-4.339,-281.556,-7.007,2485.358,0.7905,76.627,1,0,0,1
3192,5,-31.521,-41.955,-18.564,-31.251,0.6351,261.332,-10.47,-36.945,-7.084,-10.881,0.2503,186.562,-15.183,-71.885,-15.265,5668.706,0.6524,54.509,0,0,0,1
167,5,-15.021,-43.56,-38.021,-14.37,0.4241,176.842,-3.482,-35.332,-38.737,1.549,0.2707,193.112,-46.727,-107.326,-38.885,1321.134,0.4395,100.0,0,0,1,1
979,10,20.694,-41.068,22.443,18.492,0.119,214.005,4.709,0.918,9.713,7.497,0.0827,313.603,48.008,72.538,51.024,4997.589,0.0,0.0,1,0,0,0
1939,5,-6.576,21.865,-9.735,-6.281,0.0238,220.193,2.839,25.095,-21.799,4.57,0.0,258.104,-58.486,99.568,-59.168,3949.639,0.1947,3.431,0,0,0,0
3576,3,-28.675,-89.603,-24.457,-28.423,0.0503,249.117,-9.967,-21.816,-52.084,-10.539,0.4487,80.539,-9.855,-231.105,-15.22,3961.478,0.7077,59.08,1,0,0,1
3876,5,-8.263,8.064,43.206,-9.739,0.1094,305.773,-12.017,-8.883,40.157,-16.414,0.1388,412.127,5.335,105.842,18.364,2808.353,0.4386,12.347,0,0,0,0
2882,10,-14.731,-44.948,-14.94,-15.278,0.4805,262.956,1.822,-19.108,-44.903,3.161,0.5637,93.805,36.697,-120.119,25.316,3325.4,1.0,74.861,1,0,0,1
4114,3,17.911,-24.819,-22.907,21.108,0.3454,342.337,-8.461,21.046,-26.719,-8.272,0.2102,350.634,-53.655,-88.617,-52.88,4383.937,0.3139,30.552,0,0,0,0
2945,3,-3.299,-30.591,64.44,-4.304,0.0,390.3,-3.023,-26.941,18.406,-3.967,0.0,695.357,-60.048,27.651,-66.549,3358.503,0.353,29.343,0,1,0,0
2587,10,10.509,-14.927,12.791,11.274,0.0723,504.964,-6.562,-9.075,15.989,-7.525,0.0038,133.512,69.069,-21.48,69.861,5448.716,0.0141,19.123,0,0,0,0
3675,5,9.392,-32.631,20.163,9.793,0.1682,660.343,11.718,-30.96,-19.782,11.164,0.0661,118.112,23.399,-73.711,24.086,6476.35,0.1044,24.925,0,0,0,0
2460,3,2.337,37.931,2.93,5.131,0.1906,533.416,-6.858,-17.047,72.056,-8.414,0.0328,467.162,2.475,234.265,-9.891,6084.908,0.1511,22.372,0,0,0,0
25,3,19.613,60.616,-23.775,19.485,0.1425,234.401,-11.819,-1.619,-6.66,-10.577,0.0,65.843,27.454,109.939,15.151,5966.116,0.3152,23.323,0,0,0,0
1852,10,-0.144,-40.935,22.939,-4.408,0.1147,295.262,-23.145,1.216,10.322,-22.694,0.0,269.784,33.08,118.961,41.821,6153.059,0.129,21.934,1,0,0,0
3188,3,-10.159,-7.257,20.68,-11.815,0.0,414.714,-16.997,5.402,61.572,-14.339,0.1859,356.154,40.735,1.781,41.419,3656.579,0.1515,11.816,0,0,0,0
564,10,13.49,-0.436,32.611,14.892,0.0,194.324,10.934,0.681,8.353,9.532,0.1318,219.814,71.853,139.991,70.199,2850.242,0.1376,0.0,0,0,0,0
2534,10,-38.772,-11.722,-36.799,-44.343,0.4163,348.057,-1.158,-28.29,-32.595,0.968,0.6623,227.355,-79.883,-105.926,-75.532,5010.959,0.6836,73.111,0,0,0,1
4647,10,-0.702,-59.097,58.156,0.113,0.1159,520.531,15.038,-0.071,-0.399,14.853,0.0113,289.104,-85.884,-0.357,-75.665,792.307,0.0,0.0,1,0,0,0
399,5,-35.624,-48.269,-47.539,-35.273,0.4723,210.421,-8.4,-30.329,-7.395,-9.162,0.2178,266.202,31.52,-85.935,26.419,2667.621,0.7441,93.385,0,0,0,1
2993,5,-0.921,7.973,3.099,-2.103,0.0552,507.738,-2.767,13.098,-12.611,-2.937,0.1203,158.262,-15.544,116.165,-9.685,5955.692,0.258,34.086,0,0,0,0
2624,3,-25.277,1.557,52.122,-24.643,0.0674,278.473,25.497,-1.291,-25.741,26.912,0.1177,334.057,-18.619,57.715,-16.014,3016.984,0.2061,4.111,0,0,0,0
2728,5,12.139,-14.405,49.281,10.163,0.1266,373.122,-2.095,-7.51,62.238,-1.633,0.1743,324.266,61.626,94.691,57.266,4037.009,0.2482,22.47,0,0,0,0
755,5,-18.254,-27.743,-58.145,-17.982,0.733,374.289,-2.27,-13.155,-18.371,-0.325,0.2565,226.336,-25.173,16.35,-34.075,4169.106,0.7248,60.648,1,0,0,1
413,5,-8.267,-14.972,-89.502,-5.211,0.5113,302.974,-3.018,-15.948,-17.646,-4.781,0.1237,196.255,24.373,5.838,26.836,2363.557,0.559,100.0,1,0,0,1
1514,5,-21.126,-25.995,-60.86,-21.669,0.6858,174.897,-6.501,-22.32,-42.36,-7.948,0.3513,134.714,-42.365,-95.08,-47.174,1620.201,0.6692,60.683,1,1,1,1
4104,10,-36.145,-44.519,-57.083,-38.188,0.3181,304.91,-17.063,-20.338,-19.593,-16.864,0.2396,221.515,-47.535,106.452,-59.026,1992.712,0.7239,65.858,1,0,0,1
2529,3,-7.415,-25.009,-47.196,-7.003,0.2301,128.52,12.032,-25.635,15.048,12.005,0.013,574.481,71.96,-71.646,77.109,5145.32,0.1689,0.0,0,1,0,0
1949,10,10.629,37.699,-4.526,6.599,0.0223,614.439,0.053,5.062,-17.237,-1.991,0.0,351.568,-24.693,-111.234,-34.253,2820.841,0.2771,30.928,0,0,0,0
1200,5,24.129,26.807,32.584,22.253,0.1263,17.048,-7.458,-9.718,18.039,-6.913,0.0663,294.837,58.04,-70.495,60.94,5940.537,0.0481,22.229,0,0,0,0
2934,3,-8.472,-55.73,-15.724,-10.334,0.58,285.956,7.705,-33.584,8.953,10.395,0.452,67.138,-3.763,-7.015,-14.454,5761.423,0.5583,46.311,1,1,0,1
3023,5,5.803,-28.853,9.708,7.458,0.0,577.883,26.478,28.491,-29.49,26.515,0.0,411.539,-17.901,4.8,-18.46,1230.039,0.2163,14.887,0,0,0,0
1582,5,-34.999,-60.825,-68.089,-32.062,0.6735,224.018,-0.999,-29.492,-41.537,-1.317,0.0638,388.462,20.953,-132.158,27.895,4848.681,0.6131,91.933,1,1,1,1
3633,5,3.793,-11.814,0.502,3.379,0.1231,471.8,-8.929,10.877,7.524,-6.14,0.0,314.311,1.313,-221.068,-7.921,1174.072,0.5552,20.997,0,1,0,0
4516,10,12.84,-68.819,43.237,12.313,0.3257,476.668,4.099,-2.225,8.938,3.321,0.0514,425.872,-48.299,-82.985,-53.865,5568.984,0.0,14.457,0,0,0,0
4546,3,-26.125,-65.471,-81.395,-26.034,0.8538,356.143,-16.015,-4.811,-38.093,-16.357,0.1154,243.344,32.865,-14.197,31.35,2333.533,1.0,70.591,1,0,0,1
750,10,-6.683,29.824,-10.145,-3.997,0.0,266.87,10.625,-0.663,33.59,10.067,0.0743,201.146,-48.494,42.834,-60.047,4847.026,0.2337,37.195,1,0,0,0
3480,3,-9.78,-4.18,-18.864,-15.519,0.0708,417.404,15.22,-4.511,0.384,16.446,0.0419,429.466,25.947,-65.299,15.547,6049.896,0.0401,23.502,0,0,0,0
2381,10,2.321,-2.37,39.325,-0.551,0.125,181.482,-0.597,31.435,24.558,-0.632,0.0964,266.984,22.933,48.039,22.492,4665.994,0.1381,0.564,0,0,0,0
905,5,-19.203,-11.415,39.618,-20.524,0.1409,499.074,-11.773,-23.648,-63.426,-14.067,0.0156,554.942,-34.031,88.672,-39.878,2067.896,0.0274,35.216,0,0,0,0
1007,10,26.883,-11.406,-48.663,27.859,0.141,444.497,-5.703,-6.556,53.283,-3.936,0.0715,311.729,28.027,25.787,16.21,3361.917,0.568,7.863,0,0,0,0
237,10,-12.053,49.373,8.56,-9.643,0.0,419.835,-11.901,18.389,58.016,-13.887,0.1494,379.855,22.199,-110.049,4.056,3299.926,0.5522,24.858,0,0,0,0
2744,3,1.443,-1.518,-27.774,0.95,0.0,250.562,2.661,-0.255,-23.891,3.756,0.0,139.076,35.088,-61.148,38.645,3809.609,0.2481,8.444,0,0,0,0
3841,3,-4.267,-17.491,-17.948,-4.959,0.1741,491.735,-2.18,-18.661,34.843,-1.748,0.0783,48.453,17.339,-98.087,18.331,1149.172,0.1112,8.702,0,0,0,0
1113,5,8.029,-16.39,41.351,9.975,0.0,652.31,3.279,-0.97,20.319,4.985,0.0629,180.805,-32.452,93.514,-35.38,8107.237,0.1701,0.0,0,0,0,0
2596,10,-4.098,-28.542,-60.415,-5.406,0.1533,52.058,-15.719,14.094,-15.889,-15.788,0.122,140.708,-80.98,-46.145,-84.158,2503.82,0.5475,66.962,0,0,0,0
2336,3,-22.929,-73.993,-75.567,-24.272,1.0,35.53,-7.243,-39.99,-25.078,-4.047,0.1683,230.386,-3.649,-73.817,3.139,884.103,0.6916,100.0,1,0,0,1
2813,3,7.471,-20.351,16.978,10.583,0.0,459.934,-5.911,32.329,-22.607,-4.389,0.114,492.399,15.935,-125.645,15.897,4086.607,0.0,0.0,0,0,0,0
63,10,6.561,-20.859,-56.739,6.767,0.4871,263.216,-2.755,-31.025,4.915,2.066,0.1088,202.551,12.81,-3.022,16.935,4285.213,0.3505,48.72,0,0,0,0
1248,3,-13.724,-39.942,20.183,-14.774,0.0,491.662,-8.186,27.927,36.075,-10.202,0.0401,16.691,13.776,61.815,19.192,2258.873,0.013,5.59,0,0,0,0
113,5,-2.882,-8.788,11.196,-1.501,0.2011,608.212,-7.554,19.996,35.611,-8.477,0.0956,228.723,-38.833,-31.522,-37.063,75.503,0.4656,5.386,1,0,0,0
2339,3,-13.286,-24.881,-61.285,-13.148,0.6533,142.067,-11.159,-22.332,1.989,-10.889,0.5104,288.824,13.083,-2.441,-3.243,871.539,0.7088,86.594,1,0,1,1
4,5,-14.209,-8.566,-24.852,-12.521,0.425,246.714,-1.768,12.035,-27.649,-2.069,0.1187,312.743,-39.511,3.729,-57.617,4811.962,0.2369,10.292,0,0,0,0
2027,5,-11.903,-36.213,-68.266,-14.621,0.6595,126.611,1.843,-3.401,5.783,0.757,0.36,75.713,-54.58,9.428,-36.907,3359.337,0.351,74.432,1,0,1,1
3791,10,-10.227,-20.213,-32.031,-12.103,0.4941,120.943,0.684,-0.138,-31.219,2.133,0.0685,156.62,4.702,74.484,-2.422,4554.606,1.0,41.585,1,1,0,1
79,3,0.412,64.625,11.917,1.519,0.1693,302.119,-1.781,4.651,43.74,1.489,0.01,452.637,7.518,15.985,10.618,4146.815,0.0,19.322,0,0,0,0
252,3,-9.218,-12.679,-49.719,-7.793,0.5763,70.771,-9.797,-17.393,-12.735,-12.093,0.6079,17.036,36.465,-76.838,26.517,4948.253,0.8662,100.0,0,0,1,1
4922,5,4.119,5.794,45.35,5.061,0.0707,672.635,-11.312,18.945,-4.613,-12.79,0.0996,217.144,-44.249,-52.101,-49.405,2261.021,0.0558,38.146,0,0,0,0
2104,5,-4.525,-14.757,-3.74,-3.973,0.1554,470.948,15.089,-59.504,41.506,18.847,0.0,310.594,53.027,-117.612,47.907,3631.552,0.4292,14.765,0,0,0,0
2925,5,-1.515,-26.964,-5.521,-0.053,0.0647,538.584,6.37,-11.557,-1.491,5.961,0.2017,212.586,16.023,77.488,6.418,2937.986,0.2094,7.089,0,0,0,0
4341,5,-0.064,4.786,29.214,0.004,0.0792,293.169,11.493,17.028,2.618,13.891,0.0035,415.809,8.832,169.001,12.368,895.235,0.3428,0.0,0,0,0,0
1728,5,6.286,-2.305,-6.789,7.79,0.0741,184.09,4.673,25.935,-58.033,5.796,0.0881,225.066,-10.193,80.807,-2.06,2920.955,0.0,4.696,0,0,0,0
4693,10,-6.27,-2.484,-50.885,-5.647,0.1762,734.37,-11.125,-22.437,10.561,-14.257,0.0878,289.287,-25.784,117.569,-23.806,6125.222,0.0109,15.462,0,0,0,0
4400,10,-28.745,-43.635,-22.417,-25.552,0.6355,21.25,-15.823,-5.871,-23.121,-11.491,0.1427,293.92,-12.757,24.209,-3.04,360.206,0.9518,88.932,1,0,0,1
3037,10,-10.215,17.164,-70.263,-7.741,0.516,611.63,-19.151,-9.999,-7.349,-20.724,0.0501,133.992,7.377,-181.198,8.285,2325.501,0.8337,65.0,1,0,0,1
1172,5,24.134,-23.158,19.409,23.606,0.187,464.457,5.17,19.57,-38.436,5.734,0.0588,438.908,18.117,47.507,13.827,6464.958,0.2533,25.423,0,0,0,0
4483,3,-27.3,-16.973,-71.826,-28.214,0.573,129.451,-13.467,-27.715,-1.564,-13.406,0.1931,116.931,-26.919,-58.267,-31.574,566.466,0.4593,77.445,1,0,0,1
1060,5,-19.711,8.121,-22.71,-21.258,0.0,203.015,7.152,-20.301,-13.517,4.033,0.1453,282.591,-7.572,-79.804,-6.267,1952.908,0.3576,0.0,0,1,0,0
3691,10,-21.295,-19.366,-73.63,-19.095,0.3721,69.907,-4.893,-17.788,-30.28,-7.124,0.4249,301.904,-10.242,-242.315,-19.007,2535.646,1.0,31.673,1,0,0,1
2893,3,-26.693,-7.182,-73.376,-23.911,0.6821,313.337,-11.759,-8.019,-17.846,-11.266,0.2497,249.62,45.76,-113.672,53.55,487.216,0.5504,74.194,0,0,1,1
2531,3,1.2,-11.987,-17.327,5.63,0.0471,494.735,11.946,4.932,1.121,9.546,0.1315,535.009,19.723,-3.871,27.062,2067.716,0.3057,0.0,0,0,0,0
3047,10,-15.444,-11.952,-7.565,-18.152,0.156,515.387,-3.626,-19.788,4.043,-4.868,0.0,137.908,56.074,-52.998,67.379,4967.228,0.1099,15.139,0,0,0,0
818,5,0.645,-15.746,19.558,1.105,0.0397,343.551,10.533,-53.077,-19.797,8.321,0.0254,192.653,-7.261,-23.547,-14.219,2182.142,0.2517,0.0,0,0,0,0
644,3,27.712,8.395,-13.289,28.574,0.1502,386.342,-3.664,-6.336,57.877,-7.702,0.1857,300.213,0.512,36.502,0.482,3680.59,0.0082,0.0,1,1,0,0
1246,5,-17.358,-39.66,-66.216,-17.646,0.5581,182.4,-11.419,-14.689,-17.493,-12.009,0.5155,66.024,-25.791,-24.119,-31.373,5633.145,0.7548,52.546,1,0,0,1
3828,3,9.947,-33.647,-39.347,11.142,0.2629,370.019,6.115,-10.675,-7.064,5.048,0.1528,646.867,-43.813,-24.328,-30.964,3564.457,0.5059,28.802,0,0,0,0
4031,3,-18.144,0.177,7.868,-18.272,0.0522,621.796,-5.461,24.857,-8.765,-9.237,0.0,542.607,-5.357,94.462,-11.3,1905.31,0.0114,14.549,0,0,1,0
2074,5,-26.544,-21.657,-34.42,-23.375,1.0,242.125,-1.302,-32.739,-39.034,-0.906,0.4156,1.398,-29.805,82.437,-22.408,3506.771,0.6841,61.476,0,0,1,1
521,5,-15.919,34.89,23.827,-13.84,0.1335,489.411,3.095,-18.221,-17.663,4.855,0.0,509.861,-10.319,87.78,-0.495,2229.781,0.0047,27.803,0,0,0,0
2975,3,-1.454,-8.632,10.488,-3.084,0.0547,108.7,-21.332,-15.057,-61.584,-22.796,0.0593,366.461,13.739,147.636,-0.328,2461.895,0.1024,0.0,0,0,0,0
4871,3,11.268,-8.936,56.075,7.111,0.121,457.057,-20.837,-12.075,18.581,-19.243,0.008,229.11,3.782,5.431,-3.278,5719.252,0.4884,38.388,1,0,0,0
330,5,4.53,7.999,-5.088,6.445,0.0643,428.033,-9.895,-19.621,48.053,-11.454,0.0721,270.076,76.516,29.726,74.536,5681.214,0.3735,0.0,0,0,0,0
2595,5,-16.991,-14.054,-14.642,-13.772,0.3324,369.612,29.325,-19.236,-47.079,25.681,0.7108,291.31,14.289,-231.277,-3.143,1417.39,0.6975,100.0,0,0,0,1
4088,3,-3.245,54.044,-38.77,-4.204,0.1773,685.973,11.667,-7.38,15.219,13.587,0.0276,608.23,-37.745,28.817,-40.234,5443.05,0.2079,6.788,1,0,0,0
592,3,-17.595,-29.925,-11.651,-17.486,0.6485,113.869,-13.061,-22.838,-5.317,-11.094,0.5438,175.086,78.779,-65.866,78.394,3065.119,0.6838,15.503,0,0,0,1
537,10,-16.313,-44.956,-53.387,-19.167,0.5471,128.867,-7.191,4.281,-52.865,-4.127,0.3349,142.787,-10.103,-28.663,-14.209,5371.516,0.6888,58.739,0,0,1,1
1431,10,-6.04,-0.054,85.064,-8.049,0.1784,131.335,9.982,-8.794,-29.192,10.424,0.0651,56.01,0.576,89.511,-4.668,974.718,0.2532,9.705,0,0,0,0
2453,3,27.4,-19.892,-53.872,27.749,0.4448,49.913,-12.2,6.807,23.788,-12.701,0.0225,348.022,-33.821,-70.218,-41.992,6851.877,0.397,71.342,0,0,0,0
1534,10,5.123,-30.002,-13.37,2.857,0.1869,481.244,-8.415,-19.155,-3.39,-11.439,0.0335,429.956,8.347,-18.55,8.687,3289.517,0.2032,30.922,0,0,0,0
160,3,-21.84,-24.588,65.281,-23.104,0.0,287.223,10.053,7.706,33.926,10.25,0.0705,206.875,-5.499,-45.587,5.386,6092.805,0.3402,20.407,0,0,0,0
4800,3,6.26,26.476,-32.624,7.589,0.0337,499.004,-10.114,3.929,-4.155,-9.876,0.0462,261.082,8.351,-134.36,9.579,2040.947,0.2069,29.574,0,0,0,0
1843,3,-21.601,-33.265,-11.343,-23.06,0.7455,230.991,-13.901,-14.249,-37.303,-11.446,0.1183,201.683,31.83,-100.808,24.909,2564.462,0.7145,71.483,1,1,0,1
3852,10,12.142,-7.215,77.064,9.735,0.0,123.663,-9.549,-5.309,-8.461,-5.395,0.0883,461.426,15.228,18.187,11.885,1231.13,0.2198,10.281,0,0,0,0
4306,3,-16.437,-33.227,-35.487,-16.505,0.5241,332.251,-25.357,42.105,-14.157,-21.869,0.0,453.12,17.211,171.187,4.528,5088.737,0.2895,73.858,0,0,0,0
4446,5,-17.295,-65.008,-76.545,-18.712,0.7472,253.119,-22.62,-24.722,-34.513,-23.478,0.2906,264.96,-6.069,-181.978,-3.751,3088.9,0.8724,82.65,1,1,0,1
4668,5,10.145,34.11,24.808,7.306,0.175,646.834,25.861,-16.564,-14.522,30.693,0.0255,286.736,33.042,-59.994,28.935,1585.914,0.2888,7.736,0,0,0,0
585,3,24.5,28.182,-3.176,26.252,0.0,129.281,8.306,30.398,-7.358,8.084,0.0803,162.122,8.555,-20.338,12.442,5255.14,0.031,17.25,0,0,0,0
1169,10,-13.162,-25.356,32.007,-10.792,0.0,169.439,-2.394,16.387,-77.171,1.255,0.1054,341.372,-14.05,4.047,-2.475,3991.292,0.1416,24.113,1,0,0,0
3399,10,16.223,40.021,20.936,17.214,0.1725,255.667,13.553,0.59,-15.618,13.286,0.0,384.255,66.674,-5.74,74.815,4261.711,0.4658,0.0,0,1,0,0
4361,5,-23.966,-57.505,-44.896,-25.676,0.7856,335.941,-22.537,-27.09,-15.286,-21.615,0.4657,178.79,40.614,-83.446,37.666,3522.568,0.6932,70.007,0,0,0,1
2865,5,-33.748,-42.329,-54.841,-32.741,0.4901,139.294,-12.107,-6.057,-20.718,-11.825,0.4423,437.979,57.121,-105.004,58.728,560.741,0.6745,100.0,1,0,0,1
2535,10,-21.757,-68.192,-17.324,-23.556,0.6692,182.454,-2.705,-20.688,-39.673,-3.623,0.3071,57.448,-5.455,-244.533,11.749,5621.79,0.8502,92.091,0,1,0,1
4727,5,-13.917,-35.941,-37.153,-15.208,0.2053,219.913,-3.258,-7.475,21.424,-1.883,0.1763,275.619,-12.008,21.626,-16.014,2556.551,0.5353,44.447,0,1,0,0
3542,10,10.76,-46.406,21.287,9.915,0.1713,628.015,-6.124,39.265,18.334,-2.973,0.0034,239.354,26.378,26.769,30.162,4006.534,0.2148,22.409,0,0,0,0
3588,10,12.603,-67.576,-36.52,14.353,0.0834,541.202,-0.896,9.059,4.094,1.434,0.0,493.812,10.688,51.352,11.477,1206.546,0.095,19.409,0,0,0,0
2299,3,-20.664,-45.323,-100.0,-20.689,0.6275,288.456,-0.451,2.238,-13.423,-2.766,0.3621,185.567,62.052,-176.343,59.546,3675.719,0.5652,67.7,1,0,0,1
696,5,14.954,-33.356,-5.021,15.809,0.1795,463.776,-1.17,17.583,12.733,0.891,0.034,394.228,13.679,0.292,17.79,504.406,0.1315,6.233,0,0,0,0
1913,5,-16.182,-32.023,-53.497,-16.728,0.7521,280.884,-20.81,-8.497,0.794,-18.083,0.2864,71.012,-26.944,-3.557,-24.371,3782.497,0.6878,73.552,0,0,0,1
1236,5,-15.384,-20.931,0.094,-11.506,0.1822,408.099,10.662,-0.987,29.904,12.242,0.2211,484.599,75.084,-16.38,76.193,5245.229,0.2641,21.274,0,0,0,0
589,5,-4.807,-3.791,31.471,-5.299,0.0714,446.535,6.174,29.003,-11.721,4.104,0.0832,435.051,20.853,-48.404,34.631,3119.012,0.2983,13.121,0,0,0,0
574,10,-20.597,-56.588,-30.239,-15.966,0.1464,536.279,21.87,18.784,-46.422,22.982,0.059,169.153,-19.337,21.309,-35.57,5472.198,0.2268,13.992,0,0,0,0
4049,10,-28.943,-26.723,-25.973,-29.057,0.6621,277.959,-4.358,-19.205,-1.692,-3.445,0.5252,205.846,7.296,-219.07,13.781,2352.18,0.8187,64.127,1,0,1,1
1316,10,-11.681,-36.452,-27.063,-13.881,0.3978,326.105,-5.273,-5.953,26.09,-6.035,0.0,231.717,-55.734,33.217,-55.589,128.634,0.3313,42.24,0,0,0,0
1678,5,0.139,-34.893,42.59,-1.51,0.0,460.711,-2.491,-0.711,-49.102,-4.313,0.1083,289.319,40.998,48.658,49.254,1768.374,0.4147,0.0,0,0,0,0
1631,3,-2.086,-47.129,-50.486,-1.041,0.2033,400.763,3.179,25.636,-31.151,4.9,0.0894,340.826,-55.828,-108.089,-71.151,3709.134,0.0929,59.384,0,0,0,0
2089,10,-23.299,-53.998,-3.662,-22.662,0.4523,129.393,-8.077,-34.611,-24.802,-7.421,0.5638,88.729,-61.45,-10.411,-64.831,2412.427,0.8578,42.403,0,0,1,1
536,3,0.37,-31.902,-15.907,0.777,0.1789,798.704,-11.565,-0.742,-27.645,-11.815,0.2075,198.992,13.966,204.558,1.398,368.644,0.3073,27.96,0,0,0,0
36,10,-4.335,-43.531,34.089,-0.481,0.0433,407.321,-9.819,1.987,40.941,-8.564,0.0,334.752,-68.126,-38.45,-55.131,2992.96,0.2918,51.92,1,0,0,0
418,5,-20.491,-47.586,-52.1,-17.382,0.6467,623.789,-13.233,-1.156,-36.59,-12.961,0.5383,55.525,44.757,158.125,35.019,2203.412,0.8494,67.754,0,0,0,1
3831,5,-13.223,4.261,-38.953,-9.038,0.0,573.809,18.219,-6.591,-16.315,19.347,0.1199,13.911,47.403,-53.735,46.204,6244.608,0.0138,6.776,0,0,0,0
520,3,-6.065,29.709,89.164,-5.869,0.0,667.091,-3.896,-10.006,32.046,-4.638,0.1057,455.048,-14.864,16.397,-14.749,4302.797,0.3139,15.266,0,0,0,0
4484,5,2.017,-60.664,-79.773,-1.123,0.0479,685.598,-16.375,-9.484,-6.153,-14.847,0.0045,375.579,-0.992,70.916,3.448,7210.09,0.0803,19.436,0,1,0,0
2014,10,-1.497,-4.162,-62.672,-0.617,0.3709,399.09,-22.778,-17.061,-48.397,-25.193,0.0482,261.361,-7.176,-22.869,-4.693,267.798,1.0,57.858,0,0,0,1
430,10,-32.159,-0.402,21.105,-28.71,0.0,5.612,29.462,-15.661,-17.078,33.244,0.0677,287.101,-50.574,-42.142,-55.556,3963.611,0.0,27.381,0,0,0,0
209,3,2.444,-41.983,-23.148,2.73,0.377,263.561,-2.799,-27.204,-12.707,-1.901,0.2245,252.321,33.981,-135.385,42.648,611.101,0.1602,32.521,0,0,0,0
2530,10,-26.575,-29.406,-40.579,-26.591,0.6896,238.169,7.587,-3.884,-7.975,7.463,0.1338,169.422,-50.563,313.149,-38.037,3456.394,0.8493,68.594,1,0,1,1
3358,5,-9.713,-12.463,-24.261,-14.344,1.0,288.011,-5.858,-25.311,-55.46,-6.359,0.5248,18.026,1.49,-144.108,6.248,4238.319,0.6755,50.553,1,0,0,1
2233,5,-15.583,-35.535,5.312,-14.732,0.0,282.775,-2.669,-5.869,11.941,-3.111,0.0,405.804,22.881,234.567,43.58,5237.193,0.0583,16.551,0,0,0,0
32,3,-13.116,15.61,-14.938,-14.783,0.0402,352.922,-6.939,-9.204,-37.991,-4.969,0.0253,68.893,-30.059,27.999,-22.901,4912.269,0.0588,4.594,0,0,0,0
3720,3,-8.753,-7.434,-52.199,-7.784,0.0,277.774,-7.411,19.141,21.475,-9.587,0.0,474.244,-33.71,47.378,-38.954,1647.675,0.2058,36.209,0,0,0,0
653,10,7.677,-37.17,23.305,8.385,0.1853,419.718,-15.913,27.854,-0.78,-11.676,0.1511,286.438,-56.991,96.236,-55.676,1750.547,0.4123,0.0,0,1,0,0
4622,3,28.033,-21.184,-33.633,30.183,0.5242,316.041,-12.979,14.647,-1.252,-9.47,0.0508,335.07,-34.211,36.097,-30.624,1327.041,0.4738,32.761,0,0,0,0
4146,5,-8.937,-33.491,87.891,-6.969,0.0,496.528,3.265,-22.349,-12.515,1.926,0.0,287.364,-47.244,17.85,-41.318,1558.603,0.0,22.656,0,1,0,0
1156,5,-2.487,-49.453,17.194,-2.112,0.0452,651.388,1.949,-26.799,19.556,0.507,0.0,7.298,-9.799,44.738,-5.082,7100.015,0.2286,32.256,0,0,0,0
4959,3,-16.042,-45.063,29.969,-15.649,0.026,134.893,-0.48,-3.948,-63.892,1.374,0.1323,110.462,-49.683,-129.22,-53.062,3373.593,0.4132,14.212,1,0,0,0
3639,10,-16.397,-39.443,-38.371,-19.695,0.4217,220.248,-21.475,-7.219,-25.794,-20.58,0.1166,506.967,-12.911,-50.236,-34.318,3845.09,0.2746,51.746,0,0,0,0
4462,10,-6.89,14.61,-29.351,-9.119,0.0941,364.267,-7.207,-4.126,24.11,-8.68,0.0,53.402,38.099,-64.607,30.801,2025.554,0.0528,6.069,0,0,0,0
861,3,-34.572,-22.748,2.012,-31.689,0.073,252.557,-7.042,11.736,19.584,-7.49,0.0,65.96,-42.334,32.832,-51.464,5019.983,0.5033,35.522,0,0,1,0
4851,3,-22.202,-13.494,-3.015,-22.565,0.0,424.604,-1.687,30.332,14.501,-4.964,0.0875,311.948,73.432,9.536,67.783,9234.863,0.0,9.031,0,0,0,0
4573,5,1.969,-17.173,10.678,2.509,0.2432,69.25,10.105,-19.357,44.656,11.2,0.1586,376.601,8.482,114.046,8.587,2065.472,0.2293,0.0,0,0,0,0
1561,5,-10.527,-44.002,-63.702,-11.231,0.4719,255.86,-14.133,-42.731,-14.226,-16.953,0.3062,293.443,18.587,-16.121,12.87,3578.143,0.7851,50.78,1,1,0,1
1450,10,-28.242,-71.679,-57.921,-26.804,0.8422,372.342,-19.891,-6.624,-12.192,-21.586,0.4969,117.097,6.025,-61.566,8.022,903.17,0.8298,32.817,0,0,1,1
3890,3,-1.381,-31.102,-43.02,-1.552,0.0,310.688,-15.054,-9.384,-19.544,-12.768,0.0247,424.833,-19.308,-16.386,-17.759,7619.198,0.0956,24.836,0,0,0,0
524,10,-13.1,-24.469,-73.204,-12.412,0.3152,113.544,-1.236,-20.932,-3.66,-3.305,0.1611,159.174,-59.092,92.351,-54.422,1001.895,0.7306,100.0,0,1,0,1
3353,10,-10.604,-37.028,-72.431,-12.731,0.5865,242.555,-7.398,-12.353,-10.064,-5.514,0.2634,162.965,46.947,-231.089,66.408,4173.1,0.7364,92.873,0,0,0,1
4131,10,-4.4,-27.271,-17.701,-7.574,0.3281,102.717,-6.392,-8.828,-30.348,-6.181,0.1828,107.864,-28.364,16.989,-38.66,3656.965,0.6911,19.267,0,1,0,1
924,3,-9.206,-32.178,4.609,-8.655,0.0531,400.18,9.751,8.185,-50.58,7.527,0.168,174.028,34.152,-109.645,33.884,3224.046,0.2828,20.846,0,0,0,0
140,3,-22.718,-27.335,-53.673,-23.779,0.1465,580.649,10.23,-29.462,47.785,11.108,0.1273,602.977,-112.659,135.473,-99.127,1661.231,0.1747,29.759,0,0,0,0
908,10,15.024,28.312,-42.16,17.742,0.0,364.714,21.803,11.906,-8.013,20.307,0.1179,321.672,43.814,-114.337,54.516,5472.642,0.2314,12.44,0,0,0,0
3747,3,-17.358,-26.653,-35.411,-15.262,0.7436,75.956,-10.676,-46.038,-21.292,-9.739,0.6326,147.057,42.194,-192.217,40.077,2122.18,0.5828,94.151,1,0,0,1
1054,3,20.669,-19.877,0.788,21.142,0.0528,525.091,5.834,-17.168,-48.909,4.115,0.1454,132.249,13.611,167.842,20.908,2059.009,0.2324,2.405,1,0,0,0
338,5,-1.703,4.676,0.757,-3.219,0.0598,436.497,-0.882,4.833,-75.776,-2.016,0.1404,361.782,2.625,4.137,3.863,1903.767,0.2398,11.689,0,0,0,0
4295,5,-10.142,-22.343,-83.113,-7.223,0.4856,159.188,-10.196,-12.874,-3.479,-14.58,0.2111,156.988,11.871,-7.935,6.201,2163.522,0.8032,54.605,0,0,0,1
3814,5,-2.684,7.142,6.301,-4.454,0.0778,163.678,-8.819,7.629,-49.16,-8.667,0.0401,184.373,57.355,18.551,53.249,3004.43,0.2091,0.196,0,0,0,0
1508,10,-7.954,23.476,-31.657,-10.581,0.0,237.712,-29.772,61.943,-30.511,-32.077,0.2684,323.662,13.426,92.854,13.941,7037.522,0.0536,16.498,0,0,0,0
669,5,-27.39,-35.594,-30.077,-26.54,0.6851,65.795,-11.916,-26.265,-27.675,-14.18,0.7273,29.201,-36.69,-82.881,-38.145,583.983,0.704,79.308,1,0,1,1
2135,3,19.975,-16.694,-74.839,15.092,0.1279,373.156,-3.877,8.824,5.893,-4.874,0.0558,122.067,-4.513,-42.235,10.045,5413.036,0.3708,10.107,0,0,0,0
3566,10,8.159,-26.041,-17.649,7.227,0.0069,334.222,-3.71,4.072,-62.967,-3.667,0.0,255.586,14.662,-153.491,17.867,43.916,0.2905,36.696,0,0,0,0
401,3,11.682,-16.808,-5.249,15.231,0.1011,484.424,1.72,-5.141,20.213,0.214,0.0007,490.86,-1.481,-157.63,-8.325,7488.202,0.1557,17.893,0,0,1,0
923,10,0.904,-9.305,-44.597,3.94,0.5932,291.545,-1.274,40.673,-33.183,0.103,0.0253,519.143,9.118,-50.097,-9.806,6171.306,0.2045,50.366,0,0,0,0
2754,5,-26.142,-41.188,-47.701,-25.293,0.7933,268.405,-8.745,-10.81,-26.891,-10.012,0.1265,197.792,9.66,-81.019,10.678,4079.977,0.8681,99.577,1,0,1,1
2616,5,-24.228,-34.625,-79.862,-20.676,0.1976,267.728,-1.595,-48.835,-58.562,-1.706,0.114,135.198,29.264,34.757,30.818,1050.608,0.8553,83.222,1,0,0,1
1094,10,-23.5,-7.991,-68.199,-25.511,0.8677,207.443,-5.342,-13.584,-26.848,-6.501,0.4892,148.292,-75.266,-14.06,-69.745,2275.326,0.553,81.545,1,0,0,1
4407,10,6.117,-18.366,-46.887,1.206,0.11,594.005,1.719,3.184,52.124,0.31,0.0,292.935,7.935,-70.416,8.417,446.151,0.0,8.202,0,0,0,0
16,3,-1.012,-2.136,-9.542,-1.669,0.147,425.486,-1.371,-16.994,100.0,-1.715,0.152,436.632,-25.959,-26.236,-31.222,3611.556,0.2642,9.703,0,0,0,0
1912,10,5.579,24.558,-62.618,7.717,0.0123,369.773,3.558,10.489,-2.577,4.678,0.0,124.001,-26.415,39.117,-19.437,5287.271,0.1731,11.638,0,0,1,0
919,10,13.809,-47.995,2.565,10.247,0.0215,136.331,2.298,-15.081,-5.983,4.051,0.0823,156.5,-58.641,-40.682,-69.208,9714.144,0.4038,35.84,0,0,0,0
2002,10,-17.188,35.609,63.578,-17.835,0.0,182.984,-22.288,-9.387,-9.615,-20.036,0.0439,65.806,24.341,-51.831,19.675,4672.304,0.35,24.212,1,0,0,0
110,3,22.406,-29.527,11.728,18.438,0.0,93.459,19.112,1.7,34.72,17.423,0.1102,20.474,-8.679,99.151,-9.864,3336.679,0.0,30.831,0,0,1,0
2015,5,15.527,-37.22,-41.064,13.759,0.1346,327.015,9.436,8.477,-8.175,10.556,0.0441,129.622,-28.783,-0.574,-20.635,1143.849,0.0433,16.621,0,0,0,0
3918,10,8.467,-28.102,-22.485,10.081,0.2058,379.252,-9.08,-6.727,13.125,-13.407,0.1894,427.926,29.081,-8.174,43.846,6138.93,0.5653,74.24,1,0,0,0
4857,10,-10.872,-31.252,-68.619,-11.289,0.3466,426.24,-10.603,-42.942,-13.847,-11.864,0.2003,120.194,-14.837,6.734,-3.549,4469.591,0.4353,63.64,0,1,0,1
3352,3,-7.852,-46.003,-48.725,-4.419,0.1265,306.653,-10.374,-14.225,-4.969,-11.074,0.0537,486.721,41.565,106.964,47.929,4076.038,0.2244,15.248,0,0,0,0
3029,5,-16.586,-40.902,-56.872,-14.401,0.5741,311.778,-11.256,-11.638,-27.045,-10.623,0.5849,410.925,-5.91,-143.534,-6.722,1414.8,0.955,68.877,1,0,0,1
4866,5,-19.363,-13.325,-14.672,-18.534,0.062,190.926,-10.957,-20.524,-30.707,-11.534,0.3958,169.603,-8.73,-35.02,-5.824,2136.781,0.6411,84.346,1,0,0,1
4047,3,15.265,5.955,-16.786,19.66,0.1378,507.446,10.326,-10.592,-2.619,7.711,0.0177,81.331,-3.392,69.646,-4.583,8846.664,0.2001,15.62,0,0,0,0
4139,3,-32.103,-57.386,-51.064,-27.981,0.8196,333.929,-10.433,-22.856,-31.997,-12.175,0.279,71.548,-4.833,-29.144,-5.922,63.288,0.5823,97.953,1,0,0,1
4318,3,-12.036,-30.286,35.321,-13.095,0.1217,531.112,-5.24,-18.845,-4.466,-5.836,0.0276,409.535,19.173,-136.192,16.893,1246.727,0.1111,5.037,0,1,0,0
1782,3,11.956,4.637,19.351,12.355,0.1123,375.146,7.764,26.668,5.957,8.677,0.0354,178.548,-40.984,47.301,-34.13,1292.19,0.362,11.813,1,0,0,0
3973,5,-21.955,12.126,-1.523,-19.165,0.0,516.36,-23.268,13.89,-15.578,-20.617,0.1644,412.887,-21.051,38.466,-8.968,2569.513,0.1808,6.311,0,0,0,0
1837,3,-15.104,21.766,2.768,-14.706,0.048,513.049,-1.11,8.228,-48.504,-5.124,0.0735,195.942,31.076,52.591,39.416,115.436,0.1624,34.585,1,0,0,0
1004,5,-44.407,-59.033,-63.563,-42.54,0.3298,223.329,2.787,-6.267,8.591,-2.278,0.1997,170.254,-65.582,-153.977,-63.963,671.191,0.9497,39.553,1,0,0,1
1649,3,0.675,37.544,-22.881,1.671,0.1213,276.126,2.067,-5.689,1.634,4.434,0.1753,228.484,-62.57,-51.158,-66.496,4133.569,0.2869,24.847,0,0,0,0
1290,3,13.867,37.017,-6.631,15.255,0.0201,567.093,9.472,-34.415,34.423,9.242,0.1131,266.622,-54.521,-32.844,-42.838,3440.481,0.2521,0.0,0,0,0,0
1707,3,-9.426,-30.48,-18.52,-10.961,0.1376,173.438,0.346,-8.998,17.842,0.038,0.0333,445.861,50.979,100.346,62.437,7708.662,0.068,0.0,0,0,0,0
674,10,-18.435,-61.538,-85.252,-17.462,0.4079,365.601,-10.431,-39.841,-7.554,-11.739,0.1014,256.172,-4.276,-254.152,-2.77,3251.823,0.5587,93.838,1,0,0,1
989,5,1.177,-34.254,-47.63,2.323,0.5408,151.284,-2.477,9.389,-43.268,-5.805,0.3875,205.064,23.295,-158.431,27.777,3755.339,0.981,82.838,0,0,0,1
2398,10,-7.646,11.105,38.553,-8.316,0.0,531.815,26.262,-23.21,27.681,26.549,0.1754,20.629,6.353,75.004,9.261,3915.863,0.0567,11.734,0,0,0,0
1490,5,-16.24,42.094,-39.066,-18.944,0.0,378.154,-3.285,-31.561,-12.089,-1.751,0.0072,85.141,11.83,-35.245,11.558,5612.781,0.1065,18.134,1,0,0,0
3364,10,-33.823,-61.914,-100.0,-33.771,0.8257,421.917,-6.649,1.974,-24.941,-8.135,0.2076,234.396,36.535,107.48,25.521,1171.194,0.818,68.198,1,0,0,1
3067,5,-11.028,-14.291,6.581,-10.495,0.1054,324.031,8.679,-22.368,8.183,7.291,0.0311,358.787,11.755,-77.965,15.247,5085.274,0.1547,0.0,1,0,0,0
1568,10,-1.649,-15.662,-36.161,-1.373,0.4332,323.583,2.208,15.009,-18.971,5.122,0.0847,293.529,-6.948,-63.836,-4.179,1283.155,0.4422,53.642,0,0,0,0
1356,10,1.279,-9.127,2.392,2.068,0.0,496.379,-4.49,22.648,-29.823,-4.094,0.0,300.793,36.994,169.8,33.774,3723.791,0.1775,20.668,0,0,0,0
2667,10,-13.504,-81.225,-76.0,-14.251,0.5802,468.369,-2.106,-15.706,-24.039,-2.343,0.2066,297.886,62.584,3.908,59.48,3282.817,0.7575,86.31,1,0,0,1
3146,3,-12.408,9.551,37.66,-11.384,0.1112,301.007,9.035,18.396,23.595,8.257,0.0342,367.146,-23.694,-37.124,-30.847,5744.079,0.3781,0.0,0,0,0,0
2524,3,4.328,-25.327,-42.949,5.93,0.1333,288.007,-29.122,13.819,-1.995,-31.037,0.2831,567.04,-23.666,-35.865,-26.508,5732.251,0.4032,1.988,0,0,0,0
4091,5,-27.463,-23.724,-2.821,-29.109,0.3256,345.234,-1.341,-2.321,-7.779,-5.448,0.0,502.483,25.474,114.368,33.504,10820.455,0.2142,28.128,0,0,1,0
3939,5,-13.304,2.007,-95.315,-14.281,0.2075,448.424,8.275,2.326,-1.296,9.392,0.0588,307.139,-7.841,-159.328,0.512,4791.954,0.1092,0.0,0,0,0,0
1586,3,24.84,19.906,-43.781,24.429,0.0379,48.736,3.954,-9.758,5.771,4.765,0.0421,294.77,-48.331,29.372,-44.976,2059.666,0.3904,13.998,0,0,0,0
3013,10,-5.119,24.774,9.216,-6.126,0.1296,324.757,2.487,-14.267,11.73,1.72,0.0,136.199,-20.452,54.241,-30.126,4147.351,0.3268,5.261,0,1,0,0
1552,5,-2.881,-12.402,5.772,-2.949,0.0941,316.504,-12.811,1.424,29.431,-12.649,0.0,305.149,51.499,-103.092,42.751,2312.764,0.1616,7.194,0,0,0,0
3879,5,8.128,-13.492,-17.109,10.199,0.0824,453.747,1.413,-38.217,11.76,0.306,0.2767,463.895,-57.887,-45.189,-64.0,3609.168,0.3272,26.87,0,0,0,0
4522,3,-28.924,-54.794,-11.249,-24.955,0.466,558.572,-14.8,-1.829,-59.264,-14.767,0.0,299.546,-14.319,83.381,-14.661,2392.78,0.2049,54.955,0,0,0,0
1237,5,-12.816,-35.737,-36.213,-12.642,0.1091,117.297,25.546,19.011,30.42,25.018,0.0,343.624,-16.269,-64.549,-13.298,4156.322,0.5162,46.844,0,0,0,0
3626,3,-7.934,-34.242,-28.68,-7.52,0.3775,404.75,-6.759,-10.564,-27.126,-7.586,0.0,184.907,0.276,142.489,-20.374,1283.705,0.5151,26.956,1,0,0,0
1199,3,-18.134,-56.866,-19.262,-21.077,0.0698,136.91,-7.646,16.468,21.368,-8.356,0.0,301.048,-34.526,-32.117,-28.964,4213.108,0.183,3.722,0,0,0,0
3849,3,-3.538,-21.613,1.818,-0.667,0.0047,190.86,10.836,13.016,31.461,10.76,0.032,118.757,-4.032,117.719,-16.653,2133.846,0.1683,0.0,0,0,0,0
4325,10,-6.091,-29.183,17.527,-5.152,0.1188,699.319,-1.114,34.201,0.51,-3.248,0.0736,39.981,-6.271,13.433,-12.592,4815.241,0.1666,2.482,0,0,1,0
3932,3,-12.466,63.117,30.13,-10.342,0.0413,533.143,-1.253,-46.908,36.904,-4.93,0.0,164.098,31.068,-98.768,35.723,1453.323,0.2645,6.839,0,0,0,0
3122,3,14.76,17.637,-14.281,16.111,0.0784,454.857,-6.987,8.375,-0.687,-7.298,0.0,340.087,-2.491,-32.282,-6.043,8733.3,0.4149,23.091,0,0,1,0
2119,5,28.646,-31.209,39.828,27.254,0.0173,397.073,11.121,-4.746,27.242,8.664,0.0,352.153,-4.241,41.196,-8.747,2228.64,0.2098,0.0,0,0,0,0
260,5,-33.511,-28.091,12.752,-32.106,0.5904,289.551,-14.95,-21.219,-48.355,-15.556,0.5261,124.049,12.209,-5.306,26.065,2343.757,0.6449,100.0,1,1,0,1
591,10,15.308,-3.772,-53.828,15.795,0.0177,589.279,-10.675,23.609,-35.193,-13.386,0.0576,205.194,38.749,1.984,48.506,1228.929,0.2035,7.679,0,0,0,0
2397,5,40.119,18.514,46.152,40.004,0.0,381.404,-4.581,21.27,47.715,-6.403,0.0,252.645,-22.078,-79.74,-24.661,11222.259,0.2171,0.0,0,0,0,0
193,10,-24.49,-22.324,-100.0,-25.082,0.3371,293.4,2.309,-32.084,-32.12,0.783,0.3613,323.919,-26.975,-235.76,-20.947,2865.225,0.6657,84.896,0,0,1,1
1948,10,-17.089,16.377,90.394,-13.216,0.1309,421.504,-4.748,-17.01,-45.476,-4.01,0.0,414.142,-46.666,33.574,-56.908,6465.785,0.1282,41.644,0,0,0,0
3823,10,2.634,-23.125,7.882,4.289,0.2102,444.805,-13.337,2.191,-1.89,-10.935,0.0863,318.048,14.123,-82.12,16.849,5793.697,0.4068,14.743,0,0,0,0
1768,5,2.307,18.513,26.266,4.148,0.0,719.431,8.091,-44.299,-55.616,7.768,0.0,517.51,32.678,-135.838,37.464,695.75,0.2411,22.545,0,0,0,0
595,10,-29.066,-28.547,-1.315,-30.454,0.0524,747.002,17.189,-15.552,3.993,21.339,0.0841,505.876,-22.526,-101.866,-8.875,8261.311,0.3558,5.896,0,0,0,0
345,10,13.6,-18.162,5.849,10.378,0.2184,507.297,-19.915,33.908,18.803,-21.303,0.0323,402.274,-8.356,43.976,-0.628,5982.167,0.302,37.552,0,0,0,0
1009,5,-23.538,28.382,18.494,-19.976,0.1415,2.854,-2.725,-14.21,38.027,0.989,0.0734,470.251,40.62,-130.809,36.874,4532.218,0.186,33.923,0,1,0,0
4095,10,-9.732,13.567,8.096,-10.381,0.026,77.989,-16.126,17.244,14.072,-13.827,0.0,300.795,-2.97,-34.879,-5.484,457.579,0.2964,30.261,0,0,0,0
4298,5,2.984,7.069,34.211,6.85,0.1826,517.785,27.847,-3.813,-4.599,30.351,0.0,353.288,67.647,-85.77,57.772,7492.413,0.1529,0.0,0,0,0,0
1106,5,3.909,39.226,40.502,2.758,0.2023,348.922,-9.359,-30.447,-46.258,-11.249,0.0198,5.741,37.101,-81.002,38.19,2597.747,0.0968,17.086,1,1,0,0
3155,5,-11.814,5.491,-22.904,-11.292,0.0904,323.201,0.396,11.717,30.681,-2.631,0.0,259.487,15.107,129.633,29.129,731.332,0.2821,31.783,0,0,0,0
487,10,-26.651,-15.857,-73.553,-28.748,0.4896,290.816,-12.754,-1.928,-18.093,-12.259,0.4471,79.159,13.297,27.015,17.01,4711.601,0.9539,53.333,1,0,0,1
1670,3,21.642,7.255,25.895,20.177,0.0259,350.812,10.676,-6.954,-11.418,12.847,0.0,487.798,11.974,20.306,-0.853,375.585,0.5431,15.249,0,0,0,0
4353,10,-5.096,-37.631,-2.605,-3.476,0.0925,518.657,-2.132,-10.097,-0.816,0.858,0.0,337.697,12.137,140.697,-3.648,5705.745,0.3484,18.605,0,0,0,0
1118,3,8.545,21.922,-2.602,9.18,0.0,418.91,2.163,-32.175,-5.285,3.202,0.0,280.629,48.838,-58.032,49.346,4792.821,0.1345,24.738,0,0,0,0
2543,3,-2.56,5.765,42.317,-3.588,0.1232,575.52,1.299,-0.133,-13.509,4.201,0.1244,383.209,-10.766,81.92,-12.376,5687.625,0.191,0.0,0,0,0,0
2344,5,-24.391,-51.276,1.436,-23.014,0.3808,427.651,-14.068,-20.542,-23.11,-17.76,0.407,145.332,-27.244,97.13,-20.369,5496.636,0.784,79.886,0,1,0,1
4519,5,-9.254,3.999,-42.086,-10.543,0.0,100.925,2.315,16.24,-0.328,1.695,0.0051,440.36,-17.925,-27.752,-5.728,5417.223,0.2753,12.006,0,0,0,0
3862,5,-24.126,-36.571,-71.126,-23.049,0.4215,318.944,-8.252,-20.137,-31.085,-8.201,0.0572,337.364,23.229,77.829,33.205,2889.062,0.7363,100.0,0,0,1,1
2800,3,14.189,20.637,1.204,16.361,0.1861,427.154,-23.689,-21.876,-29.312,-25.59,0.0,142.673,-11.612,149.22,-6.503,2278.186,0.3515,34.844,0,0,0,0
3086,5,15.605,28.641,46.549,14.426,0.2251,662.394,5.183,-11.548,-17.793,2.71,0.092,378.203,-2.22,115.441,-5.271,1584.474,0.1941,41.501,0,0,0,0
4609,10,-7.629,-44.791,-16.296,-10.311,0.3861,259.874,-13.241,-20.484,0.682,-14.364,0.5929,136.441,-45.718,-68.851,-41.862,7010.277,0.6167,38.682,1,0,0,1
4533,10,-2.87,4.013,13.125,-3.539,0.1364,434.864,18.403,23.856,-4.107,18.532,0.0439,71.368,59.729,40.701,62.054,2788.162,0.3364,22.843,0,0,0,0
4774,10,10.299,-32.25,-27.753,8.295,0.1854,272.258,0.158,-19.613,-4.183,0.805,0.2029,309.598,-46.405,-17.919,-47.343,5263.001,0.1216,2.955,0,0,0,0
1747,5,-8.237,19.338,17.204,-9.369,0.0701,279.835,15.204,33.17,19.137,16.699,0.0445,386.111,51.901,-43.652,58.422,3713.767,0.3425,0.0,1,0,0,0
4659,10,8.3,4.056,-5.102,7.431,0.0,116.3,-8.616,-4.592,17.77,-11.59,0.149,303.935,6.869,67.669,2.841,3424.896,0.1068,16.333,0,0,0,0
3300,3,-23.598,-51.305,-12.788,-22.858,0.0,215.012,2.971,13.459,57.251,2.251,0.056,409.529,-29.348,89.53,-44.47,9080.45,0.2425,17.862,0,0,0,0
2751,3,-10.055,-9.275,-19.534,-12.385,0.0596,481.956,-13.406,-0.092,-25.549,-13.29,0.0,367.261,39.679,-185.334,39.048,2402.551,0.2121,9.928,0,0,0,0
416,3,-24.491,-35.231,-45.813,-24.757,0.4912,287.9,-1.341,-14.704,2.647,1.005,0.4762,122.563,-41.61,26.335,-47.83,6118.667,0.6116,86.678,1,0,0,1
2218,3,17.918,28.707,-21.379,20.558,0.0764,417.502,-4.335,42.796,-36.274,-7.229,0.0125,241.186,-3.629,-149.235,-8.676,2962.469,0.4188,22.628,1,0,0,0
3547,3,-22.565,34.133,24.517,-26.701,0.0443,335.322,-2.896,29.856,-51.661,-4.54,0.0605,231.215,-18.312,-6.786,-17.177,5518.991,0.3497,32.001,0,0,0,0
1481,5,-16.815,-50.548,-38.295,-15.424,0.7445,110.931,-7.115,-15.416,-1.989,-6.817,0.2541,117.772,38.195,-174.604,34.1,2813.368,0.4547,34.05,0,0,0,1
1217,5,15.516,28.851,32.543,16.959,0.0,658.964,-9.673,-33.41,8.738,-7.685,0.2222,420.235,2.439,32.934,1.647,2331.087,0.1401,31.76,0,0,0,0
1283,10,-6.409,8.668,-29.796,-7.014,0.0526,88.964,19.284,-28.62,-54.251,18.004,0.0,512.545,-2.827,7.761,9.248,2018.51,0.0731,6.674,0,0,0,0
4655,5,-18.258,-22.365,63.633,-15.938,0.0719,385.235,2.948,17.224,-7.028,1.67,0.0,304.272,29.845,39.473,37.042,3438.209,0.1553,38.396,0,1,0,0
1124,10,3.555,-31.973,-59.385,3.64,0.6144,11.358,-4.988,6.226,1.347,-7.755,0.0,5.075,5.642,47.039,15.367,6307.307,0.7164,41.357,0,0,1,0
4354,10,-5.797,19.264,-3.142,-7.026,0.1549,575.714,2.376,-4.132,29.39,3.193,0.0,297.9,-22.087,-84.325,-31.893,6304.789,0.2185,7.887,0,0,0,0
907,3,-2.836,25.322,9.03,-1.319,0.0,449.703,-14.518,-17.871,19.461,-14.372,0.0,229.579,-9.874,101.309,-5.525,3639.377,0.1489,1.617,0,0,0,0
4308,3,16.061,-17.486,21.35,19.107,0.0217,488.463,2.18,2.3,-8.309,3.548,0.0,323.852,1.539,-6.005,-0.372,1923.119,0.2038,33.028,0,0,0,0
1683,5,8.043,-0.046,-11.851,4.48,0.0783,230.681,-19.174,14.618,-36.563,-20.824,0.0846,600.946,-25.41,162.66,-42.858,1022.849,0.0125,7.897,0,0,0,0
3243,10,-9.238,-7.535,33.151,-14.288,0.066,890.809,-5.195,6.653,0.823,-6.695,0.0,400.834,13.323,70.442,24.18,2169.214,0.2264,13.579,0,0,0,0
1827,10,-10.156,14.554,4.589,-9.863,0.1239,588.607,-8.556,-11.768,9.209,-7.95,0.0926,162.951,24.537,193.104,27.398,4140.322,0.2907,26.828,0,0,0,0
3521,10,1.592,-27.751,-17.474,0.971,0.0503,510.375,22.274,-7.559,-49.276,24.694,0.0,230.006,0.099,-51.688,-2.604,3897.427,0.1856,20.976,1,0,0,0
2688,3,-18.476,-24.219,-40.031,-18.389,0.4646,193.901,-12.408,-65.118,-29.902,-10.183,0.3649,158.953,-28.269,-197.289,-27.769,2297.528,0.3904,51.467,1,0,0,1
2429,3,-27.935,-30.736,-45.051,-28.395,0.445,86.478,-10.336,5.241,9.58,-12.683,0.5389,163.2,-1.012,14.634,-5.504,717.678,0.8321,88.923,1,0,0,1
2990,3,16.859,-40.176,12.374,14.49,0.2186,269.445,19.426,-13.86,25.78,19.877,0.0584,298.804,1.235,21.011,-5.588,2701.674,0.2346,23.989,0,0,0,0
2127,5,4.856,2.06,5.376,5.589,0.0,407.025,-5.559,15.752,36.956,-8.488,0.0,376.769,76.642,102.841,72.572,4281.792,0.0668,3.726,0,0,0,0
2357,10,3.798,26.389,-27.392,1.897,0.0978,514.667,9.977,4.958,9.814,14.402,0.0884,252.795,111.32,-17.209,125.425,3761.397,0.0,14.33,0,0,0,0
1022,5,7.284,-4.289,6.069,6.283,0.1604,725.296,20.573,-2.474,-15.098,21.482,0.0,219.69,-28.058,130.258,-34.12,6380.473,0.1983,14.211,0,0,0,0
4749,10,14.275,-18.961,-46.718,10.791,0.0581,257.319,1.032,21.365,32.891,0.308,0.0563,248.438,-10.647,-178.75,-15.902,5283.637,0.0,0.0,0,0,0,0
442,3,-3.587,-0.654,-10.803,-5.793,0.0,236.378,-2.295,18.971,-55.57,0.32,0.0246,321.141,-7.953,32.535,-9.766,4907.432,0.1208,16.855,0,0,0,0
258,5,-13.37,-32.159,-42.118,-14.272,0.7524,16.916,-13.38,-46.336,-48.58,-13.588,0.1897,28.236,-69.29,15.174,-54.777,4262.832,0.7106,76.623,0,0,0,1
4008,3,-19.399,-31.893,-24.682,-23.905,0.2131,378.945,6.771,-25.529,-55.774,9.065,0.2532,157.55,-35.234,-1.683,-18.025,4593.804,0.7563,33.51,1,0,0,1
3005,10,25.876,12.133,-33.749,25.242,0.118,168.851,7.383,-39.327,26.177,9.995,0.1705,81.783,-14.066,78.128,-18.631,3589.869,0.1894,29.502,1,0,0,0
2005,3,-21.328,-15.523,-22.853,-22.671,0.1273,498.662,13.788,10.871,-20.461,11.97,0.1747,287.537,27.371,-139.848,27.215,1934.437,0.3754,13.001,0,0,0,0
876,3,-22.244,-56.647,-53.333,-19.869,0.238,367.008,-4.178,-3.996,-22.273,-0.401,0.0453,137.809,-29.326,-58.128,-31.402,4951.811,0.6417,71.623,1,0,0,1
1374,3,-26.533,-41.314,-57.028,-24.558,0.4897,431.604,-13.911,-29.368,-50.403,-14.708,0.327,103.851,2.961,-95.565,17.081,3080.766,0.7168,88.395,1,0,0,1
2724,3,-8.391,20.159,-88.082,-9.236,0.0901,209.351,3.061,-2.513,-9.276,1.564,0.0,179.086,50.469,30.83,58.392,3327.312,0.4057,15.443,0,0,0,0
2300,3,-12.285,-30.311,14.361,-13.539,0.0635,169.683,0.492,-20.384,-39.333,-1.7,0.1347,156.026,-22.197,-36.781,-17.055,3630.071,0.1084,16.064,0,0,0,0
1717,3,13.398,32.089,78.32,14.224,0.0,572.581,-7.908,-8.11,4.609,-8.138,0.292,277.622,-19.554,-16.672,-21.929,99.025,0.292,7.099,0,0,0,0
4209,5,13.005,-12.444,8.277,9.929,0.0896,20.144,23.496,11.642,-17.617,25.924,0.0,263.201,59.929,102.62,67.12,537.437,0.2501,3.415,0,0,0,0
4628,3,11.922,-10.011,46.693,11.374,0.0703,142.412,14.353,-13.854,-13.87,14.596,0.0369,162.715,-25.876,151.323,-26.393,6432.291,0.1352,25.043,0,0,1,0
22,3,-5.846,-1.082,-6.294,-8.739,0.0,242.24,-8.879,20.26,19.217,-9.786,0.1017,516.753,-5.999,-62.614,-2.586,2425.824,0.1181,13.11,0,0,0,0
1379,3,-12.746,-13.484,-49.245,-11.963,0.2744,351.344,-2.997,7.513,-12.487,0.029,0.0,171.906,23.271,-140.817,8.16,7748.37,0.42,77.559,0,1,0,0
1464,5,-47.803,-43.686,-20.226,-47.232,0.2463,675.121,3.825,0.548,21.834,4.188,0.132,274.543,48.416,157.69,58.554,2267.607,0.1935,12.464,0,0,0,0
501,10,-20.927,25.933,-10.424,-20.925,0.1225,310.551,-5.401,-8.767,-35.09,-5.082,0.0552,164.231,26.859,16.32,27.602,1366.718,0.3178,0.0,0,0,0,0
4059,3,3.602,41.928,-5.418,3.709,0.0285,746.991,-0.578,40.766,20.629,-3.669,0.0718,584.851,-10.973,-71.49,-12.335,1973.856,0.3872,7.898,0,0,0,0
2858,3,-20.131,-9.475,-23.259,-21.221,0.6954,183.14,-4.093,-27.311,-38.021,-0.692,0.4675,104.256,-30.932,-43.943,-34.071,1314.402,0.9047,64.842,1,1,0,1
882,5,7.062,20.096,-26.111,6.496,0.1029,669.369,0.825,11.133,28.303,2.165,0.0,318.675,-13.463,23.157,-5.657,1168.397,0.0,36.88,1,0,0,0
3988,3,-25.269,-15.095,-1.259,-22.553,0.2871,329.394,-5.772,-18.812,-42.044,-12.718,0.337,130.29,58.909,-88.984,68.51,4762.136,0.9684,38.781,1,0,0,1
3262,10,-7.42,-8.652,15.891,-7.023,0.1217,773.842,-6.887,-17.332,28.789,-4.373,0.2876,387.519,22.48,132.439,14.517,6858.855,0.2527,29.098,0,0,0,0
1838,3,13.144,9.269,-36.657,14.573,0.0306,582.68,-10.403,-23.849,-42.965,-8.175,0.0802,258.139,1.285,160.007,-10.881,3168.246,0.0,29.941,0,1,0,0
3419,3,-0.834,15.272,26.594,4.256,0.0029,841.054,-7.477,-6.032,14.402,-7.918,0.0542,472.977,-47.61,-124.825,-43.488,4945.896,0.1037,1.328,0,0,0,0
395,5,-16.298,-32.48,-5.974,-17.598,0.2058,210.743,-3.932,10.048,-43.195,-5.422,0.4648,47.171,-43.713,-31.486,-24.245,4436.341,0.7417,96.743,0,0,0,1
4411,3,-24.496,-43.012,-68.72,-22.765,0.67,218.406,-2.844,-15.609,-17.982,-9.185,0.2494,177.029,44.196,94.306,31.397,3303.085,0.8669,58.109,1,0,1,1
3444,10,-24.385,26.29,-13.752,-25.345,0.213,429.918,-25.682,21.479,-34.922,-27.646,0.0,501.427,-0.868,-29.629,-6.823,3310.074,0.5212,11.185,0,0,0,0
2371,5,11.787,-16.375,-54.617,13.497,0.0,160.903,-16.051,-16.629,-15.049,-17.644,0.0,121.443,38.574,40.872,43.275,1461.758,0.3318,21.689,0,0,0,0
3010,5,-14.92,-53.873,-74.794,-12.805,0.728,368.179,10.652,-6.158,-25.115,9.055,0.0923,178.179,32.96,-28.362,24.326,5413.58,0.2085,61.579,0,0,0,0
1150,5,-24.545,-59.881,-38.551,-25.327,0.5267,239.974,-18.079,-15.248,-40.093,-14.127,0.3593,243.358,10.068,-119.268,18.596,5155.912,0.9846,23.679,1,0,0,1
370,10,6.165,-14.129,-23.829,4.926,0.3416,209.967,11.782,-19.396,-17.24,9.866,0.0028,82.542,-4.099,-115.483,-15.432,2168.512,0.3268,44.071,0,0,0,0
2317,5,-14.763,-39.948,-51.775,-17.025,0.282,334.261,-4.822,-59.699,19.326,-4.865,0.0028,249.356,7.557,-68.852,0.663,4721.22,0.0686,2.34,0,0,0,0
3895,3,-7.374,37.823,6.245,-8.008,0.2011,712.253,-10.773,-5.611,8.649,-10.381,0.0934,302.734,45.51,-50.643,53.971,4438.389,0.2991,0.0,0,0,0,0
3580,5,-6.413,-20.784,-46.069,-4.915,0.0685,310.771,-10.099,-8.483,-13.382,-9.611,0.2152,17.924,-46.632,-161.599,-63.013,5337.959,0.1347,10.654,0,0,0,0
316,10,9.813,18.023,-14.072,11.029,0.0,239.491,-18.949,3.477,-8.144,-17.969,0.0283,223.951,-10.685,203.128,-11.235,1087.558,0.2463,21.048,0,0,0,0
106,10,-15.458,-50.147,-48.693,-16.333,0.4635,200.215,-15.337,-9.408,-37.257,-13.461,0.5081,58.027,-67.678,5.284,-71.086,610.521,0.5133,32.415,1,0,0,1
795,5,13.766,-29.202,-46.406,14.685,0.4351,345.237,0.462,-21.206,-1.499,-0.404,0.0465,364.93,47.684,-55.074,66.494,1320.066,0.4624,55.7,0,0,0,0
1433,5,-31.28,-54.671,-55.288,-31.492,0.7954,159.33,-15.802,-6.731,25.724,-13.918,0.4757,315.267,76.383,-154.479,96.299,3029.519,0.9385,46.498,1,0,0,1
96,10,-16.262,-57.899,-68.636,-18.255,0.4864,362.218,-18.197,-11.257,-22.756,-18.245,0.1446,68.437,-13.283,124.288,-28.301,273.427,0.6937,59.714,1,1,0,1
3112,10,-6.227,-32.433,-23.007,-6.388,0.1258,705.253,-1.029,5.809,4.717,-2.005,0.0574,427.52,12.497,-50.36,9.983,659.917,0.1874,16.259,0,0,0,0
3703,3,9.517,12.515,2.584,11.054,0.0,577.793,-3.986,-1.833,0.94,0.223,0.1287,248.3,3.344,-74.247,12.138,8269.15,0.312,0.0,0,0,0,0
4885,3,-26.489,-22.994,-34.318,-26.808,0.4264,59.446,-11.843,-18.606,-35.122,-15.182,0.5905,16.348,18.193,121.999,13.334,5777.133,0.5197,90.263,1,0,0,1
1576,3,16.183,23.263,26.063,12.398,0.0622,529.002,-2.201,-1.728,-3.763,-2.489,0.0,138.257,50.908,-166.539,49.557,6702.051,0.0425,2.821,0,1,0,0
4763,3,12.661,27.86,54.66,13.801,0.1559,433.433,-2.121,-0.486,47.898,-1.382,0.0,409.863,-81.196,3.659,-91.423,1851.804,0.3928,20.94,0,0,0,0
4297,10,7.902,36.539,-39.553,8.887,0.0,508.32,23.295,26.427,-3.563,25.588,0.0,263.39,44.611,-38.637,39.689,3130.586,0.1856,37.086,0,0,0,0
2536,5,-20.598,-46.392,-14.922,-21.985,0.5266,221.469,-5.061,-16.418,24.041,-3.962,0.2649,327.897,2.576,93.673,-25.487,1752.09,0.5459,66.959,1,1,0,1
1711,5,-4.987,-19.128,-35.684,-3.756,0.3163,294.089,-19.577,15.332,23.249,-19.69,0.0257,204.595,92.702,88.348,95.698,4849.928,0.3333,42.928,0,0,0,0
2376,10,-26.623,-40.612,-8.551,-28.935,0.4713,616.537,-8.441,18.513,-24.306,-8.956,0.4141,76.745,-24.137,-86.978,-17.649,855.105,0.8002,50.896,0,0,0,1
1567,3,-10.759,-21.194,-28.976,-10.291,0.0188,425.043,16.027,-36.001,-12.965,15.359,0.0875,46.041,-14.652,-88.565,-14.33,1146.773,0.0,13.574,0,0,0,0
398,5,-11.261,32.565,82.673,-11.419,0.012,453.603,6.514,34.863,-33.469,7.278,0.0406,279.552,18.155,-55.762,13.95,1354.589,0.0509,7.227,0,0,0,0
3983,5,22.558,29.139,41.157,23.365,0.0,740.925,-15.819,7.882,-30.266,-15.519,0.1234,239.85,-0.407,80.502,5.96,4007.804,0.3262,43.195,0,0,0,0
3388,3,-6.19,-13.262,-15.232,-6.422,0.2001,230.794,-3.655,16.609,-28.965,-3.524,0.0938,163.196,40.189,-98.538,44.647,5417.275,0.2413,4.174,0,0,0,0
2909,10,1.696,-16.025,-34.257,1.149,0.2471,263.898,-5.746,35.341,44.54,-6.206,0.0,535.723,34.045,128.138,51.79,3771.726,0.4365,31.141,1,0,0,0
2069,5,-26.157,-33.403,-52.308,-24.871,0.6054,111.827,-17.952,-35.614,-14.527,-20.276,0.1335,166.116,-52.182,79.841,-54.751,5807.782,0.7784,77.972,0,0,1,1
3901,3,-16.944,-30.909,-30.566,-16.712,0.5087,15.68,-1.271,-9.544,-29.297,-3.275,0.3282,234.485,-6.736,94.578,-4.544,3705.4,0.8021,55.907,0,1,0,1
3396,10,-5.624,-30.242,-58.292,-5.641,0.7083,158.587,-8.093,-29.936,-27.2,-8.483,0.0,205.557,-57.121,-114.712,-70.825,2979.388,0.9065,57.091,1,1,0,1
1899,10,-21.818,-54.495,-86.401,-19.936,0.5841,133.536,-20.953,-15.318,-16.812,-15.691,0.2284,55.516,74.807,-101.983,71.568,3164.399,0.6474,62.573,0,0,1,1
1266,10,-9.175,-52.149,-77.655,-12.454,0.4732,258.613,-9.708,-25.091,-7.948,-8.727,0.554,107.508,-37.078,-39.337,-25.59,974.87,0.7185,58.784,1,0,1,1
3343,3,14.801,-2.725,-32.641,15.868,0.2052,555.594,-1.323,-2.908,46.564,-3.163,0.0607,122.269,-19.248,-12.343,-8.235,0.703,0.4165,27.006,0,0,0,0
2400,10,-5.046,-0.462,-9.803,-4.302,0.0,343.265,-13.881,-19.283,-39.089,-14.182,0.0319,411.185,-47.989,15.669,-49.727,1275.442,0.1603,21.324,0,0,0,0
134,3,3.251,-32.485,17.012,-0.715,0.0,529.341,-0.659,1.457,-24.183,-1.352,0.1466,199.678,17.009,9.747,15.036,2886.352,0.1098,30.28,0,0,0,0
4627,10,29.06,-32.009,7.066,28.192,0.0,519.615,-17.987,-8.416,11.168,-20.003,0.0236,355.29,41.009,155.108,36.233,2684.731,0.2093,21.424,0,0,0,0
2978,5,-0.206,-25.213,-28.73,3.865,0.228,183.061,0.832,-60.897,10.353,0.201,0.0306,312.765,-24.756,42.689,-25.157,781.176,0.3913,37.024,1,1,0,0
4291,10,-0.761,-23.319,-11.576,-2.027,0.296,610.437,-0.878,-29.027,-4.641,-0.451,0.0304,90.767,62.801,-153.073,59.446,1394.155,0.5136,43.939,0,0,0,0
4452,5,19.591,18.373,-54.491,20.996,0.0,379.349,18.596,27.348,1.999,19.333,0.0338,424.13,24.167,311.394,29.147,4866.914,0.1127,29.963,0,0,0,0
2024,3,5.99,-6.236,8.823,7.472,0.1029,299.116,1.037,-3.154,9.893,1.758,0.0262,380.348,-11.946,-51.703,-7.92,2267.191,0.1183,4.874,0,0,0,0
4926,5,-16.144,-37.582,60.683,-14.804,0.0441,223.703,13.042,16.535,-30.906,12.276,0.0751,153.152,31.505,19.969,22.184,3262.094,0.3477,6.641,0,0,0,0
3698,3,15.186,-36.761,34.266,15.857,0.0527,461.88,6.928,47.056,22.104,5.504,0.0388,85.099,17.919,-75.389,6.19,5154.97,0.3348,9.536,0,0,0,0
360,10,19.171,-3.971,15.882,21.223,0.0,536.974,-9.182,45.843,-1.194,-10.557,0.227,303.066,17.151,59.977,20.371,5271.628,0.2445,12.942,0,0,0,0
3868,10,4.066,14.49,1.909,4.392,0.0,298.74,-5.309,-12.125,-19.503,-2.432,0.0331,419.892,53.688,93.502,58.75,5614.037,0.3555,14.549,0,0,0,0
3971,3,-17.073,-36.316,-46.685,-19.964,0.4217,240.99,-14.467,-15.856,-16.295,-15.928,0.3674,93.346,16.493,-161.486,2.573,7171.507,0.787,87.744,1,0,0,1
2603,10,5.216,-24.15,1.24,5.344,0.2743,435.805,-7.175,-22.053,-21.975,-6.919,0.0,344.841,-59.782,217.328,-45.162,967.551,0.1731,12.852,1,0,0,0
327,3,-7.309,30.0,23.53,-5.202,0.069,500.14,-3.815,25.496,10.131,-3.753,0.0274,391.293,-12.686,131.215,-8.975,6450.093,0.2011,39.637,0,0,0,0
3964,10,-12.734,-42.458,-58.315,-8.607,0.5679,104.456,-17.281,-30.075,-2.476,-15.996,0.0,57.053,-21.523,-191.266,-24.371,945.311,0.9147,73.27,0,0,0,1
666,5,16.706,36.113,7.675,17.123,0.1849,530.851,2.086,3.57,41.724,1.458,0.0,351.15,-28.711,-19.427,-33.736,2568.175,0.4582,1.375,0,0,0,0
2479,5,6.297,-4.942,-51.98,8.3,0.1229,260.223,-12.94,6.209,1.008,-11.385,0.006,29.049,-29.943,-160.617,-30.197,7192.682,0.214,0.0,0,0,0,0
1425,3,-14.605,-25.332,-0.251,-18.474,0.0,231.016,3.519,-7.703,-3.55,4.448,0.0334,5.532,-3.906,-73.385,0.665,4381.216,0.0811,0.0,0,0,0,0
2842,10,-8.111,-39.796,-17.108,-9.773,0.0929,125.885,35.54,26.617,11.521,35.068,0.0,548.305,13.582,20.507,7.484,1634.811,0.0,35.845,1,0,0,0
2998,10,2.392,28.63,34.289,1.214,0.1744,515.891,6.012,9.002,-31.281,3.66,0.0609,339.226,43.261,54.868,40.533,1017.456,0.4573,28.095,0,0,0,0
1280,10,-26.836,-53.824,-21.46,-23.66,0.2891,116.089,-17.006,-16.459,-29.817,-16.073,0.3327,52.641,18.17,-296.128,19.395,771.015,0.6959,50.897,1,0,0,1
4174,5,-4.318,-34.729,-37.551,-3.071,0.1821,179.517,-8.615,45.098,26.231,-4.683,0.1181,362.618,-3.643,67.924,-1.254,2959.911,0.465,10.226,0,0,0,0
1000,5,-18.329,-0.234,-1.947,-18.3,0.0026,212.853,3.858,-16.377,22.176,-0.217,0.0735,342.447,0.275,48.744,9.324,4075.198,0.1096,13.679,0,0,0,0
1076,5,-7.298,-50.462,-39.058,-5.764,0.6496,179.077,-18.927,-20.738,-36.238,-19.296,0.057,315.804,-70.364,89.727,-69.871,4250.038,0.6928,63.064,1,1,0,1
2833,3,1.702,30.845,10.358,0.186,0.0,713.101,-26.972,5.156,-28.493,-24.153,0.121,366.032,29.113,52.895,24.556,3796.321,0.0,18.407,0,0,0,0
2798,10,-11.158,11.748,88.392,-8.085,0.068,737.239,24.402,22.631,19.418,27.295,0.1642,282.307,-24.035,-94.115,-40.493,1167.458,0.0973,28.288,0,0,0,0
2509,3,-13.627,8.842,-28.136,-13.095,0.0636,152.888,-6.632,-48.74,49.187,-8.445,0.1175,338.59,-0.598,84.08,1.164,5176.684,0.2873,11.914,0,0,0,0
704,10,-18.187,42.919,-13.878,-17.48,0.163,487.488,-8.96,-32.251,13.376,-9.749,0.0469,165.681,-28.368,-3.127,-38.512,4290.928,0.4064,20.373,0,1,0,0
4270,10,27.251,7.052,3.067,26.677,0.0,432.93,-4.106,3.181,4.625,-7.002,0.0,325.345,41.167,42.551,55.376,465.844,0.048,15.914,0,0,0,0
2793,3,5.835,43.54,37.427,4.572,0.084,75.127,-14.648,-7.676,46.666,-14.762,0.1605,333.376,32.845,87.979,29.16,3484.986,0.3207,28.919,0,0,0,0
3861,10,22.04,43.142,-9.485,21.931,0.0,460.455,9.461,-35.913,-21.002,8.323,0.0,152.516,-47.268,-182.293,-65.733,4371.381,0.3642,11.048,0,0,0,0
378,3,31.44,20.985,1.169,34.341,0.0262,11.135,-10.247,-15.921,-7.439,-11.657,0.0756,608.607,7.318,-174.299,14.329,2874.805,0.0407,7.897,0,0,0,0
4309,10,19.624,23.131,-33.502,20.983,0.1433,579.22,15.668,1.257,-23.764,18.232,0.157,229.039,-3.883,-18.707,-14.027,6298.081,0.3002,9.926,0,0,0,0
3453,5,-8.689,-39.566,-34.405,-5.05,0.1402,365.987,-0.682,0.899,-9.464,0.474,0.0,214.03,20.517,-9.836,16.133,2938.168,0.1822,38.74,0,0,0,0
3561,10,-18.157,-63.034,-33.13,-17.102,0.6087,6.302,-8.498,-7.99,-24.89,-11.339,0.1111,294.63,-2.396,133.031,15.579,820.114,0.9707,64.957,0,0,0,1
3992,5,-17.896,-4.569,-56.666,-16.992,0.6045,211.667,-8.076,-16.601,-10.841,-7.123,0.5839,156.378,104.014,-40.657,107.974,6815.178,0.6223,85.464,1,1,0,1
3715,5,-44.548,-35.861,-17.675,-45.131,0.8017,227.012,-4.697,-8.068,-24.743,-3.172,0.3064,114.007,-48.932,92.828,-47.546,974.188,0.7124,38.579,1,0,0,1
3423,3,-5.287,-56.867,-100.0,-3.41,0.5432,197.511,-12.081,14.157,-48.329,-14.792,0.3618,124.782,57.301,-100.235,55.894,3105.438,0.8623,79.172,1,0,1,1
3069,10,-6.254,12.215,-2.897,-6.799,0.0271,176.909,-15.439,38.878,-12.545,-14.119,0.0449,204.817,66.076,66.013,69.632,994.517,0.2895,0.0,0,0,0,0
8,5,-2.477,-56.058,-32.719,-3.001,0.2774,112.297,5.379,-10.862,-17.975,8.099,0.1856,186.779,39.405,-212.507,34.193,569.243,0.6034,48.371,1,0,0,1
3991,10,-8.588,-36.403,-31.835,-11.071,0.5382,333.595,-8.953,-8.346,0.322,-8.634,0.0,156.294,45.786,29.4,34.488,2146.431,0.8468,59.98,1,0,0,1
526,10,-6.128,-0.938,-11.256,-5.752,0.0234,572.421,-19.74,12.773,4.474,-23.903,0.0021,126.729,-8.775,51.385,-2.732,2593.577,0.0,0.0,1,0,0,0
4476,3,-2.836,32.393,14.211,-4.561,0.0064,290.4,9.529,-14.825,69.155,7.481,0.0925,418.277,-1.912,10.576,2.284,1007.588,0.2768,31.928,1,0,0,0
3948,3,-26.533,-65.721,-35.507,-27.804,0.5182,209.348,-5.845,-2.489,-45.587,-4.091,0.4991,170.066,-16.006,-36.559,-15.79,697.946,0.6915,98.768,0,0,0,1
1209,10,1.416,-22.0,-46.586,1.704,0.4759,206.657,-13.717,-30.815,-19.685,-13.387,0.0336,6.616,26.129,-101.351,17.891,1121.14,0.9825,74.752,0,1,0,1
3336,10,-22.951,-42.53,-88.033,-23.559,0.5811,220.629,-6.15,-13.999,-19.913,-5.986,0.1885,280.949,9.001,-154.813,10.472,5305.377,1.0,54.516,1,0,0,1
454,10,-24.459,-54.67,-49.129,-24.467,0.8821,271.959,-21.599,-27.198,-38.211,-23.319,0.2112,73.087,-122.121,-138.829,-120.348,3958.413,0.8803,65.454,0,0,0,1
768,3,-8.376,10.149,1.685,-8.662,0.1027,379.32,-14.312,-2.044,-62.125,-16.007,0.0,512.474,5.259,-222.332,1.139,1814.457,0.2336,13.864,0,0,0,0
2126,5,6.15,-24.037,-0.554,0.088,0.0177,109.701,-0.26,23.621,-60.09,0.082,0.0,328.133,-45.48,137.886,-43.547,3575.34,0.0644,8.632,0,0,0,0
2249,3,-8.462,-10.264,-58.295,-9.998,0.0198,617.514,2.276,-25.48,32.418,1.113,0.0683,389.331,18.705,205.41,19.204,1117.228,0.0317,1.016,0,0,0,0
1664,3,1.639,-1.008,-10.693,3.082,0.1111,36.792,-9.227,-5.394,53.87,-6.556,0.0,361.12,18.22,-57.622,14.887,1020.2,0.0624,14.105,0,0,0,0
538,10,-9.638,-12.179,32.831,-10.037,0.171,479.879,-2.1,-17.986,-15.502,0.498,0.0,208.051,80.304,-148.049,92.416,7042.354,0.2948,60.911,0,0,0,0
3059,3,-20.07,-11.176,-60.048,-17.707,0.6527,233.573,4.389,-32.207,-25.535,2.884,0.6154,87.8,-5.62,41.32,-3.076,2482.038,0.6925,93.755,0,0,0,1
2673,10,-17.159,7.63,-31.637,-18.736,0.0,279.689,11.476,-2.177,16.827,10.61,0.164,254.268,-35.815,-130.861,-39.251,1199.489,0.1037,31.885,0,0,0,0
3667,10,-16.142,16.05,-11.29,-16.398,0.0568,65.667,-13.647,-8.026,-29.013,-15.675,0.1644,559.16,-45.202,65.953,-47.37,3437.731,0.243,23.255,0,1,0,0
3889,5,-0.546,-24.839,-36.652,0.221,0.0,402.581,10.34,-28.335,-20.476,11.171,0.0914,258.285,10.01,-155.316,6.057,1286.885,0.1292,15.919,0,0,0,0
2350,10,2.139,0.519,-5.385,3.925,0.182,284.875,2.841,24.306,-11.593,3.055,0.0738,469.423,37.763,-33.627,48.505,2683.609,0.2364,9.348,1,0,0,0
2097,3,6.385,-41.178,3.629,5.658,0.118,155.563,6.056,-15.166,-1.831,4.829,0.1574,471.33,-38.738,-8.627,-45.047,2351.812,0.1966,4.093,0,1,0,0
1895,10,-12.283,-4.816,75.911,-13.136,0.0477,334.97,-27.027,32.66,-24.047,-25.097,0.0,397.364,28.905,15.837,16.759,2490.628,0.1728,23.712,0,0,0,0
3403,3,-14.043,0.661,58.505,-10.733,0.0,226.244,14.368,-5.507,34.391,15.561,0.1828,383.478,3.945,-162.296,10.024,1633.979,0.2347,0.0,0,0,0,0
1188,10,-16.964,-41.061,-2.509,-19.751,0.2686,174.435,-11.132,-27.732,-25.441,-12.017,0.3193,50.567,90.398,62.846,89.283,4823.058,0.7539,31.346,1,0,0,1
3652,5,-11.621,-33.945,-39.598,-10.556,0.5767,290.318,-11.069,1.157,-19.07,-8.692,0.1728,223.152,-107.907,-97.51,-94.814,529.474,0.38,87.488,1,0,0,1
2180,5,-3.447,-16.4,43.811,-4.381,0.0911,271.64,24.034,13.953,-19.812,23.836,0.1542,237.429,9.625,13.821,12.22,5433.252,0.0,7.534,0,0,0,0
4980,10,-19.457,-18.723,-49.234,-18.776,0.8926,233.812,-1.984,-29.231,-39.0,-3.183,0.3875,157.972,0.607,-205.966,2.907,1211.5,0.9562,82.493,0,0,0,1
5,5,-14.985,-58.081,-73.47,-14.931,0.546,177.02,1.287,-3.365,-12.108,1.882,0.0,197.672,-24.055,48.522,-21.532,5021.009,0.7529,77.793,1,1,0,1
27,5,28.458,-25.152,33.444,27.154,0.0,50.073,8.615,-0.333,25.351,8.132,0.0369,224.021,33.343,19.871,26.211,1035.108,0.0145,13.504,0,0,0,0
2369,10,-9.196,27.532,-1.417,-6.536,0.0299,358.706,-14.903,-3.671,-50.648,-14.127,0.1602,265.726,3.692,-78.731,-3.68,4012.099,0.138,31.884,0,0,0,0
2093,10,-16.276,-49.819,-44.58,-13.489,0.3154,127.149,-6.007,-17.153,-8.411,-4.411,0.194,186.278,-21.886,-138.719,-18.451,2669.652,0.6793,85.095,1,0,1,1
1945,10,-27.071,-46.58,-18.375,-27.778,0.4833,15.665,-13.126,-29.203,-43.666,-17.709,0.1463,175.367,20.123,-12.141,24.486,4269.14,0.8915,29.576,0,0,1,1
307,3,-21.355,46.879,-4.103,-20.777,0.0862,306.541,3.097,-26.802,-0.187,3.133,0.0,252.065,-23.592,-22.104,-27.914,4225.649,0.1577,43.941,0,0,0,0
1677,5,1.033,-2.625,32.682,-1.588,0.0379,438.985,2.325,-33.345,-9.242,1.503,0.0962,206.639,24.002,77.916,26.388,3364.795,0.1151,15.94,0,0,0,0
1421,10,-18.274,-26.339,-41.109,-17.888,0.6506,254.204,-7.067,5.592,-46.487,-7.803,0.4403,217.136,-37.592,-135.901,-48.699,965.198,0.9916,93.192,1,0,0,1
2738,10,-11.912,-40.185,-56.28,-9.608,0.8431,514.164,9.248,-19.136,1.134,11.816,0.3299,55.393,14.253,53.237,17.333,802.63,1.0,48.31,0,0,0,1
4147,5,-16.841,-7.25,-5.216,-16.837,0.1948,345.847,1.128,-7.068,-27.121,0.662,0.1981,147.182,30.928,13.996,35.185,4794.437,0.0,37.179,0,0,0,0
1059,3,-13.69,-32.403,-30.199,-14.886,0.1853,368.627,6.103,-14.433,16.189,3.911,0.0358,460.842,22.517,-27.976,23.429,6001.268,0.0632,32.034,0,1,0,0
158,5,-2.296,-33.641,6.718,-2.363,0.143,207.523,-20.644,1.281,-45.132,-18.632,0.1063,465.744,14.441,-53.239,3.534,4938.607,0.2604,11.972,0,0,0,0
2697,10,-12.021,-7.313,-28.277,-7.983,0.1495,638.665,3.493,-21.757,35.803,2.274,0.0,496.955,13.865,-38.532,9.568,2119.372,0.1506,34.83,0,0,0,0
2818,10,1.22,-28.863,-22.843,2.439,0.0566,491.586,9.762,-27.752,6.776,11.49,0.1546,408.926,-2.778,123.625,-0.899,4023.48,0.2064,34.808,0,0,0,0
3344,5,-2.798,32.87,-14.496,-4.487,0.0,329.022,-7.582,29.445,60.728,-3.592,0.0,160.817,-31.793,-85.025,-32.689,3809.775,0.0,9.802,0,0,0,0
1376,5,-33.114,-40.565,-11.391,-31.832,0.5926,192.343,-6.772,-19.244,6.42,-3.359,0.2363,248.16,-2.808,-15.303,-4.081,2220.967,0.5954,66.781,1,1,0,1
607,3,-12.763,-48.349,-54.248,-14.356,0.3248,151.343,-15.149,-17.168,-19.679,-14.393,0.1849,21.31,14.108,24.096,4.158,4054.496,0.542,52.371,1,0,0,1
1796,3,-10.489,27.019,32.63,-10.092,0.1378,373.832,5.45,-25.736,19.551,6.209,0.1325,410.29,-49.04,20.652,-54.462,107.94,0.182,14.237,0,0,0,0
3779,5,-2.305,-1.515,26.325,-1.412,0.0223,151.2,-8.667,14.176,-13.446,-9.129,0.1355,125.679,-21.849,-186.6,-15.708,543.45,0.098,21.704,0,0,0,0
1661,10,1.143,-9.971,18.072,2.598,0.1371,75.852,7.274,-23.105,-35.995,3.708,0.1048,464.151,15.505,1.132,11.851,2531.194,0.0906,0.0,0,0,0,0
3468,3,-12.141,-31.743,-54.845,-10.634,0.4615,248.604,-10.735,-1.558,-27.168,-14.414,0.1161,135.387,-89.424,82.673,-92.432,3321.17,0.5402,53.412,1,0,0,1
225,10,-5.206,-25.691,37.983,-3.511,0.2007,605.05,5.564,24.51,22.598,3.485,0.0,426.63,40.181,-84.044,46.163,2416.968,0.0506,4.705,1,1,0,0
973,3,-19.697,-42.391,-32.427,-20.807,0.2889,3.015,-8.844,-24.981,-15.17,-10.455,0.3046,102.164,-69.11,-253.642,-80.544,283.274,0.9074,84.002,1,0,0,1
3520,10,-1.405,-26.308,6.513,1.244,0.0061,444.639,-6.261,8.849,1.824,-7.013,0.1018,451.176,44.318,24.71,58.53,277.517,0.4088,0.698,0,0,0,0
2739,10,-4.491,20.899,13.467,-4.184,0.0869,246.82,-10.929,-39.224,-20.99,-10.479,0.0185,165.52,81.922,-25.612,89.072,4826.024,0.0,24.524,1,0,0,0
1761,10,5.043,-26.652,62.895,5.545,0.1691,351.252,20.354,0.833,-44.603,21.722,0.0,275.113,-9.259,-57.456,0.264,3408.387,0.3891,0.915,0,0,0,0
3534,3,0.249,39.759,82.615,-1.098,0.2441,316.647,-7.674,-9.217,10.817,-8.45,0.1826,149.576,81.269,-6.078,80.978,2611.367,0.0774,11.359,0,0,0,0
289,3,-14.282,-31.666,-33.25,-15.751,0.9254,476.45,-6.03,-11.827,-5.281,-8.117,0.2873,87.155,-53.888,-115.308,-63.827,758.634,0.6003,100.0,1,0,0,1
428,3,1.171,6.062,-97.442,1.112,0.094,505.526,0.168,38.468,-4.218,0.342,0.0976,310.165,22.235,-50.018,23.146,5144.01,0.1305,19.256,0,0,0,0
1675,10,-4.694,20.872,-22.291,-7.778,0.0095,224.218,2.541,-8.772,-12.306,3.573,0.0,171.666,-48.778,-69.537,-43.68,3816.508,0.1514,0.0,0,0,0,0
4263,3,11.797,7.773,7.222,14.344,0.0573,321.434,13.707,-9.976,-44.432,13.555,0.017,128.356,-4.147,86.097,-11.81,4510.706,0.2546,44.159,1,0,0,0
4646,10,5.163,-33.935,43.736,4.995,0.1151,390.676,7.882,16.584,29.039,8.127,0.1253,351.382,-42.13,-80.504,-41.43,5052.552,0.2246,32.227,0,0,0,0
2687,5,37.724,-12.286,25.749,40.454,0.1501,229.455,4.634,-26.283,53.475,4.636,0.0,405.387,-28.662,-47.356,-20.493,905.39,0.1304,8.952,0,0,0,0
3549,10,-25.861,-20.162,-11.863,-25.067,0.1497,236.776,-8.812,-21.807,-16.015,-10.363,0.0789,406.163,-40.271,10.299,-37.007,841.709,0.2501,6.484,0,0,0,0
4515,10,-16.526,1.332,8.438,-17.942,0.114,583.979,21.051,31.388,-12.122,22.808,0.0,563.996,-52.153,57.651,-54.712,8550.164,0.0774,40.333,0,0,0,0
4117,3,-12.857,15.873,42.188,-12.225,0.0655,113.865,3.624,31.794,-11.927,-0.394,0.006,372.868,-29.671,110.234,-31.804,3367.407,0.0,0.884,0,0,0,0
4817,3,-13.673,-38.56,-21.047,-12.018,0.5346,202.455,-5.185,12.777,2.864,-6.6,0.13,38.473,-0.37,-32.958,14.789,3628.144,0.8031,59.907,1,1,1,1
4255,10,-7.652,30.462,42.436,-8.571,0.0695,103.519,4.516,19.304,-52.287,4.966,0.0594,116.023,-58.069,114.025,-52.98,2659.358,0.1486,27.813,0,0,1,0
3350,3,3.786,-3.688,-28.88,3.712,0.0,575.626,11.778,1.47,52.943,10.496,0.1571,550.779,100.144,72.76,91.275,3445.686,0.4671,5.637,0,0,0,0
2068,5,-21.785,-52.404,-90.985,-18.063,0.5588,52.823,-14.542,-14.587,-32.399,-15.791,0.4545,375.402,-86.411,21.897,-85.287,1203.028,0.5924,80.624,1,0,0,1
3773,10,-8.653,-28.955,-30.116,-8.556,0.0,281.905,2.684,18.108,-25.346,6.022,0.0811,70.919,21.209,5.352,28.466,4475.934,0.3151,13.126,0,0,0,0
4342,5,-2.725,-20.514,45.281,-3.578,0.0541,241.502,13.842,-0.804,23.504,15.901,0.0859,190.512,53.285,12.931,52.902,3333.722,0.4,23.777,0,0,0,0
3646,3,-4.726,12.319,-78.086,-2.44,0.0,459.447,-11.071,33.894,-5.514,-14.454,0.0846,138.37,7.348,-93.123,-6.775,1549.808,0.2657,8.485,0,0,0,0
175,3,3.341,-32.924,-42.909,2.478,0.8471,246.929,-4.117,-31.887,-12.044,-4.042,0.1867,254.958,14.371,167.248,20.648,2276.849,0.7528,100.0,1,0,0,1
1477,5,-40.468,15.549,-71.937,-38.033,0.7316,282.297,-8.44,-5.146,-40.242,-7.497,0.2299,72.394,-29.901,-6.088,-20.479,1237.939,0.7085,70.313,0,0,0,1
2324,5,-5.549,-58.077,-91.386,-6.41,0.7571,233.415,7.053,-6.798,-14.277,2.806,0.4079,152.534,3.086,-1.14,6.27,1772.485,0.3588,52.381,0,0,1,1
4169,3,-12.843,-3.252,-4.97,-12.569,0.0,471.539,-0.524,19.243,5.836,2.659,0.0,566.084,-23.939,-111.455,-17.011,1347.097,0.2149,1.469,0,0,0,0
3616,10,-2.51,16.256,22.916,-0.664,0.0831,516.656,2.672,-8.436,-22.754,2.449,0.0303,309.383,13.747,-84.403,-4.902,2715.499,0.1825,35.409,0,0,0,0
4743,3,12.369,60.06,48.143,11.33,0.043,551.627,-13.656,1.589,-8.937,-16.822,0.0476,364.607,74.147,64.337,71.464,8637.026,0.1391,3.417,1,0,0,0
2433,3,22.893,-26.68,-45.636,19.47,0.0029,444.25,-4.177,8.451,-23.831,-4.984,0.0598,255.494,-26.247,-27.025,-20.956,5634.315,0.2374,17.475,0,0,0,0
2823,3,21.0,-9.265,32.414,19.527,0.0,249.274,11.465,0.049,21.734,8.616,0.0,294.733,30.354,-93.807,27.489,645.937,0.1725,27.101,0,0,0,0
2035,5,9.137,-21.333,-21.43,8.593,0.0437,272.432,-11.918,13.436,54.743,-10.183,0.0475,294.804,48.519,22.182,43.454,5130.449,0.0891,6.025,0,0,0,0
4909,5,7.102,39.229,82.184,9.24,0.0753,282.69,-1.055,10.916,49.55,1.105,0.0735,248.32,35.616,-22.124,29.901,1507.019,0.2044,19.644,1,0,0,0
3365,10,-14.244,-21.705,18.25,-12.974,0.0927,248.66,18.697,10.289,8.157,17.091,0.0,236.128,-0.073,71.034,-0.679,3318.918,0.3286,3.279,1,0,0,0
3280,3,3.375,20.157,-8.901,2.143,0.1367,305.838,8.818,-29.241,-25.672,7.88,0.2123,288.594,18.56,-30.412,8.266,2184.212,0.3125,20.044,0,0,0,0
1317,10,-2.527,17.134,30.842,-2.255,0.0,126.724,-6.522,15.939,40.255,-4.61,0.1472,232.335,88.332,-134.891,107.002,1763.788,0.3707,0.0,0,0,0,0
3734,3,-15.149,-22.428,75.109,-15.164,0.1804,393.518,11.039,4.903,-14.19,10.694,0.1164,167.69,-4.933,247.524,-3.677,76.128,0.1917,9.47,0,0,0,0
4082,5,-7.854,-14.668,-57.6,-7.568,0.0459,645.669,14.916,-3.68,21.633,16.833,0.082,355.328,-29.279,80.191,-23.588,5308.336,0.102,51.558,0,0,0,0
4956,5,-15.146,-8.098,-12.991,-13.839,0.8097,144.511,0.109,-12.266,-8.044,-2.837,0.1607,18.915,-71.225,-49.359,-63.766,6846.497,0.402,42.837,0,0,0,1
4837,5,3.51,-22.787,8.498,0.837,0.0498,424.187,-5.186,-6.464,13.542,-5.815,0.0239,60.606,17.753,28.763,19.194,5365.038,0.0846,0.0,1,0,0,0
3980,5,16.927,-41.083,-52.568,17.181,0.0202,682.461,1.715,44.361,-6.193,2.638,0.0,471.152,-35.986,41.748,-49.61,983.421,0.1404,21.213,0,0,0,0
4849,3,8.529,-6.461,-37.12,11.313,0.076,164.246,-3.956,-33.393,-22.123,-9.37,0.0,166.046,-13.576,-6.803,-12.883,3870.327,0.0277,0.0,0,0,0,0
4798,5,11.86,-28.237,0.363,14.148,0.1293,406.601,19.938,-29.053,15.72,21.08,0.102,337.918,2.387,79.696,-5.559,3468.43,0.143,4.53,0,0,0,0
1591,3,24.492,-35.993,10.699,25.268,0.0,463.064,-0.277,8.41,43.122,2.866,0.0,506.491,-17.656,33.618,-24.888,5755.528,0.2056,0.0,1,0,0,0
965,5,16.402,-23.868,-11.61,14.336,0.0603,258.007,6.876,22.471,12.459,4.503,0.0289,191.28,23.89,-52.09,17.047,718.916,0.3185,24.374,0,0,0,0
2467,5,-9.133,-7.583,30.32,-12.241,0.2369,290.255,-0.445,0.192,31.045,-0.243,0.0,381.989,42.09,-47.522,41.305,7660.531,0.1933,0.0,0,0,0,0
2626,10,1.929,13.848,-0.738,-0.845,0.0586,197.129,11.783,2.538,4.036,9.538,0.0,148.395,6.54,-49.292,0.552,2302.25,0.1545,0.977,0,0,0,0
123,5,0.262,-16.685,-28.151,1.598,0.0,147.565,13.964,-45.868,31.26,16.313,0.2122,276.878,87.547,-27.483,77.135,3292.402,0.1447,19.17,0,0,0,0
2890,10,5.552,22.125,5.396,6.043,0.0,684.356,-17.422,38.796,49.052,-17.39,0.1658,193.428,8.596,40.554,12.801,2513.973,0.3909,27.215,0,0,0,0
1551,3,1.24,6.945,31.029,-0.973,0.079,657.973,3.398,1.928,5.561,0.898,0.1076,391.497,-47.439,-52.031,-54.452,2352.294,0.0,5.822,0,0,0,0
4868,10,-1.996,-25.508,-23.399,-3.023,0.7747,676.101,-7.742,9.457,20.096,-10.477,0.1851,203.435,-38.981,-189.65,-44.397,4786.997,0.3569,40.839,0,0,0,0
352,5,-17.327,-9.749,32.165,-13.626,0.3137,279.035,9.291,-26.97,40.784,13.164,0.0515,37.757,4.475,2.985,-4.503,2414.838,0.2919,15.801,0,0,0,0
4144,10,-11.026,2.961,-16.679,-8.876,0.0,528.788,-7.519,-14.344,-43.822,-5.345,0.0534,436.899,-6.518,12.792,-20.47,1287.8,0.2895,13.82,0,0,0,0
4835,10,21.08,-6.883,57.1,22.74,0.0,19.459,18.861,-19.236,-18.632,18.828,0.0909,257.088,34.025,-118.279,31.575,3515.239,0.1515,27.881,0,0,0,0
292,5,-31.742,-31.755,-71.043,-32.632,0.5242,101.163,-5.806,-29.62,5.886,-7.693,0.5125,64.176,-26.735,-100.442,-27.356,1659.331,0.8093,58.283,1,1,0,1
3914,10,-16.318,-32.06,-36.767,-18.469,0.5108,484.141,-4.005,0.138,-74.459,-5.134,0.2009,293.127,16.579,29.708,20.317,2808.974,0.281,45.949,0,0,0,0
3207,10,27.129,-14.891,2.83,25.573,0.0499,322.662,14.116,-27.266,-11.196,15.142,0.0552,147.398,-28.685,-67.88,-22.552,2351.463,0.0,26.251,0,0,0,0
2251,10,27.426,-8.126,-51.603,24.044,0.3816,296.74,-0.622,10.192,-5.805,1.779,0.0,452.654,47.112,37.679,50.057,1371.807,0.3261,54.196,0,0,0,0
2323,10,8.494,-46.216,39.986,6.423,0.2297,556.423,13.092,29.208,3.957,12.669,0.1043,115.476,2.292,49.519,12.805,5359.586,0.0773,24.849,0,0,0,0
275,5,-13.705,-23.867,-49.979,-11.235,0.3775,42.613,-10.458,-20.629,-19.041,-11.066,0.2747,56.978,-7.508,-100.957,-18.611,2682.586,1.0,55.761,1,0,0,1
3448,5,-10.393,-0.924,22.873,-12.941,0.0,226.597,25.483,-27.583,-36.766,27.385,0.2,175.422,-7.868,33.328,-17.924,3025.874,0.0582,3.199,0,0,0,0
1218,3,-16.906,18.18,-19.534,-14.284,0.0,249.288,-12.274,3.881,28.623,-11.393,0.0,213.897,-32.258,86.793,-30.692,3352.435,0.17,20.881,0,0,0,0
839,5,-0.048,-37.997,24.763,-1.202,0.1726,204.084,4.376,15.768,38.61,4.916,0.0181,282.378,4.045,-114.832,-0.192,4863.705,0.0,0.0,0,0,0,0
232,3,-2.167,48.575,20.883,-1.275,0.0,337.153,6.774,31.755,-8.549,8.01,0.032,430.708,3.793,-24.506,-1.206,1450.34,0.4085,0.0,0,0,0,0
1452,10,-13.517,-34.526,-100.0,-10.486,0.7305,232.609,-6.529,-22.941,-11.409,-10.059,0.2102,205.644,-1.162,196.215,4.916,3038.396,0.6744,79.518,0,1,0,1
2775,3,7.625,44.425,-31.376,7.959,0.2982,627.805,-7.585,-16.743,-9.697,-5.856,0.0931,165.144,-12.802,-48.181,-23.201,1420.268,0.1555,0.0,0,0,0,0
4722,10,3.6,14.832,-17.795,1.915,0.0,29.146,16.163,3.498,-43.843,14.144,0.01,455.314,26.421,196.934,15.985,670.934,0.3894,14.117,0,0,0,0
4969,5,-3.697,16.017,21.111,-3.723,0.1632,409.524,-10.167,-8.793,-55.878,-4.619,0.0691,59.623,27.308,-44.638,30.977,2813.855,0.0859,31.96,0,0,0,0
68,10,-4.03,-49.038,-20.484,-2.863,0.1634,252.518,-15.233,-7.709,-65.874,-16.722,0.0,323.721,-3.379,68.89,-15.235,5971.134,0.4695,33.429,0,0,0,0
53,10,-7.723,11.668,47.868,-8.522,0.0204,237.752,2.058,-38.51,36.716,3.948,0.2278,174.636,-37.135,-16.081,-35.648,3019.722,0.1763,18.497,1,0,0,0
4149,10,-25.202,-51.353,-64.375,-24.424,0.9682,131.795,-1.335,-51.235,-32.492,-3.201,0.2143,204.308,29.867,89.698,31.378,913.752,0.7201,79.744,1,0,0,1
4061,5,-6.695,4.886,11.156,-9.159,0.0,200.138,-22.254,20.125,19.206,-21.378,0.0055,402.09,-29.377,13.944,-28.83,1205.132,0.2683,65.57,0,1,0,0
3627,5,7.172,25.806,6.483,9.061,0.0,71.996,0.338,11.258,-33.052,1.465,0.0,327.499,33.364,-95.74,35.267,7417.837,0.3487,0.0,0,0,0,0
3783,10,22.173,44.931,22.87,19.055,0.0446,383.802,10.739,23.69,-20.726,10.815,0.2214,126.506,-4.409,51.051,1.2,4515.661,0.2833,17.566,0,0,0,0
3340,3,5.149,-28.017,9.003,1.116,0.0565,461.586,6.747,1.675,-41.257,4.372,0.0172,221.692,6.585,39.893,4.512,7686.249,0.2327,38.518,1,0,0,0
3485,5,-11.696,-34.066,-57.607,-9.818,0.5544,69.021,-16.226,-29.052,-14.795,-17.602,0.3299,114.642,-44.056,-153.783,-31.883,289.459,0.5104,45.757,1,1,0,1
2166,3,21.367,-33.579,18.131,17.439,0.0,524.738,17.135,-29.178,-10.207,16.211,0.0,114.434,-12.644,-26.674,-6.937,5923.13,0.1265,35.146,1,0,0,0
4825,3,7.949,40.459,3.23,7.669,0.1589,311.23,0.606,-24.239,-19.892,-0.006,0.1448,342.308,1.615,38.12,-9.687,5089.998,0.2609,37.982,0,0,0,0
4827,5,7.154,-26.81,-50.938,5.569,0.7221,357.976,13.804,24.83,-35.809,10.462,0.2593,399.339,45.466,-79.447,39.948,5170.928,0.4284,16.192,0,0,0,0
2932,3,19.873,-40.841,-18.118,18.535,0.1705,194.625,2.759,22.324,13.32,3.001,0.1924,261.116,-35.749,81.569,-32.193,8582.079,0.3253,31.446,0,0,0,0
3209,10,-6.466,-42.852,-23.03,-9.842,0.0602,193.558,17.856,-1.198,-1.95,19.553,0.0862,229.212,-29.36,249.339,-27.073,6896.346,0.3281,31.869,0,0,0,0
10,5,-6.006,37.8,28.07,-8.196,0.2815,277.276,5.514,31.89,-4.927,5.956,0.0,293.193,-6.114,86.331,-12.516,3377.376,0.2889,14.547,0,0,0,0
4111,3,8.512,-7.078,-71.6,6.006,0.1204,597.292,6.221,40.134,54.318,5.558,0.1787,64.835,-37.221,95.18,-36.705,4539.526,0.103,20.998,0,0,0,0
3651,3,10.732,-4.049,59.984,10.586,0.1825,531.841,-8.199,-4.129,-16.538,-6.792,0.0279,170.439,-62.164,-8.803,-62.335,5410.044,0.0292,0.0,0,0,0,0
2495,5,5.801,-8.842,-46.859,3.637,0.1559,352.349,-9.612,8.073,-11.243,-6.891,0.089,389.203,-24.405,47.371,-39.198,3228.548,0.403,11.957,0,0,0,0
1760,5,-8.409,-5.494,-87.392,-8.453,0.514,353.541,-4.083,-19.576,2.884,-2.231,0.5648,251.053,-44.983,2.869,-43.905,1647.555,0.3652,43.81,0,0,0,1
361,5,-5.323,-41.127,48.149,-6.992,0.0852,471.025,-4.804,9.917,-11.771,-2.686,0.0446,147.669,-83.775,-79.533,-70.379,7867.269,0.0,9.863,0,0,0,0
1566,3,-25.03,34.418,-32.752,-27.511,0.0728,826.569,-12.638,-13.765,-25.403,-14.112,0.0,66.292,-47.197,-11.244,-53.747,6915.983,0.3434,11.701,0,0,0,0
3613,10,10.551,-39.382,-7.245,10.736,0.2004,565.578,-3.773,10.848,-16.059,-4.282,0.1933,98.677,-9.464,52.851,-0.82,3635.87,0.0,0.0,0,0,0,0
3751,3,18.394,-17.486,-5.953,18.29,0.0881,320.922,4.132,-22.802,-39.094,4.208,0.0032,272.352,-7.17,146.195,-11.001,7504.237,0.2708,15.436,0,0,0,0
2878,10,-14.165,-12.161,-33.307,-15.738,0.5034,315.401,1.384,-17.305,-48.377,-2.981,0.4369,145.152,17.53,33.021,19.212,2692.428,0.9992,100.0,0,0,0,1
1570,10,-21.67,0.415,4.341,-23.734,0.0873,458.41,2.184,-13.212,-23.223,5.03,0.0993,363.702,-41.948,-25.74,-41.66,7743.137,0.302,18.664,0,0,0,0
4537,5,-29.58,-59.989,-38.716,-29.599,0.4147,178.22,3.098,-16.531,-41.018,-1.213,0.3972,150.065,59.587,104.569,52.012,3609.503,0.6611,67.658,0,0,0,1
866,10,-5.798,-69.393,0.074,-6.94,0.2314,342.095,-7.769,8.956,-23.162,-5.567,0.1711,179.125,-15.367,-83.707,-12.789,1096.216,0.8705,20.96,0,0,0,1
1921,10,18.356,-41.28,44.111,19.611,0.0013,436.036,-9.598,-24.786,-7.744,-7.892,0.195,533.097,20.041,34.595,26.649,2244.91,0.1521,0.0,0,0,0,0
4860,10,-6.539,-29.019,-81.923,-5.621,0.4082,312.072,-7.089,-24.142,-15.753,-6.298,0.3902,165.81,19.993,-6.484,11.835,2575.149,0.7149,76.643,0,0,1,1
1097,5,1.339,-23.11,13.829,1.262,0.1003,858.492,15.878,0.012,57.686,15.866,0.2091,158.142,-11.282,44.873,-1.395,4631.653,0.2483,10.86,1,0,0,0
4666,5,-16.945,-29.654,-39.914,-15.5,0.368,569.602,-11.437,-24.136,22.859,-12.483,0.0,340.492,73.926,68.619,74.03,8507.478,0.2823,34.14,0,0,0,0
4249,5,-8.981,-13.869,40.045,-10.473,0.2107,111.085,3.442,20.537,40.612,1.071,0.1172,302.457,15.83,-94.763,25.246,5981.081,0.2934,20.46,0,0,0,0
723,5,8.902,9.793,0.203,12.389,0.1912,577.662,-9.601,-24.673,-11.429,-10.794,0.1252,128.03,-41.155,-70.779,-45.911,2773.48,0.5252,20.408,0,0,0,0
2465,3,9.849,-33.353,-45.09,10.666,0.5553,177.326,5.11,20.267,11.775,2.473,0.0113,253.365,-18.764,-15.506,-4.861,9887.08,0.4082,43.946,0,0,0,0
4838,3,-2.171,24.779,-37.468,-0.677,0.0999,26.473,-5.56,42.197,69.806,-5.23,0.0,118.49,-3.837,-20.103,-13.561,4071.463,0.1519,24.799,0,0,0,0
4536,5,-17.482,-30.236,-34.477,-21.853,0.6954,190.724,-12.074,-33.04,-23.989,-12.621,0.399,30.523,-84.73,42.453,-85.254,1893.533,0.9078,72.473,0,0,1,1
1352,5,10.286,40.631,-39.616,11.477,0.2149,158.825,3.579,-1.953,35.241,4.305,0.096,488.359,-38.355,141.558,-37.737,1578.938,0.0794,0.0,0,0,0,0
3803,10,-1.058,30.575,30.374,-1.628,0.0,463.907,-5.19,43.835,2.033,-4.074,0.0804,245.112,-23.134,-2.304,-12.267,3060.919,0.1068,10.821,0,0,0,0
2555,5,-5.663,1.971,-0.175,-5.1,0.1429,179.75,3.338,16.313,-3.668,-0.189,0.0804,166.38,23.465,63.063,1.999,5378.061,0.2104,10.415,0,0,0,0
2569,3,-2.142,-22.015,-29.443,0.257,0.0804,196.574,-12.957,-15.314,43.647,-9.885,0.0,345.627,-44.796,-84.436,-43.579,3056.29,0.1368,6.892,0,0,0,0
2947,5,-7.677,-4.562,-53.726,-9.269,0.6053,455.711,-27.382,-16.607,-17.956,-26.882,0.0716,263.777,26.621,-207.241,33.655,5242.459,0.7707,81.136,0,0,0,1
1087,10,9.141,76.853,0.434,4.693,0.0831,638.872,-12.38,-24.312,48.207,-8.985,0.0802,419.636,32.719,-172.134,37.959,5014.1,0.1758,4.478,0,0,0,0
2162,3,-5.564,6.949,19.139,-3.971,0.0184,67.276,8.05,-41.989,-23.699,7.588,0.1362,275.556,30.04,-26.278,45.561,2896.592,0.1476,36.138,0,0,0,0
4809,10,-20.543,-37.853,-100.0,-17.816,0.4269,214.224,-6.861,-7.979,-42.725,-8.103,0.363,139.067,38.969,-19.495,30.713,528.856,0.586,40.078,1,0,0,1
2259,10,-20.588,5.968,-34.109,-21.705,0.6051,156.881,-7.504,-10.65,-34.458,-7.265,0.3737,304.545,36.692,-150.371,47.096,598.867,0.7088,70.936,0,0,0,1
171,10,33.667,-36.333,-24.609,29.248,0.0,320.996,-5.891,23.959,-42.904,-7.313,0.1619,432.799,-18.363,38.165,-28.956,1120.28,0.3112,15.179,0,0,0,0
3488,5,-12.26,36.737,57.954,-13.297,0.1272,311.778,2.099,-17.725,19.79,0.437,0.0155,301.437,22.206,-97.075,21.36,320.844,0.2789,45.367,0,0,0,0
405,3,-2.182,28.45,33.273,-4.558,0.1088,574.488,3.537,-5.737,-49.496,3.508,0.1232,134.879,-13.989,-54.412,-3.668,1183.608,0.322,14.791,0,0,0,0
525,5,10.23,32.811,31.257,10.23,0.0,479.232,2.343,11.769,22.455,2.151,0.0379,302.22,-51.771,57.94,-42.042,1516.884,0.0718,0.0,0,0,0,0
4228,5,-24.668,2.601,31.899,-18.988,0.0,479.159,-19.454,26.516,-17.901,-20.279,0.0656,284.932,-38.443,41.174,-25.19,6723.386,0.0602,0.0,0,0,0,0
3760,3,-9.054,1.947,28.427,-8.324,0.0012,295.4,-0.789,-10.184,-31.309,-1.832,0.2027,238.957,84.789,178.414,81.636,2643.488,0.1927,0.0,0,0,0,0
867,10,-11.676,-31.597,-6.087,-10.984,0.7096,350.693,-9.211,-7.279,-27.957,-9.977,0.4745,26.548,-72.706,-228.407,-73.368,684.925,1.0,43.749,1,0,0,1
773,5,21.871,57.755,35.549,18.491,0.147,950.003,-22.809,-14.287,20.863,-23.623,0.1061,180.689,-11.442,-9.349,-19.171,5331.243,0.0804,4.029,0,0,0,0
2483,10,18.249,-31.029,6.476,14.757,0.1962,711.01,-0.017,-36.564,-14.324,-0.836,0.2096,196.979,3.589,-54.01,9.891,6727.116,0.1667,41.277,0,0,0,0
4135,3,-22.225,-46.26,-30.488,-21.412,0.6267,390.749,3.056,-15.433,-41.172,7.671,0.245,40.291,-17.196,-105.636,-6.466,761.461,1.0,71.303,1,0,0,1
1672,10,-2.357,12.376,26.288,-3.645,0.0291,795.165,9.284,-4.73,-53.619,9.651,0.0486,260.053,-21.083,65.473,-30.843,4119.288,0.0,0.0,0,0,0,0
4053,5,-10.914,15.708,-28.207,-10.187,0.0,316.169,1.985,-34.478,-48.371,3.826,0.0,300.873,8.409,24.848,-0.521,4422.086,0.2996,34.73,1,0,0,0
3657,10,7.669,17.852,-15.346,5.864,0.1579,181.459,3.341,-22.955,8.105,4.921,0.1327,326.281,-53.935,48.9,-41.882,4578.519,0.0,21.427,0,0,0,0
1887,10,-24.75,-23.542,-16.01,-22.686,0.3429,132.468,-8.745,4.918,-39.631,-7.814,0.5224,140.837,-34.873,29.698,-34.267,4034.165,0.655,36.353,1,0,0,1
2392,10,-18.869,-40.594,-84.448,-18.289,0.2417,317.065,-4.461,-18.749,-18.492,-4.96,0.636,200.396,-23.625,-3.49,-24.985,2304.885,0.5102,56.062,1,0,0,1
3075,5,16.086,2.547,81.676,14.359,0.0381,291.391,-0.954,-2.636,-17.94,0.719,0.0,350.107,-29.061,-19.59,-22.865,2486.242,0.228,6.571,1,1,0,0
448,3,-17.089,-48.71,-59.713,-21.059,0.3323,59.955,-20.139,13.687,-60.74,-19.17,0.2629,274.01,-42.368,63.447,-37.587,602.244,0.5366,49.437,0,1,0,1
1539,10,-14.299,-46.518,-31.848,-16.942,0.3067,550.225,-22.739,-35.889,-24.002,-20.748,0.0,196.849,19.568,-47.515,14.391,6789.719,0.2381,36.064,0,0,0,0
4873,10,-26.268,-34.721,-27.48,-28.496,0.9028,223.836,1.381,-27.92,-52.935,2.559,0.1494,1.491,7.07,-50.894,-7.705,1882.833,0.5804,85.2,1,1,0,1
3987,3,10.456,-61.423,1.364,13.086,0.0,585.8,9.704,14.295,0.725,10.592,0.0311,655.388,-47.374,80.965,-46.085,4285.661,0.0377,17.926,0,0,0,0
201,5,7.3,-1.667,-62.858,6.656,0.0,447.366,25.621,-8.761,-16.826,24.761,0.1481,130.704,11.088,105.271,-1.944,6354.709,0.5327,15.484,0,0,0,0
4314,5,-7.182,-13.53,31.491,-8.564,0.0997,446.743,4.118,-10.622,-48.044,6.059,0.2165,553.155,-34.188,-62.157,-12.252,4709.954,0.2551,30.752,0,1,0,0
4921,3,-17.112,-45.372,-75.248,-16.478,0.339,274.778,-3.857,-18.648,-9.394,-3.84,0.3454,129.211,8.222,-55.77,3.472,862.721,1.0,81.663,1,0,0,1
670,3,8.98,-21.937,19.947,10.426,0.1624,296.066,10.23,15.294,-0.533,13.356,0.0816,272.258,-32.478,-19.783,-32.079,7508.462,0.4306,0.187,0,0,0,0
3401,3,-25.007,-29.375,-74.774,-24.216,0.3187,330.43,-20.618,23.529,8.962,-22.938,0.0,374.607,6.571,-35.131,4.272,6195.441,0.0388,34.651,0,0,0,0
1638,3,-20.335,-17.673,21.904,-23.607,0.1557,261.921,13.569,1.979,21.9,14.868,0.141,286.725,-16.891,11.743,-14.104,2860.286,0.307,22.893,0,0,0,0
3923,3,-7.93,-25.302,-37.14,-7.356,0.4952,435.813,-5.541,5.305,-35.677,-5.762,0.0989,29.598,-7.717,-114.596,-19.373,4709.683,0.6201,74.035,0,1,0,1
3629,10,7.835,4.594,-24.398,5.116,0.0539,340.795,15.817,2.09,-4.963,14.434,0.1079,214.158,-53.631,-69.795,-58.972,6537.42,0.2232,0.372,0,0,0,0
1559,10,25.811,38.824,-75.261,24.992,0.1959,599.939,18.491,-2.959,-53.602,18.241,0.1529,531.805,-11.327,136.758,-9.8,1221.723,0.2241,5.06,0,0,0,0
23,5,14.106,18.09,30.39,14.138,0.0,91.317,4.724,-6.507,-0.649,3.333,0.1538,404.054,-5.256,120.991,-3.558,2166.868,0.317,0.0,0,0,1,0
977,3,-28.268,-46.427,-71.661,-28.28,0.5419,417.809,-14.991,-25.904,-10.708,-15.604,0.5622,110.976,-65.135,-145.609,-56.477,4929.151,0.7095,93.712,1,0,1,1
4748,10,30.69,2.726,76.843,30.471,0.2263,451.024,-8.107,35.476,-0.589,-7.083,0.0,393.675,-18.436,53.938,-28.208,2704.511,0.1242,34.177,0,0,0,0
1825,3,-0.491,-8.334,-54.143,3.256,0.5534,409.86,-4.022,7.539,-31.972,-3.438,0.273,326.842,3.967,-103.415,10.028,1574.634,0.7137,51.751,1,0,0,1
4877,3,20.033,-41.126,-38.326,21.069,0.2602,647.832,-0.29,11.646,-52.004,-3.497,0.2074,570.124,-59.983,24.093,-53.312,3915.774,0.158,72.958,1,0,0,0
3367,10,-17.4,-45.528,-93.03,-15.934,0.442,13.485,14.691,-13.018,-61.563,15.753,0.0532,17.748,21.501,-75.695,33.982,5787.128,0.7824,70.89,1,0,0,1
1587,10,2.834,-28.91,-64.856,3.725,0.3164,258.341,7.053,-14.201,-16.49,10.295,0.1433,177.712,44.687,-22.707,46.866,1511.247,0.3227,18.69,0,0,0,0
2270,3,-8.666,-68.505,-9.096,-5.998,0.1345,170.903,-13.746,9.556,3.79,-11.53,0.0521,552.743,-17.576,-12.217,-18.334,1980.834,0.1601,0.0,0,0,0,0
231,5,6.103,0.177,38.07,5.427,0.0,99.478,-23.974,-4.55,18.06,-20.631,0.1492,241.849,28.719,-51.333,21.711,23.956,0.2047,26.988,0,0,0,0
2592,5,-20.074,-22.141,-36.12,-19.708,0.487,135.987,-17.985,-16.887,-42.18,-15.178,0.3145,95.965,-24.177,-153.647,-34.514,4201.3,0.7637,42.874,0,0,0,1
1982,3,11.325,-12.154,-14.28,10.132,0.0576,207.649,5.633,-0.466,-38.585,3.874,0.1865,340.47,33.662,17.207,30.576,4069.139,0.0207,15.52,0,0,0,0
2881,5,-10.566,18.572,49.158,-8.826,0.0,597.207,9.075,-11.145,-20.709,10.978,0.1616,394.381,28.268,97.939,32.098,1761.028,0.239,26.245,0,0,0,0
1192,10,0.728,26.92,-17.755,-0.54,0.0244,334.76,0.682,30.338,-22.996,-2.075,0.1204,80.455,5.009,-5.811,7.588,3127.404,0.2571,20.774,0,0,0,0
640,5,0.645,-25.519,-36.319,0.624,0.7498,267.279,-4.129,-30.743,-44.012,-3.836,0.0,180.769,-10.068,-43.214,-15.397,3071.882,0.9519,64.644,1,0,0,1
518,3,-2.536,-13.341,-15.814,-2.429,0.0,152.441,-6.946,16.222,-37.645,-5.688,0.1055,35.35,-49.981,-57.681,-37.772,3821.094,0.0936,9.98,0,1,0,0
613,3,-22.401,-43.141,-98.519,-24.949,0.8134,480.726,-12.34,13.294,-10.668,-12.372,0.2847,39.958,-91.835,45.211,-93.874,2290.403,0.8519,80.525,0,0,0,1
1058,10,-20.362,-58.515,-7.169,-19.518,0.1822,195.22,-17.312,6.183,-39.737,-18.431,0.1888,319.201,-68.66,-58.561,-53.073,3395.919,0.6346,53.424,1,0,0,1
3377,3,-5.888,-32.472,42.871,-9.871,0.0107,268.321,8.647,-31.69,-39.74,6.123,0.05,502.33,22.921,-23.389,26.636,4944.118,0.2489,0.0,1,0,0,0
1832,3,-2.361,4.172,-56.265,-2.061,0.0041,309.921,-14.066,-18.373,96.684,-12.865,0.008,158.547,4.381,35.359,15.625,5777.986,0.1716,0.0,1,0,0,0
2960,10,19.859,-35.782,-41.69,22.923,0.2004,610.914,-35.158,-22.612,-26.364,-35.881,0.0915,214.902,9.232,-33.851,1.431,4194.457,0.0411,0.189,1,0,0,0
299,5,-21.383,-17.712,26.743,-19.546,0.2629,387.182,10.893,-19.345,-38.832,10.844,0.1034,119.715,-0.26,82.289,-3.673,1674.119,0.097,19.68,0,0,0,0
3830,5,12.461,-18.67,81.652,10.156,0.0,621.152,-14.476,-29.378,26.175,-14.215,0.2244,24.89,27.702,45.576,23.265,3828.112,0.0782,10.768,0,0,0,0
2319,5,4.823,10.668,-3.245,2.542,0.0,90.029,9.652,-3.161,-5.855,8.222,0.0,99.632,-10.1,-0.672,-6.713,1501.05,0.0,12.344,1,0,0,0
513,3,-15.749,-25.358,-72.786,-15.159,0.6973,93.973,-0.391,-15.292,-31.76,-1.363,0.6533,74.316,-34.658,-320.37,-31.113,4024.373,0.8681,95.999,1,0,1,1
459,5,-14.917,-47.615,-63.899,-16.517,0.8115,379.521,-5.925,-30.79,-35.524,-4.818,0.2159,324.682,-110.119,-115.744,-110.241,3009.362,0.5956,77.29,1,1,0,1
4044,10,4.943,-31.699,-64.814,8.311,0.0956,887.703,-1.23,14.138,30.5,1.148,0.0932,196.65,57.334,31.318,58.385,3934.415,0.0327,30.867,0,0,0,0
3504,10,-8.185,29.031,-7.019,-8.97,0.0361,176.002,12.076,18.706,27.596,14.484,0.1826,269.806,1.942,-12.009,-0.791,3767.014,0.4039,25.77,0,0,1,0
689,10,16.556,-8.431,-23.529,16.951,0.1253,233.49,-16.558,-45.01,22.137,-16.462,0.1039,637.555,17.222,27.559,25.09,3333.035,0.3054,16.512,0,0,0,0
4599,5,-6.986,-20.263,-10.108,-5.025,0.0,503.541,1.094,-6.22,5.228,0.476,0.0009,101.61,26.265,-49.37,22.341,4218.023,0.0869,10.331,1,0,0,0
2409,3,-15.022,-35.269,-18.962,-16.7,0.5082,377.446,-13.213,-0.391,-16.47,-11.076,0.64,190.233,-39.425,8.615,-30.741,3991.788,0.7942,22.497,0,1,0,1
1342,3,-5.717,7.266,-42.005,-8.171,0.0514,715.586,14.346,17.1,-10.267,13.256,0.0,358.11,53.885,57.458,53.845,5507.281,0.3492,20.894,0,0,0,0
1288,5,-23.898,-27.863,-13.941,-22.832,0.6841,251.58,3.899,-8.694,-17.256,3.689,0.46,5.853,-4.98,-53.262,-9.743,2136.099,0.9255,48.247,1,0,0,1
2247,10,-11.664,38.833,8.153,-10.549,0.0,566.133,-2.167,2.041,7.137,-5.611,0.1747,354.72,-7.77,-29.613,2.555,5098.348,0.0979,21.592,0,0,0,0
896,5,2.335,18.128,23.221,1.414,0.0289,244.177,12.303,5.456,29.329,11.073,0.0084,407.931,-50.138,46.135,-61.257,1516.644,0.2958,9.119,0,0,0,0
4417,3,-14.642,-12.324,-71.079,-12.432,0.3784,300.405,-21.285,-16.114,-49.884,-25.025,0.327,186.203,24.237,-232.571,30.806,357.085,0.7581,72.933,0,1,0,1
4063,10,8.3,6.644,16.762,12.25,0.2618,791.07,-1.695,-13.633,26.74,-0.224,0.0909,334.704,-67.731,-91.068,-71.459,8199.812,0.1887,22.11,0,0,0,0
618,10,-20.774,12.632,-35.259,-20.615,0.111,297.987,0.114,4.296,-29.945,3.929,0.0,323.081,28.095,-78.081,18.457,8508.368,0.2225,0.0,0,0,0,0
290,5,-18.168,-27.502,-47.829,-17.861,0.4949,267.658,-3.73,-39.398,-15.72,-5.757,0.2,15.808,-75.402,-3.537,-66.0,1641.847,0.3076,71.747,0,1,0,1
4773,5,-3.961,-28.94,-37.412,-3.909,0.0403,155.308,-15.71,18.287,22.706,-15.1,0.0,376.423,14.122,40.066,13.328,4349.142,0.2013,0.0,0,0,0,0
1812,3,-34.626,-52.318,-63.028,-37.484,0.4033,357.517,-4.227,-30.983,-54.46,-3.426,0.4139,99.019,1.975,-47.268,6.157,2490.258,0.293,80.062,1,0,0,1
3402,3,-28.177,-22.824,29.02,-32.085,0.1784,463.427,8.035,-22.577,9.942,6.761,0.0,189.456,-19.182,-69.693,-13.617,503.853,0.371,35.581,0,1,0,0
465,5,-5.452,0.219,37.399,-7.195,0.2977,80.908,5.372,-8.613,-8.88,3.561,0.0468,9.535,23.052,43.877,31.039,2801.252,0.4197,18.321,0,0,0,0
279,10,4.24,-10.392,-17.848,0.235,0.0086,479.041,-0.068,34.989,40.792,1.881,0.0697,186.834,-12.257,26.909,-16.824,7110.762,0.2916,0.0,0,0,0,0
3541,5,-20.733,-13.088,-100.0,-19.876,0.235,781.158,-5.216,5.32,-33.864,-2.934,0.1214,60.63,-37.411,-131.643,-29.233,4719.681,0.0369,23.828,0,0,0,0
3682,5,-8.13,28.274,-25.685,-10.231,0.0126,321.81,14.764,-21.017,0.001,13.104,0.0,334.74,58.378,-8.444,70.559,2362.045,0.4149,26.225,0,0,0,0
3997,3,-19.662,-31.895,53.907,-18.22,0.0449,256.82,-27.388,2.785,20.046,-25.228,0.0108,238.483,-1.494,-26.402,0.856,5475.971,0.0,27.689,0,0,0,0
1911,5,-21.044,-24.057,-85.402,-19.894,0.44,45.463,-3.262,-17.822,-22.077,-6.67,0.3688,24.553,-33.343,-72.857,-32.539,2902.867,0.6773,80.627,1,0,0,1
3216,10,-18.657,-42.374,-20.477,-19.235,0.6754,706.678,0.83,-0.561,-38.474,-0.173,0.0,480.651,32.206,-11.232,40.05,1258.406,0.4888,41.268,0,0,0,0
1475,5,-18.806,-25.361,-65.115,-20.186,0.5046,110.537,-18.995,-49.003,-18.035,-20.986,0.0,91.366,-16.805,-4.064,-11.621,7915.871,0.6328,61.924,0,0,1,1
1853,10,12.155,-0.394,-12.693,10.96,0.4484,417.208,15.178,-26.396,28.792,15.176,0.1205,478.169,8.414,-59.079,-9.166,6299.245,0.1093,43.017,0,0,0,0
3660,3,-9.79,-37.107,-33.725,-8.205,0.5857,473.263,-3.556,-2.324,-37.492,-1.138,0.0504,173.693,-10.812,111.61,-12.958,2792.123,0.2844,47.152,0,0,0,0
1848,3,-6.001,11.8,-25.729,-11.83,0.1143,842.642,9.216,13.087,-20.956,6.66,0.1269,718.073,-34.094,91.956,-32.138,4479.298,0.2403,23.125,0,0,0,0
1398,5,-17.479,8.008,-27.025,-16.302,0.1961,475.485,-7.904,4.272,-42.867,-8.831,0.1666,316.812,27.3,-13.849,29.892,1152.741,0.3147,35.077,0,0,0,0
2748,3,29.825,-10.263,-27.048,27.679,0.0935,851.532,-7.457,15.949,-8.841,-9.461,0.1747,292.439,20.477,25.941,-3.109,1869.068,0.2825,0.0,0,0,1,0
2004,3,-17.483,8.576,-1.576,-12.838,0.1353,437.181,1.129,-3.131,-40.156,1.859,0.1401,196.212,56.528,115.086,52.679,2364.842,0.2169,22.763,0,0,0,0
3749,10,0.1,-22.18,-81.872,0.058,0.4444,337.323,-11.717,40.533,-2.509,-8.827,0.1539,431.123,2.008,-90.841,-2.676,2667.032,0.454,44.12,0,0,0,0
3253,3,-12.217,-50.646,-14.794,-12.54,0.4413,168.616,-2.382,1.434,-30.766,-4.276,0.1242,178.095,-71.055,84.103,-62.361,2878.762,0.9512,30.051,0,0,1,1
4978,3,-7.155,0.824,-48.091,-8.967,0.6612,175.745,-2.202,-26.898,-23.65,-0.822,0.4207,137.992,-94.777,-178.689,-89.106,4180.774,0.6418,68.184,1,0,0,1
3564,5,-27.615,-30.929,-4.571,-28.852,0.1398,5.191,-2.753,-21.816,-32.27,-4.448,0.1532,601.431,59.72,42.109,75.737,6222.6,0.2208,21.742,1,0,0,0
4724,3,-41.254,39.21,11.247,-44.835,0.2683,425.819,-20.227,57.2,-4.236,-17.554,0.0859,282.363,49.439,128.175,63.433,3151.971,0.4512,32.755,0,0,0,0
4893,3,-3.105,-32.652,-8.465,0.155,0.7246,305.777,-3.114,-23.926,-33.902,-0.567,0.2896,193.809,24.566,-297.135,5.768,4571.429,1.0,73.037,0,0,0,1
678,3,-0.181,4.995,-16.841,-2.894,0.0,223.461,-6.982,-16.339,-32.045,-7.099,0.149,154.517,-6.831,132.583,-8.06,5116.248,0.1292,24.697,0,0,0,0
2116,10,12.301,26.827,41.702,12.709,0.0,128.152,11.861,-33.616,16.037,7.774,0.0,250.03,22.944,1.492,23.732,3105.805,0.2298,0.0,0,0,1,0
3270,5,1.161,-27.091,56.504,1.93,0.0096,523.42,0.098,6.922,9.759,-0.071,0.0783,287.713,-19.1,61.035,-24.211,4568.723,0.033,27.042,1,0,1,0
517,3,22.241,-42.213,-39.403,24.576,0.1884,510.412,33.245,-7.551,15.642,30.107,0.0,398.686,9.384,-156.88,10.668,4790.811,0.6262,41.744,0,0,0,0
1744,3,-4.764,-55.074,0.709,-1.043,0.49,74.709,5.284,-25.807,-12.647,3.515,0.3647,217.686,-37.501,3.03,-32.139,1578.089,0.9539,34.541,1,0,0,1
3582,5,-23.522,-40.831,-81.809,-20.904,0.7289,199.121,-18.559,-13.104,-35.807,-19.405,0.2495,193.789,-4.317,144.704,4.778,672.66,0.6027,80.548,0,0,1,1
2085,3,24.449,-35.054,-75.795,29.723,0.1116,208.195,-22.802,-11.964,-100.0,-21.005,0.1648,408.071,72.949,-152.367,77.241,4691.855,0.1308,4.052,0,0,0,0
2876,10,30.546,-37.812,61.846,28.31,0.0,592.121,-5.489,24.621,-7.951,-6.695,0.0531,444.054,17.793,158.33,26.099,958.572,0.2621,18.374,0,0,0,0
4216,3,-14.239,18.61,16.7,-16.863,0.0131,420.145,7.291,23.33,-7.894,6.583,0.0843,233.567,-19.572,36.031,-18.001,4803.91,0.0435,0.0,0,0,0,0
1195,10,-16.027,34.945,-36.994,-14.47,0.1076,19.132,6.183,-2.055,-22.028,4.718,0.0738,226.575,33.742,-17.003,20.68,6586.11,0.1081,48.23,0,0,0,0
172,5,-7.475,-30.166,-14.361,-9.152,0.6504,385.098,-1.024,-17.951,-50.854,-1.476,0.2281,58.955,-12.221,76.427,-26.546,3316.636,0.6918,74.655,1,0,0,1
3472,5,-33.655,-41.178,-19.943,-34.11,0.2327,190.848,2.941,-17.115,-28.973,4.098,0.2047,52.44,78.264,56.57,80.779,511.821,0.5816,48.667,1,1,0,1
2245,3,-14.389,-39.54,-23.733,-16.382,0.5015,135.283,-0.255,-16.25,-46.721,-0.821,0.2754,147.539,-72.73,39.187,-80.345,5365.945,0.9208,67.056,1,0,0,1
4949,3,1.104,25.305,-13.36,-2.162,0.0294,697.77,29.475,-24.93,43.903,29.457,0.0,555.86,49.389,42.219,34.819,3729.317,0.285,40.925,0,0,0,0
4557,3,-28.74,29.97,-31.242,-27.635,0.1877,82.914,4.503,-3.96,13.324,6.584,0.0,323.536,-34.291,-17.254,-36.314,2942.665,0.3396,13.033,0,0,1,0
4070,3,-12.716,-34.606,-53.532,-15.1,0.5347,258.422,-1.903,12.38,25.742,-0.64,0.0035,38.797,-25.225,14.504,-20.444,1158.459,0.1174,48.936,0,0,0,0
2316,3,13.719,-25.078,38.407,11.579,0.088,489.248,-11.614,-33.134,21.196,-9.712,0.0,363.151,-42.464,-17.03,-53.751,2780.121,0.045,23.588,0,0,0,0
1731,3,4.727,-30.129,-11.53,3.526,0.2129,350.141,-4.337,-22.911,13.176,-4.552,0.0626,367.681,15.539,41.247,16.413,584.784,0.3588,18.096,0,1,0,0
4758,5,6.196,12.54,34.595,5.196,0.0573,557.11,22.736,-0.981,6.622,24.002,0.2337,296.731,-29.711,-43.076,-22.954,6041.993,0.2566,0.0,0,0,0,0
443,10,-0.254,-18.231,3.729,-2.017,0.0,185.3,10.176,-18.748,83.849,10.317,0.1281,319.088,17.747,204.822,28.391,6505.911,0.086,8.809,0,0,0,0
2953,3,-3.949,-46.113,12.849,-1.939,0.111,398.399,-2.073,-45.929,20.79,0.642,0.0692,385.657,58.679,-3.647,64.778,6015.739,0.2509,22.948,0,0,0,0
3129,10,-22.592,-32.364,-17.718,-18.094,0.1323,558.913,0.236,4.639,-48.226,1.431,0.2029,229.794,-15.708,-64.482,-5.741,2252.326,0.4154,17.742,0,0,0,0
2707,5,-20.13,-41.774,-93.919,-19.279,0.4926,11.729,-21.813,-14.797,-21.552,-23.497,0.5536,2.19,74.775,-137.433,82.762,5167.375,0.9058,89.609,0,0,1,1
1562,5,-12.844,-38.974,-49.727,-13.737,0.9084,53.148,3.05,-34.665,-15.255,4.175,0.4709,187.354,22.569,23.554,22.458,2739.361,0.3954,44.929,1,0,0,1
3526,5,-5.502,-8.695,57.571,-6.036,0.0388,338.616,3.243,-9.773,44.761,5.519,0.0998,187.758,19.624,-40.602,16.115,5070.053,0.1614,49.954,0,0,0,0
4709,10,28.533,35.979,-15.328,25.608,0.0,570.229,7.737,23.727,3.481,11.324,0.0,195.529,-9.83,69.195,4.126,2047.154,0.098,23.877,0,0,0,0
1445,3,-7.974,-3.623,-24.185,-9.705,0.1961,339.027,10.654,22.64,30.248,10.314,0.0,207.436,39.267,1.503,38.639,4462.679,0.0518,37.325,0,0,0,0
4254,5,30.91,7.871,-12.804,25.65,0.1828,566.472,-6.922,45.01,9.771,-5.437,0.0128,161.369,25.807,-59.185,37.404,3178.745,0.3274,17.133,0,0,0,0
2430,5,23.813,-10.118,41.85,24.041,0.0031,118.746,-15.813,-21.787,-14.074,-16.762,0.1457,239.648,-35.267,-160.974,-33.058,290.629,0.3337,0.0,0,0,0,0
937,5,-17.072,-71.683,-61.913,-15.825,0.6999,64.136,-10.959,-14.821,6.577,-10.926,0.326,214.51,-116.119,-26.382,-120.238,2308.911,0.8663,71.64,0,0,0,1
4193,3,5.592,3.046,75.786,8.868,0.113,573.148,15.484,-13.387,1.194,12.604,0.0723,247.329,-3.744,249.921,-7.064,1912.833,0.1063,11.762,0,0,0,0
2923,10,-9.491,-46.018,-3.361,-7.536,0.1725,398.29,1.86,-2.431,9.257,0.615,0.0,333.021,-68.155,-48.156,-62.131,1141.621,0.4402,11.82,0,0,0,0
1799,3,-18.494,-74.941,-76.392,-17.787,0.4755,330.826,-12.707,-26.379,-21.096,-15.922,0.1899,261.932,-6.746,-150.319,-6.901,4431.584,0.6554,72.822,0,0,0,1
4501,3,-38.787,39.567,-8.333,-38.803,0.0571,312.093,-4.184,-10.841,8.731,-2.575,0.1426,180.145,-0.78,-9.567,10.825,3566.646,0.0,15.613,0,0,0,0
1526,10,-21.098,-21.981,-10.998,-20.506,0.4993,79.053,-12.583,-4.459,-19.685,-11.059,0.628,120.069,58.026,141.041,59.837,3004.71,0.6943,41.78,0,0,1,1
3805,5,22.556,-29.174,-4.215,23.412,0.0924,558.644,-18.251,30.561,-39.368,-15.126,0.0,300.438,-5.996,-64.961,-10.743,5316.701,0.322,19.153,1,0,1,0
4732,3,3.984,-6.819,-25.513,3.807,0.0532,291.685,-14.466,13.956,16.034,-18.104,0.0317,335.968,-17.003,129.06,-8.037,6286.55,0.3991,5.398,0,1,0,0
614,3,4.65,-16.507,-12.356,3.041,0.1757,518.798,-0.877,-52.835,-6.271,-0.814,0.0282,446.691,-0.474,23.241,-3.412,4575.935,0.0,3.479,0,0,0,0
1560,10,-13.884,-17.276,-42.576,-12.73,0.3975,424.638,9.797,9.388,-1.578,6.081,0.0144,469.395,24.452,-191.317,15.983,6104.505,0.5886,62.851,0,0,0,0
3223,5,-19.325,-23.591,-73.315,-19.395,0.1066,348.022,0.579,-17.945,-32.045,1.437,0.1593,254.864,-12.026,-176.129,0.001,3695.84,0.6979,66.233,0,0,0,1
453,5,-15.543,-61.443,-53.285,-14.154,0.3486,289.174,-0.457,-14.842,-23.026,-3.187,0.2703,118.754,-75.782,-125.682,-95.038,1620.18,0.5472,63.844,0,1,0,1
1935,10,-9.574,-12.283,-23.618,-7.747,0.0663,334.398,-16.607,12.882,-0.29,-14.836,0.0717,389.203,44.79,-42.537,40.775,6765.726,0.3281,1.485,1,0,0,0
3224,5,-26.467,-61.322,-61.237,-28.218,0.6823,182.385,-4.29,-11.222,-9.132,-2.844,0.1603,267.246,47.078,-24.935,45.381,2155.191,0.5426,62.16,0,0,0,1
2716,5,-24.138,4.884,4.082,-22.337,0.0931,308.615,-0.303,-8.238,8.719,2.414,0.0,327.653,-38.192,56.94,-43.074,8471.31,0.3372,22.104,0,0,0,0
2854,5,-0.832,-33.191,14.059,-1.313,0.3044,535.901,-32.991,-10.823,37.066,-30.303,0.055,82.263,-10.109,77.652,-9.436,1191.016,0.0,0.0,0,1,0,0
3782,3,2.258,19.118,25.264,6.478,0.1685,271.457,-4.004,-20.336,13.445,-6.973,0.0733,302.044,-16.54,-25.141,-5.381,3055.177,0.0,26.065,0,0,0,0
2147,5,-19.728,-59.769,-17.765,-20.577,0.3886,407.054,7.36,0.782,-43.705,8.138,0.0,223.567,50.465,-180.284,58.669,2693.947,0.8445,71.311,1,0,0,1
3618,5,1.498,-8.421,1.311,3.995,0.0827,541.246,-14.658,-3.987,45.597,-12.417,0.1489,558.807,14.801,-11.062,20.173,5699.57,0.1439,0.0,0,0,0,0
604,10,28.547,19.237,21.183,30.301,0.0,287.301,1.757,21.485,-26.929,2.234,0.0,446.117,67.472,100.222,53.976,2511.07,0.3476,25.009,0,0,0,0
767,10,-2.566,31.908,2.522,1.395,0.0796,667.375,-8.764,7.449,13.849,-4.29,0.011,257.22,49.064,58.293,45.62,3026.9,0.2228,26.072,0,0,0,0
381,3,-4.43,-27.17,-1.599,-7.523,0.0462,554.461,1.648,22.64,-44.198,3.245,0.0661,549.298,32.593,-16.964,26.251,3082.858,0.3257,39.017,0,0,0,0
4735,10,-14.901,-22.725,20.542,-10.376,0.0,217.333,-6.922,21.85,-35.355,-2.831,0.0517,511.045,-32.61,-33.713,-33.314,3315.0,0.0,31.856,0,0,0,0
3628,3,-17.943,-62.862,-49.454,-15.918,0.3732,199.473,-11.386,-36.772,-19.806,-13.646,0.6029,86.531,-7.154,164.174,-29.475,1730.856,0.7598,60.31,1,1,0,1
3821,5,-19.443,-37.54,-9.42,-22.431,0.5141,152.307,-9.77,-25.474,-25.638,-15.313,0.3618,250.449,-24.278,-73.705,-22.414,2924.435,0.5947,39.237,1,0,0,1
5000,3,2.149,-6.172,-8.891,0.443,0.2069,363.307,-14.432,-7.041,-2.215,-9.204,0.0615,383.27,-15.955,144.082,-17.725,2315.646,0.3293,14.775,0,0,0,0
1738,10,8.43,-33.874,-45.609,8.356,0.0028,760.146,-2.378,1.707,19.549,-2.84,0.1615,163.502,16.021,-60.428,14.656,4466.83,0.1954,1.996,0,0,0,0
2676,3,-19.059,-14.084,-55.386,-23.377,0.4076,155.92,-23.915,17.211,16.579,-26.379,0.0404,344.937,-2.33,-70.616,-5.821,5607.242,0.0,35.88,0,0,1,0
3642,5,-1.475,6.807,33.674,-2.783,0.1054,615.47,6.046,19.212,11.706,8.044,0.0,158.751,12.915,-150.977,12.548,7842.944,0.1731,16.131,0,0,0,0
1778,10,-13.547,7.254,23.964,-10.62,0.1444,182.408,-4.569,2.774,21.934,-8.36,0.0,485.942,-87.767,-121.146,-88.615,3692.966,0.0565,7.57,0,0,0,0
2315,3,-32.65,-34.014,-50.544,-33.883,0.6976,6.222,1.921,-2.718,-19.747,-3.522,0.2208,147.947,-59.343,-207.412,-64.047,4480.731,0.8589,50.044,1,0,0,1
3110,10,11.582,21.401,35.497,8.998,0.1165,433.419,7.753,-11.168,56.747,7.926,0.0183,257.893,-16.846,-116.916,-25.163,6014.135,0.6892,5.881,0,0,0,0
921,5,-3.861,-5.775,62.606,-2.852,0.0,185.044,14.057,6.06,5.29,9.447,0.1128,341.868,37.066,71.609,26.704,292.922,0.3955,12.441,1,0,0,0
879,3,10.306,24.582,-26.129,10.312,0.1557,339.809,-13.117,50.651,5.972,-13.836,0.1298,99.08,26.727,-23.708,28.802,303.343,0.0371,9.475,0,0,0,0
749,10,5.409,21.823,16.693,5.037,0.0264,212.418,13.995,3.699,6.767,11.966,0.0,264.733,-5.655,242.998,2.681,4114.248,0.0,16.561,0,0,0,0
4189,10,3.57,-20.553,26.911,2.745,0.0,602.873,2.37,-3.436,14.81,5.732,0.0,181.822,-19.647,64.936,-15.276,378.264,0.3663,29.085,1,0,0,0
2824,5,10.242,14.782,-14.653,10.954,0.0019,635.166,-18.778,23.711,29.417,-17.912,0.0353,171.084,-50.372,189.401,-53.699,6527.003,0.0627,38.747,0,0,0,0
1647,10,-0.831,15.788,-7.737,-1.755,0.0618,448.701,2.479,8.174,6.185,0.732,0.0,457.86,-26.5,-27.727,-42.177,4473.745,0.316,26.347,0,0,0,0
2168,3,-10.152,-17.34,-9.925,-12.74,0.5255,232.518,-9.228,-11.051,-42.328,-7.803,0.1886,22.944,-96.568,44.16,-90.66,1274.137,0.5717,45.847,0,0,0,1
1941,3,18.97,3.599,21.265,18.163,0.0103,57.721,-7.476,-14.353,5.935,-9.153,0.0,313.572,4.445,-63.423,14.71,9009.558,0.1378,11.012,1,0,0,0
2721,5,2.828,-47.071,38.648,1.213,0.0,398.633,12.549,22.603,47.915,14.516,0.1175,279.059,33.286,121.786,41.731,4639.027,0.5011,13.774,0,0,0,0
4141,10,10.805,-29.145,-66.776,9.676,0.076,665.723,5.077,6.409,-14.464,3.334,0.0,409.528,0.073,74.727,-10.907,3831.256,0.213,7.518,0,0,0,0
3752,5,1.615,0.911,-61.413,-1.14,0.3538,359.154,-8.466,21.336,-35.897,-9.307,0.0,432.316,46.139,-148.03,46.679,706.157,0.4363,52.619,0,0,0,0
2560,5,12.446,-7.494,-5.41,8.528,0.1407,307.01,2.468,21.696,-55.073,6.421,0.1101,226.089,-28.091,-31.711,-32.192,5952.699,0.1468,0.0,0,0,0,0
4624,5,-3.812,-9.355,31.689,-1.563,0.0321,126.754,22.348,-43.724,22.48,22.312,0.1542,226.968,16.932,20.176,14.031,4082.429,0.3169,11.286,0,0,0,0
2989,5,4.433,52.356,26.953,2.571,0.0702,264.296,-4.55,-33.852,-50.174,-4.476,0.0,490.425,16.312,47.351,21.684,6250.447,0.0477,10.845,0,0,0,0
3424,3,14.027,7.316,7.387,14.908,0.0735,536.303,5.058,-21.883,-45.627,5.475,0.0,56.278,42.141,-1.426,39.412,164.597,0.2953,13.735,0,0,0,0
2384,10,-4.155,-5.765,-38.531,-4.105,0.0422,241.45,5.907,24.642,-34.007,1.719,0.1263,252.684,18.861,64.175,30.236,2720.846,0.129,0.983,0,0,0,0
802,3,-15.705,33.732,15.27,-14.679,0.0288,565.233,8.398,-5.596,-29.648,7.09,0.167,382.873,76.15,-123.947,80.819,7090.555,0.4911,39.717,0,0,0,0
1833,5,0.982,-2.232,-8.418,0.244,0.0404,651.574,-6.858,21.473,6.433,-8.955,0.2583,394.455,-24.861,138.514,-17.295,2849.013,0.0404,20.52,0,0,0,0
4552,10,17.433,-20.309,11.804,16.474,0.0995,481.831,-0.536,-34.871,-0.588,-1.087,0.0,199.683,29.947,204.135,36.559,2079.336,0.2625,0.0,0,0,0,0
71,10,-23.537,28.372,-30.335,-19.549,0.1078,331.653,-10.917,-22.055,20.697,-12.829,0.1579,421.053,9.146,-8.683,18.5,3363.51,0.3272,24.543,0,0,0,0
1101,5,6.062,-33.65,-23.526,5.856,0.2382,456.52,-10.671,-8.575,-0.492,-11.492,0.0689,320.82,17.702,-8.195,0.685,4076.043,0.2954,68.7,0,1,0,0
1506,10,-14.031,-6.967,-20.173,-14.411,0.0,215.306,10.673,-20.399,27.85,9.751,0.0,410.638,-53.876,50.935,-61.397,6150.336,0.0,13.536,0,0,0,0
1733,5,25.416,-37.574,-8.034,23.967,0.1319,697.515,2.844,13.483,12.224,2.4,0.0557,504.599,-40.279,-16.874,-51.753,5849.827,0.3247,19.351,1,0,0,0
732,10,-14.423,23.782,17.496,-14.565,0.0641,168.844,-1.384,22.376,-0.911,-0.092,0.1615,155.421,28.151,-17.725,39.092,2010.628,0.0,2.569,0,0,0,0
918,5,-13.86,-32.35,-62.422,-13.423,0.4747,394.58,-20.558,-15.525,-33.214,-17.826,0.4238,82.032,-87.333,-109.926,-82.419,3093.73,0.5886,84.891,1,0,0,1
2836,5,8.978,-32.979,-32.562,9.181,0.0,369.473,4.398,3.636,-85.654,4.099,0.0,236.267,43.75,82.545,47.24,6394.905,0.0,33.859,0,0,0,0
1627,5,34.006,-31.457,-48.917,38.377,0.4445,343.3,-15.351,-3.24,63.048,-18.814,0.183,433.248,-20.829,-39.461,-12.899,6173.015,0.456,52.172,0,0,0,0
2081,3,18.009,17.944,-15.925,13.858,0.0,1073.726,9.908,45.091,-1.958,7.934,0.0,427.584,13.855,87.598,5.692,5927.062,0.1809,8.671,0,0,0,0
14,5,-1.056,-77.529,-41.256,-3.519,0.7384,222.906,-0.874,-47.881,-32.031,0.146,0.0478,272.465,-3.509,-71.327,-1.845,1340.458,0.6681,58.694,1,0,1,1
4542,3,-22.322,-43.011,12.464,-23.958,0.0971,155.361,7.565,8.786,-34.796,7.898,0.0157,233.487,-2.533,35.821,-2.747,5008.36,0.0,30.954,0,0,0,0
901,3,0.101,-9.07,-10.576,3.714,0.0408,364.545,-6.268,-29.929,3.21,-6.22,0.0402,259.139,-6.596,-208.096,-15.919,1273.801,0.0723,0.0,0,0,0,0
105,10,-21.09,15.87,54.216,-21.753,0.0628,188.642,2.242,-25.598,0.086,4.998,0.0671,341.076,30.394,28.936,33.482,3959.601,0.3134,27.106,0,0,0,0
1657,5,-15.195,-9.051,-8.92,-16.428,0.113,181.985,9.627,-46.253,52.148,12.427,0.1078,123.503,-42.464,-15.822,-43.339,288.778,0.2848,8.835,0,0,0,0
2618,10,5.571,8.0,35.978,3.81,0.0173,383.757,-2.16,-5.766,-8.169,-3.329,0.0204,221.397,-10.069,20.863,-4.159,5699.837,0.0,55.466,0,0,0,0
582,3,-17.044,-68.662,-21.875,-20.199,0.0,490.557,-14.769,-4.558,-35.739,-13.565,0.3147,123.828,-63.582,-57.137,-61.304,2769.51,0.6373,74.316,0,0,0,1
4339,5,-34.63,-47.366,11.552,-36.385,0.0534,304.29,18.012,-13.448,33.925,17.32,0.0385,501.854,-5.873,-39.242,-18.428,5665.652,0.1585,41.558,0,0,0,0
3105,3,-24.199,-24.536,-35.778,-24.44,0.463,103.591,-7.056,-29.787,-28.248,-7.739,0.0925,233.025,-72.887,-198.696,-84.418,3698.546,0.9734,64.746,0,0,1,1
4106,5,19.117,32.58,-50.826,16.55,0.0,508.881,-7.732,-7.084,-1.557,-9.986,0.0,478.555,-26.115,90.2,-24.648,5440.158,0.0,3.886,1,0,0,0
1057,3,-10.221,-9.229,-33.05,-7.645,0.0,383.99,4.409,32.336,-22.937,7.227,0.0,366.662,4.848,68.292,-2.436,1127.968,0.0641,11.511,1,1,0,0
3913,10,-4.183,1.117,45.27,-3.167,0.24,578.501,-12.819,-6.564,13.005,-13.228,0.0491,284.731,9.714,-136.576,3.369,929.118,0.3154,21.364,0,0,0,0
2171,10,2.179,10.646,36.171,0.263,0.0532,328.546,-15.557,1.248,-29.287,-12.971,0.1834,521.855,52.647,29.271,52.026,2519.352,0.2687,3.552,0,0,0,0
2401,5,-13.643,-15.246,-73.553,-15.515,0.4896,261.717,-8.949,-13.877,-48.369,-6.059,0.2845,142.482,-37.836,21.633,-45.857,3497.249,0.9077,100.0,1,0,0,1
2136,10,-16.412,-19.109,-34.725,-17.484,0.2074,681.22,-12.84,16.973,25.112,-14.825,0.0871,302.146,-14.106,-103.012,-4.903,6772.409,0.0723,39.924,0,0,0,0
4717,10,-15.1,-26.048,-58.637,-17.702,0.2489,89.856,-5.061,-5.527,-31.668,-4.467,0.311,110.227,-69.363,-1.512,-69.627,5149.438,0.8698,64.909,1,1,0,1
4344,10,-15.712,-29.748,-61.857,-16.6,0.4701,189.237,-24.015,-29.321,2.032,-27.127,0.1406,155.622,-23.265,-7.704,-33.102,4186.32,0.6849,57.938,1,0,0,1
4096,10,8.217,23.409,-5.84,9.939,0.1767,423.577,-17.846,-19.944,4.118,-17.174,0.1758,331.164,20.912,-58.062,34.086,6909.284,0.3014,18.985,0,0,0,0
1117,5,8.793,39.851,26.956,5.79,0.1369,499.23,3.332,21.005,-25.967,4.248,0.0,143.494,3.35,199.102,3.167,3396.693,0.3706,4.631,0,0,0,0
2390,10,-4.409,-26.607,-2.227,-2.11,0.6612,13.209,-11.981,-12.403,-42.253,-13.046,0.4721,176.284,0.048,-48.01,5.565,6539.917,0.7268,70.812,0,0,0,1
3963,5,-11.27,-43.872,-31.861,-13.003,0.4552,127.64,-5.971,9.046,-24.299,-2.229,0.1757,217.226,-95.697,9.576,-82.141,5265.878,1.0,99.457,0,0,0,1
369,3,29.459,72.6,30.543,30.178,0.1668,214.388,6.514,2.08,17.867,8.736,0.0194,255.228,-8.167,79.091,-9.352,3576.072,0.1397,21.665,1,0,0,0
227,5,-15.581,2.416,-56.178,-14.423,0.0,116.138,-3.484,-0.878,-26.862,-7.056,0.0302,291.278,31.171,31.319,21.431,2817.024,0.2109,9.906,0,0,0,0
898,5,-24.908,-45.607,-56.538,-24.746,0.5688,173.098,-5.118,-11.122,-43.978,-3.14,0.3027,66.832,-65.414,55.002,-61.234,5062.855,0.6771,79.53,1,0,0,1
3708,10,-12.734,-34.344,-64.884,-14.272,0.678,8.01,-9.033,-12.958,-4.102,-11.296,0.3473,207.893,-98.293,0.807,-91.089,3855.246,0.747,95.74,1,0,0,1
3473,3,-6.473,-23.262,-43.668,-10.924,0.0,176.057,4.214,-15.895,33.2,6.888,0.1237,45.186,-20.885,71.289,-18.952,1031.675,0.247,22.503,0,0,0,0
844,5,-19.414,-6.13,-43.719,-16.605,0.3823,357.354,-14.148,-18.971,-28.323,-13.722,0.2441,164.744,17.152,151.917,22.923,2466.812,0.6793,40.518,1,0,0,0
4102,10,5.557,30.349,-27.183,5.316,0.0382,426.546,-12.261,-9.513,-3.026,-8.262,0.0663,274.683,2.924,25.669,-5.361,5720.74,0.2732,7.738,0,0,0,0
2073,5,-7.157,-21.708,-44.524,-4.466,0.3371,398.784,9.049,-26.131,-47.037,8.557,0.0681,326.887,-5.41,-42.603,-10.456,225.863,0.2026,65.081,1,0,0,0
313,10,-15.352,-23.274,10.188,-12.063,0.0,793.273,-0.157,-5.164,9.071,2.673,0.0,408.154,35.374,-72.07,28.309,357.96,0.3502,16.757,0,0,0,0
4414,5,-26.861,-20.395,-74.504,-30.13,0.4788,88.34,-22.878,-9.691,-26.646,-24.925,0.2585,16.962,-18.027,-34.565,-19.049,1027.664,0.9416,100.0,1,0,0,1
1701,5,3.297,2.552,24.101,6.626,0.0041,180.406,-0.205,11.008,63.731,-2.106,0.1064,47.133,3.757,35.354,-6.894,5175.588,0.0882,30.65,0,0,0,0
1384,5,19.322,6.069,41.638,19.574,0.0196,433.656,4.34,-29.545,30.562,6.402,0.0934,200.058,-4.804,61.246,-15.114,4231.392,0.1621,15.769,0,0,0,0
1700,5,-8.489,-50.042,-44.076,-11.15,0.7661,152.643,-15.045,-16.821,19.629,-19.269,0.6651,72.283,-15.607,-137.724,-9.363,3743.859,0.6826,81.697,1,0,0,1
2702,5,-2.534,-41.671,-39.739,-7.307,0.5212,444.069,-3.758,16.169,-29.915,-6.103,0.0487,328.533,28.893,16.958,31.025,3326.841,0.7035,35.445,0,0,0,0
3719,3,28.644,-26.241,-39.333,28.212,0.2945,480.554,10.644,7.384,11.42,10.341,0.0,340.761,-26.016,27.296,-34.872,6790.782,0.4786,44.156,0,0,0,0
77,5,-9.108,55.656,-54.971,-10.107,0.0068,326.983,-24.985,25.861,7.859,-28.039,0.0183,363.74,23.219,51.07,5.679,1105.719,0.0,11.579,0,0,0,0
1385,5,14.471,-14.601,-53.31,17.4,0.0,439.882,17.508,-18.839,2.08,15.731,0.0617,11.592,43.86,66.474,43.374,8540.903,0.1411,33.632,0,0,0,0
3903,10,-8.077,35.72,35.292,-8.698,0.0,231.756,-15.632,-17.269,-12.175,-13.416,0.1959,21.004,-68.447,-162.846,-79.363,437.215,0.5353,0.0,0,0,0,0
1658,10,-0.882,-45.473,-86.463,-0.676,0.6098,118.97,-22.8,-27.525,-53.346,-21.607,0.445,194.518,-42.93,115.836,-48.188,1608.761,0.8761,81.365,1,0,0,1
626,10,-14.028,-29.902,-46.988,-10.418,0.3659,530.922,-0.604,-11.408,-12.137,1.332,0.1632,386.188,3.589,-24.982,8.165,5080.768,0.1636,50.945,0,0,1,0
4781,3,-23.52,-24.145,-32.289,-22.124,0.5486,301.53,-12.021,-16.67,-5.328,-10.296,0.2522,112.222,3.32,25.338,0.68,653.666,0.7713,100.0,1,0,0,1
760,5,26.219,-15.682,-18.754,29.569,0.0,528.41,-5.675,20.442,-12.897,-7.755,0.0172,445.365,42.926,-44.901,49.799,4427.38,0.5504,20.335,0,0,0,0
881,5,31.3,-29.762,-36.375,32.088,0.2663,160.366,7.31,27.809,11.112,8.424,0.1032,409.19,-13.364,14.457,-9.982,2316.964,0.2288,29.396,0,0,0,0
786,3,-4.315,15.065,53.76,-6.115,0.123,187.796,25.827,-5.102,56.039,27.397,0.1095,462.019,-22.758,-39.385,-32.237,218.85,0.0,28.586,0,0,0,0
2477,10,-21.529,-5.232,0.157,-24.01,0.1425,579.645,18.543,-5.006,-26.899,16.648,0.0,268.885,-22.701,-57.064,-11.831,4216.556,0.1194,39.638,1,0,0,0
2203,3,-17.826,-44.475,-77.686,-19.318,0.4269,77.404,-10.998,-27.416,-25.998,-7.861,0.3206,151.899,8.732,-166.052,9.645,739.187,0.6327,68.611,1,0,0,1
2265,10,-11.801,-12.231,-19.413,-13.006,0.1996,595.927,3.476,12.397,28.426,1.672,0.0,311.825,-2.867,-72.378,2.611,3847.97,0.2295,13.112,0,0,0,0
3718,5,-2.624,22.012,36.678,-2.473,0.0,696.093,17.403,38.917,40.224,16.879,0.0,333.465,-16.337,117.222,-13.659,5600.201,0.1172,0.0,0,0,0,0
891,5,-10.676,-32.955,-46.321,-11.194,0.5189,22.593,-8.82,-20.582,-41.858,-9.421,0.2151,205.919,-21.669,-97.828,-10.875,2380.022,1.0,32.898,1,0,0,1
4927,10,-8.414,-40.267,-15.992,-8.693,0.1734,340.599,19.311,29.363,17.707,19.713,0.1628,292.728,45.14,-4.565,41.969,5256.725,0.0,12.782,1,0,0,0
719,3,-19.996,-52.76,-46.233,-17.272,0.322,124.048,-11.582,-25.587,-30.904,-9.984,0.4813,251.296,-80.326,-363.459,-81.535,225.637,0.4831,62.212,1,0,1,1
1468,5,-24.83,-18.836,-53.427,-22.008,0.0882,689.51,5.09,26.273,-38.174,2.89,0.0382,227.41,17.474,-5.004,18.771,2404.498,0.0,23.078,0,0,0,0
3974,5,-21.256,-34.706,-48.273,-22.249,0.8085,201.674,-17.045,0.731,-13.531,-16.964,0.2546,232.251,35.098,-9.194,41.346,758.082,0.8466,47.513,1,0,0,1
4569,5,-13.261,38.948,7.127,-17.885,0.1064,717.356,-14.264,2.989,3.314,-13.074,0.0575,14.839,32.732,48.181,28.422,2297.581,0.2854,30.191,0,0,0,0
2150,5,-4.442,12.202,-24.717,-9.212,0.1283,233.403,-15.72,-16.204,-0.7,-14.674,0.0621,464.935,-20.417,-28.403,-25.958,4141.505,0.0,0.043,0,0,0,0
4160,10,-11.017,-55.448,-74.349,-10.584,0.8601,372.97,-14.744,-19.4,-40.6,-14.81,0.5998,309.255,-38.024,-129.758,-30.502,3955.707,0.5898,100.0,1,0,0,1
4433,3,-19.112,14.959,-62.918,-19.563,0.1093,326.471,-9.274,-4.658,44.669,-9.137,0.1378,702.409,9.198,-68.158,19.693,5478.631,0.1165,16.556,0,0,0,0
2008,3,-18.494,-21.327,1.17,-19.973,0.4937,211.797,-14.937,-18.139,-33.331,-15.752,0.5595,238.227,83.711,33.483,75.639,4150.275,0.7735,32.948,0,0,0,1
490,10,7.683,-44.887,-14.916,9.205,0.1714,479.949,19.056,-5.412,35.88,17.689,0.103,487.819,-20.392,158.363,-7.635,6130.67,0.293,8.344,0,0,0,0
4458,3,15.137,-21.912,-9.075,15.718,0.1958,376.019,9.286,20.355,8.464,9.069,0.1483,335.419,25.167,-29.053,23.111,2077.059,0.5086,14.941,0,1,0,0
1314,3,-0.706,43.965,2.465,2.54,0.0819,352.503,1.372,3.288,6.136,1.726,0.0673,308.243,-57.089,-6.866,-55.525,149.655,0.0,42.651,0,1,0,0
3568,10,-14.923,-21.142,-55.45,-15.616,0.772,182.817,-6.954,-27.127,-42.372,-8.452,0.1098,205.911,-15.882,1.706,-18.759,4263.603,0.623,71.073,0,0,0,1
1804,5,-22.131,37.857,41.458,-21.261,0.1842,498.593,-18.316,-30.142,14.813,-21.973,0.0782,371.763,-12.435,-103.422,0.029,2875.733,0.1628,17.228,0,0,0,0
2416,3,-0.228,-28.97,-34.413,-0.047,0.6399,69.877,13.076,14.516,18.897,12.727,0.0678,248.957,-48.527,-44.388,-42.282,4511.565,0.6085,32.651,0,0,0,0
329,3,-0.587,-35.079,-16.443,2.177,0.5893,352.133,-30.648,-18.6,-50.932,-28.027,0.2501,225.518,-38.461,116.1,-56.025,2540.758,0.9525,45.899,1,0,1,1
4720,10,-1.142,1.755,-33.371,-1.662,0.132,371.613,-8.218,16.096,-5.505,-10.8,0.1029,372.428,51.774,1.731,58.627,204.278,0.1076,19.246,0,0,0,0
3176,10,7.785,9.343,1.559,8.64,0.0,591.371,23.562,-38.241,14.253,23.421,0.0,52.977,21.927,-37.568,26.675,4099.234,0.3422,15.584,1,0,0,0
4577,10,5.123,0.989,-43.459,5.767,0.0856,375.086,5.726,23.326,-14.135,6.001,0.152,461.891,1.602,22.906,-2.185,5471.567,0.3134,0.0,0,0,0,0
4606,3,32.472,-10.378,14.141,30.516,0.1901,599.742,-17.317,12.548,-1.98,-15.601,0.0704,265.622,9.065,-17.349,-6.296,4363.388,0.5303,19.551,0,0,1,0
2237,5,-34.371,-4.291,-54.602,-34.816,0.693,48.279,-18.355,-19.182,-31.399,-18.723,0.3417,102.226,2.567,1.93,11.455,1729.781,0.5909,51.071,0,1,1,1
2405,5,-25.134,-38.61,-43.081,-25.376,0.3772,192.114,-0.303,3.548,-4.171,0.783,0.1391,238.311,-80.458,-245.449,-77.997,2705.173,0.6035,60.248,1,1,0,1
1410,10,4.499,23.641,-21.008,4.635,0.0504,441.517,16.585,1.323,-8.778,17.538,0.0457,317.784,-43.203,-132.794,-56.714,9848.978,0.0,19.83,1,0,0,0
4016,5,19.375,-14.505,-56.751,20.688,0.0,531.294,0.58,-6.171,-46.381,4.753,0.1755,256.137,27.614,-25.355,22.685,609.576,0.1869,34.98,0,0,0,0
888,3,-1.429,-10.415,44.862,-5.523,0.0288,633.202,0.936,17.696,52.125,2.428,0.0,68.845,24.365,161.647,16.091,3509.524,0.0,41.375,0,0,0,0
4218,3,-14.672,-25.788,-78.666,-17.379,0.763,230.916,-4.948,-3.114,29.134,-0.546,0.3082,48.811,18.059,-23.26,14.469,674.041,0.9842,100.0,1,1,0,1
1605,5,4.446,-50.622,-4.53,6.523,0.0147,592.857,14.12,-10.246,29.411,13.589,0.0739,653.762,-48.929,113.048,-63.58,7445.527,0.1443,7.606,0,0,0,0
1819,5,-4.359,69.659,32.26,-4.574,0.0,114.636,-8.096,-8.175,-41.478,-6.735,0.1008,329.371,83.971,-29.792,74.555,2003.553,0.0713,13.668,0,0,0,0
796,10,12.401,34.487,44.97,13.3,0.0353,256.651,-2.318,-12.639,4.482,-4.998,0.0619,353.542,37.961,-88.619,44.632,6582.829,0.0,8.068,0,1,0,0
4561,10,-16.362,-32.976,-48.761,-16.164,0.4023,291.558,7.714,-0.266,-11.533,7.789,0.6146,248.25,13.629,166.693,31.936,4456.566,0.7413,39.293,1,0,1,1
815,10,1.647,-5.018,-40.336,4.311,0.0,287.492,-32.824,35.106,-4.376,-34.075,0.1681,274.243,-89.861,-48.788,-102.392,549.397,0.2267,39.263,0,0,0,0
4184,5,-21.231,-23.38,-70.694,-19.113,0.3667,313.445,-4.31,-4.035,-22.87,-4.441,0.1291,156.621,-70.781,-81.379,-71.002,88.962,0.888,68.093,1,0,0,1
736,10,-29.835,-75.647,-62.267,-30.533,0.8938,247.369,-2.757,-24.459,-37.974,-4.316,0.0671,199.252,-73.866,-213.819,-78.301,2160.023,0.6295,44.861,1,1,1,1
2076,3,-15.064,-44.078,-66.414,-14.305,0.487,379.42,0.674,-2.566,-37.117,1.302,0.2688,39.555,-76.385,-261.404,-66.693,4972.647,1.0,70.168,1,1,0,1
3796,5,-8.697,24.793,18.304,-9.05,0.0216,346.264,-17.939,1.823,-23.576,-23.212,0.0325,394.645,-33.323,87.051,-47.185,2750.281,0.1224,3.94,0,0,0,0
1625,10,14.775,-13.853,50.134,13.029,0.0884,402.861,-0.123,-8.877,14.232,-1.853,0.0,375.561,-6.59,-21.368,-6.219,3544.277,0.5353,6.004,0,0,0,0
1622,10,11.974,-44.625,46.018,10.96,0.0823,429.8,-17.105,0.525,-32.569,-15.778,0.0,520.091,27.752,-20.482,28.817,4468.918,0.3353,28.362,0,0,0,0
1112,3,-11.929,-8.558,32.548,-12.787,0.014,31.768,-18.489,7.524,15.898,-15.918,0.0131,107.19,-75.095,-42.541,-66.978,459.868,0.2122,14.882,1,0,0,0
1952,10,14.796,32.153,56.049,14.508,0.0944,504.637,11.805,5.02,-39.278,15.213,0.0192,319.494,-4.307,160.05,5.251,1774.283,0.2797,9.721,0,0,0,0
3506,5,-0.702,-48.075,-53.411,0.624,0.4758,238.714,-1.316,2.08,19.637,-0.703,0.0,83.925,-28.283,-58.186,-24.143,3305.205,0.3595,28.508,0,0,0,0
4420,5,6.584,29.015,62.364,3.977,0.0,334.74,-8.173,16.686,30.228,-7.746,0.1291,499.106,-73.369,51.994,-60.752,524.53,0.1206,16.377,1,0,0,0
831,3,3.842,28.718,-28.63,3.176,0.1806,448.184,-0.822,-25.093,22.907,-1.158,0.1696,164.546,60.624,43.464,57.961,3073.852,0.2758,21.328,0,0,0,0
1110,10,-0.391,11.138,84.223,1.443,0.2008,535.411,4.591,19.438,-4.192,5.505,0.137,299.194,28.339,-75.929,36.964,3277.857,0.0932,0.0,1,0,0,0
4571,10,-15.796,-41.915,-78.869,-16.679,0.4794,148.027,-12.438,0.533,-16.358,-9.748,0.4757,256.176,-19.329,68.669,-2.041,380.735,0.5106,79.356,1,0,0,1
988,10,-24.629,-47.667,-72.718,-24.969,0.5454,423.813,1.029,-7.659,-30.1,3.337,0.4679,23.449,-19.724,19.314,-28.591,2047.394,0.7198,83.776,1,0,0,1
4178,10,-21.01,-19.674,38.212,-21.55,0.083,520.042,-0.169,-38.348,44.324,0.047,0.0828,498.237,-38.899,4.814,-34.695,6618.644,0.264,0.0,0,0,0,0
1403,10,-10.332,1.337,-18.423,-8.226,0.0078,672.286,-22.598,-16.851,13.473,-22.214,0.1325,186.482,-3.112,65.5,-9.027,509.828,0.4729,33.32,0,0,0,0
246,5,-31.786,-27.622,-39.042,-32.139,0.8075,177.44,3.766,-19.7,-39.925,6.261,0.0512,162.04,97.857,307.0,98.944,2815.137,0.946,69.71,1,0,1,1
1509,10,-18.216,-56.511,-23.095,-20.059,1.0,267.393,1.807,-20.69,-44.841,0.551,0.1876,367.473,-55.76,-105.066,-60.159,178.075,0.5364,63.448,1,1,0,1
3275,10,-0.994,-26.765,-5.779,-4.264,0.0602,337.216,23.04,5.737,40.97,22.72,0.0,365.806,-35.548,34.907,-42.576,79.405,0.21,8.549,0,0,0,0
4245,5,-5.218,11.902,6.805,-4.187,0.2087,509.904,-9.993,36.979,-74.606,-11.631,0.0,509.556,46.415,-112.046,42.583,600.344,0.347,27.823,0,0,0,0
129,5,8.457,-16.478,-7.105,7.051,0.0055,113.191,-4.892,-11.613,-8.66,-4.598,0.1154,370.031,19.98,88.812,25.087,2684.048,0.1504,0.0,0,0,0,0
3938,5,8.386,-2.836,0.974,7.979,0.0237,192.506,-1.763,55.292,-33.258,0.219,0.0,145.014,-35.048,95.702,-30.444,3550.915,0.0749,17.849,0,0,0,0
462,3,-22.013,10.886,-72.794,-23.93,0.7253,384.869,-13.289,-19.729,-56.03,-17.073,0.2187,75.418,0.892,-83.27,2.452,3451.688,0.395,74.001,1,0,0,1
1958,5,-13.371,-63.489,-79.225,-12.751,0.4755,180.298,15.005,-10.652,-40.601,16.728,0.4134,39.73,-37.025,-25.657,-48.058,2183.433,0.7517,60.595,0,0,0,1
4334,10,6.849,25.544,-64.126,8.467,0.1377,67.095,-3.307,38.927,11.406,-2.216,0.0,137.847,-62.098,27.083,-67.035,6716.208,0.5083,13.348,0,0,0,0
530,5,-14.548,-29.224,-54.801,-12.549,0.4375,317.328,-7.428,-4.474,-49.811,-4.702,0.5137,264.299,1.098,62.437,-0.871,7498.601,1.0,68.462,0,0,0,1
2547,10,21.548,15.785,54.614,20.409,0.0,283.691,-4.343,-20.93,-1.149,-3.784,0.1477,444.409,-9.78,2.664,-9.752,1011.962,0.3291,27.36,0,0,0,0
2361,10,-11.091,-48.423,-54.711,-9.92,0.6609,125.969,-8.709,-2.28,-40.124,-3.476,0.4204,84.411,-11.125,-270.805,-16.102,3889.63,0.6151,61.793,1,1,0,1
2927,5,-16.415,-20.36,-61.533,-14.785,0.2699,330.745,1.825,-20.11,67.228,-0.635,0.0474,330.706,-47.305,-23.943,-48.309,5268.429,0.0,32.372,0,0,0,0
992,5,-2.833,-30.483,-15.349,-2.201,0.393,545.215,6.177,11.589,19.493,6.022,0.0582,360.243,-7.691,-91.651,4.106,1547.191,0.3045,33.306,0,0,0,0
1515,10,-4.316,-3.794,61.659,-3.63,0.0,459.508,-25.717,-6.997,-1.735,-25.653,0.0,135.216,34.494,-59.528,48.736,1544.033,0.1114,7.771,0,0,0,0
3597,10,22.545,-13.494,-20.688,25.952,0.6598,551.338,-1.491,14.455,-20.539,-1.231,0.009,527.583,67.253,-41.592,51.388,3399.196,0.2817,75.925,0,0,0,0
3748,10,-3.957,34.29,2.705,-3.141,0.0807,320.26,-4.398,-1.285,10.017,-6.278,0.0359,228.29,-32.5,114.218,-25.089,4297.922,0.2817,14.329,0,0,0,0
3405,3,-17.154,-35.266,-27.709,-15.783,0.3121,403.217,-10.63,-8.195,2.607,-11.19,0.0038,388.293,40.179,-2.977,34.062,671.653,0.4811,0.0,0,1,0,0
3739,10,8.721,-32.226,19.728,9.802,0.2392,310.027,-6.487,-2.26,-3.351,-4.136,0.1241,394.496,-72.089,-147.04,-66.977,4490.48,0.425,51.95,0,0,0,0
4499,3,-13.796,-40.244,-46.242,-13.446,0.2342,535.12,-10.332,-33.384,-82.885,-12.294,0.2896,124.658,-59.142,216.895,-45.968,3303.348,0.4657,80.587,0,0,1,1
1808,5,10.885,74.608,-63.09,15.081,0.0122,189.168,-29.371,7.18,2.826,-30.404,0.0,137.116,30.699,-81.981,12.462,5429.404,0.0843,32.497,1,0,0,0
998,5,-1.724,-17.132,-56.196,-3.53,0.3345,279.456,-3.185,12.34,73.969,-0.309,0.091,18.538,69.791,20.967,78.813,3111.632,0.6292,48.507,1,0,0,0
3218,10,13.308,-23.741,17.126,14.137,0.0959,80.503,-8.309,0.065,54.354,-11.556,0.0,490.149,-46.088,28.35,-35.544,4741.076,0.0423,14.382,0,0,0,0
1667,3,-18.603,-54.832,-55.753,-18.449,0.2662,237.971,-11.702,-30.224,-30.23,-8.574,0.521,153.212,-2.721,-140.583,-8.829,3224.863,0.7099,60.343,1,1,0,1
263,3,-27.306,-37.158,-88.211,-27.832,0.3805,395.948,-7.224,-18.029,-10.689,-9.108,0.3399,145.351,24.191,-45.658,24.262,598.871,1.0,72.884,0,1,0,1
2693,3,0.761,0.711,80.413,1.458,0.1632,563.954,-12.591,-18.842,57.779,-14.088,0.1503,272.647,-18.365,128.6,-20.139,5314.789,0.1566,28.883,0,0,0,0
34,5,-8.233,-41.704,21.923,-6.344,0.0315,484.578,-6.659,5.989,-31.493,-10.105,0.0042,384.566,-32.09,-80.949,-35.296,5010.817,0.0407,33.157,0,0,0,0
3528,3,4.01,0.488,38.839,3.129,0.0319,152.228,-15.232,-12.799,-16.528,-17.398,0.0473,387.366,39.158,106.853,37.794,3633.473,0.4274,11.244,0,0,0,0
4975,3,-7.071,-36.078,17.708,-7.073,0.0767,318.623,0.205,5.648,-15.094,4.259,0.1972,163.341,5.968,21.296,-1.235,5241.808,0.2091,25.556,0,0,0,0
4507,5,-23.714,-29.896,-60.48,-24.21,0.4918,206.951,-2.613,-8.173,-33.495,3.646,0.5508,8.829,-24.833,-37.314,-27.695,1056.37,0.4666,57.857,1,0,0,1
3427,10,-21.004,1.67,-85.936,-22.597,0.5317,185.924,-14.201,-14.618,-52.728,-12.101,0.0,24.194,52.759,41.733,44.073,2320.603,0.8087,96.334,1,0,1,1
4944,3,-17.947,-28.392,-2.901,-18.105,0.0,223.759,-25.798,-12.72,5.931,-24.553,0.0639,152.053,-10.236,144.805,-15.87,2141.574,0.2898,15.028,0,0,0,0
3125,5,-9.876,-48.83,-20.655,-10.815,0.7398,215.877,-4.164,-30.295,-44.378,-5.158,0.3713,65.847,-37.831,58.199,-38.511,2111.874,0.7577,96.267,1,0,0,1
1439,10,-5.256,-23.294,-14.562,-5.893,0.6609,169.17,-0.964,6.698,-50.28,-2.329,0.6415,46.814,-25.842,19.388,-18.423,2409.805,0.555,91.596,0,1,1,1
266,3,-20.501,-16.354,-5.882,-21.582,0.3457,179.737,-11.545,-3.099,-17.611,-8.475,0.4092,93.379,-31.656,39.484,-6.498,3017.083,0.9214,51.604,1,0,1,1
1296,10,-3.625,-43.323,-34.668,-4.279,0.1186,434.247,4.263,3.864,17.468,5.864,0.0109,529.798,-20.563,-2.866,-14.422,1700.821,0.2438,27.123,0,0,1,0
945,3,-28.596,-27.203,-88.884,-29.839,0.7929,377.009,-3.942,-18.87,-16.206,-4.647,0.6113,108.042,-65.028,-15.223,-59.367,521.754,0.7961,60.774,0,0,0,1
4471,10,-10.963,-60.166,-55.407,-11.064,0.2654,146.012,-6.392,-27.787,-13.808,-8.25,0.4351,129.371,-107.775,19.888,-112.079,5644.164,0.6787,47.502,0,0,0,1
1234,5,20.623,-53.155,6.365,19.928,0.0192,386.29,4.022,-29.281,11.74,3.015,0.0418,588.844,38.456,-103.94,45.597,5601.837,0.11,21.988,0,0,0,0
4843,10,-7.759,-5.831,-56.302,-7.819,0.2255,250.328,-21.206,16.81,-7.332,-22.381,0.0,109.406,-18.979,-96.443,-5.453,4370.978,0.3179,0.0,0,0,0,0
1663,5,-22.106,-56.813,-56.892,-20.549,0.5358,424.602,-8.446,-28.882,-27.625,-7.81,0.489,242.734,-23.801,-153.672,-17.889,4895.958,0.9765,69.987,1,0,0,1
3891,3,-11.566,53.728,32.193,-11.306,0.0,407.199,-1.613,4.869,21.171,-0.225,0.3386,465.178,1.776,24.884,-14.855,392.128,0.3298,31.018,1,0,0,0
162,3,-16.595,-32.059,-54.731,-17.263,0.6619,130.238,-3.771,-23.322,-6.617,-2.535,0.2649,98.035,1.834,32.596,2.183,6316.498,0.7067,60.227,1,0,0,1
1081,10,-14.726,-43.781,-15.192,-15.426,0.0,659.932,-38.595,-11.873,-8.487,-34.8,0.1939,58.336,-66.425,47.416,-57.419,3237.017,0.2303,16.937,0,0,0,0
1075,10,12.15,-11.392,22.55,10.132,0.0733,439.619,-7.94,-19.948,5.798,-9.717,0.1603,317.144,82.215,68.252,84.621,8080.959,0.0491,0.304,0,0,0,0
2244,5,-23.434,-35.786,-8.755,-26.749,0.7533,228.656,-8.508,-16.634,-21.842,-8.751,0.2055,101.146,-86.013,16.885,-54.453,591.163,0.695,76.201,1,0,0,1
4972,3,12.812,2.631,15.591,13.929,0.0582,246.66,-11.004,4.925,42.849,-14.787,0.0923,368.719,-29.647,-127.829,-25.543,1024.562,0.134,0.0,1,0,0,0
893,10,-12.682,-45.672,-57.717,-11.698,0.5692,263.667,-13.56,-2.364,0.728,-10.193,0.5098,373.249,45.362,-182.595,32.642,587.995,0.6955,98.616,1,0,1,1
4947,10,14.694,10.154,-10.016,14.339,0.0,477.877,6.883,-29.84,-31.822,7.576,0.0967,288.997,7.71,209.559,10.341,1197.562,0.1847,8.579,0,0,0,0
2855,10,-10.0,-8.037,-13.159,-11.275,0.0955,371.953,-18.387,57.901,-7.382,-19.252,0.0328,398.939,74.975,70.461,74.593,2692.753,0.1295,8.302,0,0,0,0
3422,10,-11.158,-33.397,-11.338,-14.554,0.4291,29.75,-10.238,-34.962,3.563,-8.364,0.5818,31.227,45.262,120.668,43.316,1387.134,0.8706,41.381,1,0,0,1
4538,3,-12.224,-9.672,41.728,-15.351,0.2254,345.294,-21.58,-8.22,83.704,-21.098,0.2352,170.418,36.932,-24.212,40.705,5106.31,0.0613,0.0,0,1,0,0
3139,3,-17.807,-39.158,-38.407,-18.018,0.3823,414.379,-12.661,1.968,5.064,-13.034,0.256,4.579,-52.928,-52.945,-48.579,3615.306,0.6378,77.31,1,0,0,1
2070,10,-9.009,-16.282,-28.937,-9.473,0.0998,662.005,2.4,-10.924,38.369,3.933,0.0129,238.385,1.385,72.224,-7.793,277.226,0.0719,15.648,0,0,0,0
4271,3,3.467,19.121,-27.766,1.224,0.0858,266.188,8.934,-48.512,-15.242,9.836,0.1876,542.412,67.191,-62.237,83.534,3132.654,0.1095,25.138,0,0,0,0
2034,3,10.992,4.416,-23.526,8.568,0.2134,237.859,-19.991,-14.364,26.81,-21.116,0.0,200.296,15.393,-33.263,23.077,3378.439,0.0243,29.309,0,0,0,0
3709,3,-22.98,-19.813,21.476,-25.195,0.0,164.076,9.925,-8.589,37.984,14.249,0.0,13.383,-22.081,61.2,-31.072,1525.187,0.0804,15.817,1,0,0,0
1003,5,5.336,-42.835,53.04,6.769,0.2054,588.23,0.487,-10.958,-8.59,-0.484,0.0219,179.335,-21.315,-124.595,-20.728,1237.313,0.0889,0.0,1,0,0,0
2766,5,16.142,8.643,35.557,17.394,0.0755,606.616,-3.739,2.267,33.311,-1.379,0.0926,166.632,-23.607,-105.488,-26.278,3848.815,0.072,19.391,1,0,0,0
4840,3,15.709,17.529,4.17,16.598,0.007,639.698,-26.491,-14.954,27.767,-29.737,0.1823,551.868,8.436,106.564,18.063,139.379,0.0212,23.751,0,0,0,0
1306,3,-3.322,-44.974,-38.034,-4.099,0.1113,661.578,-8.493,1.763,-28.334,-6.049,0.0494,387.314,29.217,210.39,24.766,3439.241,0.2433,17.56,0,0,0,0
1227,3,-35.733,15.965,40.949,-33.189,0.238,392.238,-2.831,42.687,-21.016,-3.761,0.127,280.427,-24.874,-53.928,-15.72,4700.158,0.0,33.722,0,0,0,0
2692,10,-24.886,-57.055,-6.465,-23.621,0.5094,638.743,-17.233,-17.532,-15.893,-16.583,0.3223,160.217,50.541,-130.544,47.034,883.023,0.7397,30.33,1,0,0,1
3877,3,-6.588,-2.923,-42.365,-5.862,0.0,759.568,-6.742,-5.519,-44.058,-5.597,0.2457,164.315,9.796,-18.077,1.099,1499.091,0.0627,47.38,0,0,0,0
41,10,-20.009,-59.827,-37.209,-19.036,0.6922,314.728,3.333,-33.243,-32.294,3.075,0.3135,369.099,-49.066,-201.944,-41.084,1453.194,0.6217,73.681,0,0,0,1
2966,3,2.738,-32.261,27.138,6.743,0.168,93.423,-1.477,10.961,17.589,-0.53,0.0201,119.426,-49.485,-139.351,-43.53,2748.974,0.1566,39.565,1,0,0,0
1383,10,1.632,3.777,75.873,1.939,0.1472,711.585,-21.919,-7.938,5.647,-21.761,0.1412,419.362,28.214,87.127,32.609,5799.776,0.1535,24.927,0,0,0,0
1603,10,19.354,-5.123,-19.476,20.518,0.0996,342.236,7.393,13.824,35.86,7.672,0.0,484.833,22.419,76.408,15.464,5220.441,0.1638,2.749,1,0,0,0
2856,5,26.289,45.838,27.066,23.534,0.2149,318.648,-9.656,-0.756,-29.756,-10.736,0.0281,352.607,-62.205,-99.683,-71.16,3874.875,0.4254,32.495,0,0,0,0
2715,3,29.536,-21.636,40.928,26.955,0.0534,463.583,17.503,-2.993,-39.493,21.441,0.0009,180.297,19.266,70.169,18.82,5379.933,0.0,0.0,1,0,0,0
339,5,-17.856,-44.822,-30.901,-16.257,0.6489,201.153,-6.156,-11.224,-28.909,-8.695,0.6648,251.675,-4.028,139.136,-12.724,1011.422,0.6682,35.13,1,0,1,1
121,10,-14.492,-59.022,9.229,-11.446,0.035,708.328,-8.564,19.711,-63.943,-10.853,0.0055,61.879,-38.474,-39.742,-28.528,619.581,0.2893,17.021,0,0,0,0
3958,10,-8.646,-3.891,-25.895,-4.969,0.4516,336.265,-14.685,18.403,-8.699,-13.045,0.0,220.827,-129.086,67.009,-126.766,1747.958,0.1121,52.311,1,0,0,0
4797,3,1.561,-13.222,-50.201,1.384,0.3927,131.751,-23.726,-2.659,-38.567,-22.21,0.117,227.274,-50.289,114.095,-40.21,1999.689,0.3084,40.279,0,0,0,0
2501,5,-2.967,25.587,32.42,-5.291,0.0,287.96,-10.257,38.416,-2.683,-12.337,0.1052,454.992,2.309,-137.155,0.156,5464.005,0.1022,28.56,0,0,0,0
4290,3,-25.482,-17.816,-100.0,-24.294,0.147,326.951,-3.505,-19.229,-45.306,-1.342,0.3752,141.755,-65.075,-113.023,-58.338,1541.661,0.9464,67.307,0,0,1,1
3296,5,-23.575,-18.631,-69.37,-27.449,0.9125,188.098,4.637,-23.773,-16.059,5.966,0.4111,69.67,-21.302,-144.316,-13.39,879.822,1.0,58.073,1,0,0,1
3194,3,-11.113,-22.714,-79.74,-12.596,0.6946,273.418,0.257,-26.954,-47.395,3.122,0.1694,34.076,21.008,-266.014,20.866,1290.679,0.8208,69.165,1,0,0,1
2714,3,-2.444,22.156,-32.686,-1.366,0.2251,557.806,-21.626,8.104,-15.844,-18.626,0.0475,359.498,30.006,110.847,23.752,3554.593,0.5337,4.021,0,0,0,0
308,3,14.163,-9.044,14.884,9.9,0.0447,580.774,-0.579,30.507,6.407,-3.344,0.0,419.009,-15.627,-10.345,-12.461,1900.678,0.066,8.763,0,0,0,0
3668,3,-7.613,-9.477,1.07,-8.35,0.1488,671.94,10.437,-24.065,-23.735,11.793,0.0043,160.661,-51.13,-30.863,-48.873,7122.797,0.0,35.001,0,0,0,0
2277,3,8.843,30.462,-1.502,9.587,0.0963,195.731,8.737,-22.162,-13.091,10.116,0.152,139.462,22.934,-4.094,31.831,5773.052,0.1253,28.288,0,0,0,0
493,10,13.605,30.408,23.59,15.888,0.0726,717.928,-6.714,-11.524,20.815,-10.866,0.035,285.62,42.833,-16.114,25.95,4148.291,0.0917,1.673,0,0,0,0
4901,10,-6.617,-22.571,-17.403,-11.219,0.037,234.554,-8.644,1.328,-0.897,-11.554,0.0,402.221,4.618,128.411,6.934,6379.451,0.0684,18.883,0,0,0,0
2694,3,21.971,-1.202,33.86,24.584,0.1221,435.841,0.411,-30.856,-27.922,-0.054,0.0208,391.207,-42.883,86.657,-56.424,498.684,0.0722,24.354,0,0,0,0
2037,5,-23.173,-44.631,-52.801,-23.406,0.1167,23.557,2.329,-17.993,-38.454,4.51,0.0404,168.761,-40.177,-0.781,-43.958,2742.575,0.7043,95.878,1,0,0,1
3359,3,6.938,19.627,-12.028,5.288,0.0884,309.369,7.713,9.956,67.315,6.791,0.0,287.241,89.121,-110.516,97.629,6184.824,0.1739,31.529,0,0,1,0
3645,10,-17.011,-18.392,-59.316,-15.436,0.642,374.401,7.425,-2.493,-63.404,8.356,0.0932,525.775,1.052,36.795,-15.517,3363.487,0.0847,45.928,0,0,1,0
664,5,-25.078,-55.045,-70.922,-25.461,0.34,217.428,-24.58,-12.778,-5.276,-24.559,0.1515,50.392,18.495,44.39,21.646,106.377,0.5158,89.245,1,0,0,1
1750,10,-10.158,31.233,3.819,-7.582,0.046,566.273,-8.062,19.149,16.796,-10.273,0.0,617.39,3.397,100.839,-2.497,7100.33,0.4905,22.137,0,0,0,0
3724,10,3.071,7.62,28.979,3.065,0.1562,319.417,1.84,-13.53,-36.768,2.322,0.1974,374.572,65.809,42.252,62.102,476.197,0.1766,25.827,0,0,0,0
119,3,-16.435,-6.202,24.71,-16.205,0.1479,597.699,13.147,12.925,-12.662,12.731,0.0068,644.474,3.735,15.664,1.893,184.813,0.1118,16.996,0,0,0,0
4371,5,-11.188,3.464,-8.056,-6.848,0.0351,317.731,0.246,-0.961,-29.105,-0.808,0.0,458.381,64.695,-55.951,46.538,4868.974,0.2801,47.963,0,0,0,0
655,5,-23.082,-12.398,33.485,-24.471,0.1632,461.259,12.241,14.464,2.866,15.782,0.0466,407.628,29.703,-167.339,32.58,2500.582,0.0187,0.0,0,0,0,0
1250,3,2.281,-24.731,21.664,1.653,0.0849,321.18,-14.928,-23.947,-11.742,-15.802,0.1207,544.839,27.307,-76.264,4.296,4827.15,0.0473,8.931,0,0,0,0
3910,5,-18.405,-35.802,-34.855,-15.243,0.8969,190.945,4.826,-8.85,-11.176,4.802,0.7597,325.723,-38.264,-66.372,-34.448,3660.318,1.0,57.185,1,1,1,1
1981,5,-18.341,-25.231,-42.546,-18.148,0.6741,444.762,-9.747,-18.161,-16.675,-9.162,0.5499,35.382,-51.182,-43.181,-55.471,5984.809,0.6739,65.628,0,0,0,1
3094,10,12.904,-23.516,-74.946,12.063,0.3792,580.657,11.209,15.168,40.756,7.119,0.0081,560.488,27.635,14.296,37.94,937.641,0.2722,44.408,0,0,0,0
2191,10,6.081,15.239,8.423,6.223,0.0377,580.396,-28.115,-23.801,7.616,-27.532,0.1882,533.925,18.132,81.827,5.516,4609.968,0.1252,20.165,1,0,0,0
1155,10,5.35,11.341,-66.353,4.429,0.0983,544.313,-4.46,19.062,24.385,-3.94,0.1502,271.146,-20.029,192.643,-27.762,6432.189,0.3625,1.699,0,0,0,0
3407,3,5.953,-37.281,-8.847,6.404,0.1876,499.965,-7.501,-17.411,-40.857,-5.936,0.0,516.217,62.477,96.679,57.328,3684.331,0.2495,21.026,0,1,0,0
3198,3,-19.953,-33.718,-98.418,-21.844,0.8681,120.296,-0.51,-28.544,-2.512,-0.806,0.2629,152.383,-48.702,-152.319,-42.759,2126.267,0.8621,75.522,1,1,1,1
2163,5,-0.382,-19.621,-22.442,0.034,0.1597,34.481,-5.086,-8.693,15.141,-5.196,0.0931,541.496,11.469,3.653,12.872,6174.63,0.3497,28.93,1,0,0,0
579,3,-25.812,-30.665,-100.0,-28.053,0.3378,203.684,-10.456,-48.86,-0.793,-11.053,0.4159,0.305,-9.081,56.833,-10.401,1676.141,0.8421,56.828,1,0,0,1
386,10,3.487,23.868,13.957,1.685,0.0902,403.671,-5.164,11.064,4.843,-4.652,0.0885,395.879,-17.415,-144.978,-39.648,2093.693,0.356,24.352,0,0,0,0
2562,5,2.937,39.755,-47.943,4.986,0.1775,523.416,14.315,-14.409,3.471,15.193,0.1019,257.531,89.918,-194.567,94.425,4012.782,0.0,13.287,1,0,0,0
149,3,-6.703,16.06,27.568,-3.864,0.2349,191.933,2.174,29.172,41.004,3.518,0.0,301.833,-7.312,-132.494,-2.025,6503.419,0.446,40.719,0,0,0,0
982,5,6.838,6.412,60.633,4.228,0.0286,241.078,3.435,-9.226,-50.948,7.272,0.1164,334.919,28.068,-7.525,16.841,3206.909,0.1127,20.973,0,0,0,0
496,3,-16.078,31.712,36.803,-18.007,0.0843,700.237,-2.246,-0.436,42.488,-3.436,0.073,230.116,-39.023,-152.253,-42.627,6525.767,0.2787,14.962,0,0,0,0
3558,3,-18.347,-11.7,-40.809,-18.54,0.713,155.108,-6.353,3.711,-31.115,-10.14,0.3618,105.38,-17.596,-25.112,-6.379,3774.252,0.9951,74.083,0,0,0,1
1988,3,18.144,26.927,-45.303,19.666,0.1634,435.377,2.527,-0.309,-18.119,3.023,0.0,447.42,-73.134,-146.505,-67.815,6060.432,0.0,0.0,1,0,0,0
3068,3,-2.729,-15.597,35.074,-4.96,0.0923,540.648,-14.841,-3.51,-15.807,-13.336,0.0,411.867,-34.937,-27.247,-46.371,5480.539,0.5178,6.957,0,0,0,0
1918,10,-9.474,-34.032,-27.367,-9.318,0.3459,205.027,-0.769,-16.367,14.549,1.464,0.097,211.403,42.419,-0.04,33.784,1148.98,0.1451,49.373,0,0,0,0
3080,5,-19.576,13.312,32.033,-20.848,0.3616,426.839,3.109,-2.632,-35.784,3.48,0.0354,173.28,-1.469,-16.208,1.159,4365.274,0.0206,15.526,0,1,0,0
3290,10,-9.723,-3.073,64.232,-10.815,0.0,81.374,-5.351,-34.504,-23.041,-3.609,0.1977,180.393,15.197,102.987,22.24,5489.469,0.3149,38.638,0,0,0,0
4836,3,-6.245,-23.085,-34.599,-5.681,0.5702,242.32,-8.539,-30.906,-26.63,-8.02,0.4097,206.326,-32.316,75.688,-20.549,2493.294,0.6614,68.706,0,0,1,1
3664,3,-31.416,-55.382,-44.611,-33.53,0.7504,309.971,-1.183,-33.198,-3.238,-0.252,0.1989,116.95,26.865,-49.688,12.335,6781.383,0.9124,60.68,0,0,1,1
1648,10,21.861,33.934,-23.97,19.921,0.1388,379.347,-1.944,7.319,-56.118,-3.3,0.0,259.141,-36.694,-113.362,-29.976,3561.231,0.0878,36.557,0,0,1,0
1686,3,-21.769,-7.807,-95.21,-22.564,0.7394,4.256,-9.508,-24.287,-41.434,-6.616,0.1755,152.612,16.67,-15.614,14.78,307.635,0.8045,70.148,1,0,1,1
4644,3,-10.051,4.615,-26.026,-9.732,0.0,700.037,-4.75,-8.843,-5.523,-2.558,0.0238,500.782,4.799,258.605,6.294,310.694,0.0,0.0,0,0,0,0
899,3,-28.064,7.058,-23.473,-29.471,0.1136,647.957,15.984,10.197,19.329,13.97,0.2167,338.881,0.129,77.733,12.897,5885.134,0.1865,35.761,0,0,0,0
1312,5,14.952,3.359,-24.244,12.823,0.054,171.556,-9.638,22.212,37.916,-11.446,0.0732,263.849,-25.742,-5.81,-30.156,3091.009,0.2534,10.407,0,0,0,0
3329,3,3.702,28.337,-21.646,3.296,0.1414,91.2,-12.356,-9.397,5.562,-15.097,0.1858,517.235,78.885,97.983,83.475,4101.545,0.1517,34.759,0,0,0,0
4701,5,-1.966,-36.731,-4.936,1.876,0.3399,365.938,-8.893,5.629,-36.284,-7.525,0.1701,203.852,8.662,-155.267,13.835,4715.218,0.4313,60.426,0,0,0,0
4009,10,33.657,-10.127,-4.98,34.689,0.0295,261.805,5.254,-22.592,30.177,1.429,0.1091,142.007,44.519,-26.936,41.394,2117.411,0.3489,23.782,0,0,0,0
2725,3,-28.898,43.463,-60.398,-28.487,0.0831,489.151,3.896,20.606,1.293,7.094,0.0366,417.225,32.962,-58.898,29.768,2857.221,0.2491,27.974,1,0,0,0
4231,10,-19.752,-29.99,-14.547,-23.128,0.523,117.656,-3.313,-20.212,-20.68,-4.333,0.5348,94.682,-34.56,42.748,-22.618,3666.905,0.9079,70.406,0,0,0,1
1580,5,-9.838,-54.714,5.08,-8.224,0.1265,177.449,6.136,-9.309,-10.385,7.221,0.006,510.907,23.074,23.072,18.578,8138.815,0.1888,18.791,0,0,0,0
2407,3,1.985,19.832,26.552,0.617,0.0,385.843,-5.522,22.734,-29.171,-5.504,0.0,244.958,9.899,99.684,7.69,2693.973,0.1107,13.514,0,0,0,0
153,5,22.79,5.32,26.066,21.961,0.0,483.563,5.351,-22.624,7.856,7.871,0.1949,365.279,11.935,-77.432,29.262,1848.622,0.4262,1.261,0,0,0,0
4413,3,-5.97,19.645,50.252,-5.612,0.0783,156.272,6.671,1.717,10.772,6.088,0.0486,161.921,-6.755,29.088,-4.945,3489.208,0.2405,29.502,0,0,0,0
4607,5,-37.807,-2.43,-21.882,-34.373,0.2525,360.694,13.818,13.095,-0.852,10.767,0.1263,426.211,-2.833,-19.42,2.46,1395.722,0.2318,5.907,0,0,0,0
1556,10,27.785,26.226,20.068,27.067,0.1183,553.353,5.473,33.527,-23.63,4.873,0.1607,135.552,69.901,-43.746,71.747,2707.663,0.19,0.0,0,0,0,0
3738,10,-6.266,-47.44,23.534,-6.415,0.0821,687.016,4.13,15.25,35.816,5.527,0.0,551.98,-50.511,45.384,-46.523,1458.004,0.0,6.805,0,0,0,0
326,3,4.079,-18.371,29.713,2.5,0.0,461.608,-17.961,-6.644,-17.95,-16.696,0.1011,310.826,26.978,-35.047,17.921,3811.981,0.1573,1.154,0,1,0,0
2000,3,4.676,-44.847,-10.049,4.689,0.2502,537.633,-10.396,17.287,18.234,-10.046,0.1036,203.175,2.418,-40.972,12.395,2162.637,0.2049,9.945,1,0,0,0
1673,10,12.909,7.611,32.773,13.724,0.1044,571.347,10.089,2.722,6.38,10.868,0.1348,194.241,21.769,-116.486,26.09,4930.535,0.3436,9.499,0,0,0,0
4824,3,6.338,-23.32,2.469,5.293,0.0,170.961,3.298,-4.515,-24.268,3.965,0.0,204.352,61.891,-61.286,52.515,2183.273,0.0494,34.137,0,0,0,0
522,3,-1.599,48.434,-100.0,-0.363,0.0602,124.484,9.997,21.958,45.018,10.213,0.0,349.49,63.513,58.144,54.756,2509.232,0.2418,8.734,1,0,0,0
3631,5,5.182,-10.078,-23.86,4.629,0.1028,163.909,19.791,2.092,44.069,22.728,0.0696,62.115,5.627,-34.384,14.03,3040.842,0.2843,19.499,0,0,0,0
3886,3,-20.744,-38.413,-69.12,-20.302,0.6489,119.399,-12.179,20.88,-19.706,-7.943,0.3471,257.8,33.659,-244.071,29.237,4013.524,0.8915,80.248,1,0,0,1
878,3,-16.339,-1.178,-22.724,-14.195,0.0345,444.739,5.872,-14.78,15.435,4.079,0.0778,317.385,12.921,-44.83,22.739,2950.21,0.0919,8.585,0,0,0,0
4273,10,-27.339,50.695,14.023,-30.924,0.0744,98.867,-17.361,-7.034,-24.112,-15.441,0.1251,282.018,15.773,-64.643,16.244,4422.625,0.0793,14.124,0,0,0,0
2055,3,-7.478,28.115,-21.905,-6.577,0.1241,415.475,22.316,31.951,-23.137,26.223,0.0614,570.936,-1.898,73.643,9.599,3253.219,0.4505,29.043,1,0,0,0
73,5,-30.048,23.389,0.735,-30.867,0.0,523.771,-0.787,-35.087,-27.635,-0.493,0.0598,241.82,24.904,61.659,25.06,4302.089,0.3613,26.374,1,0,0,0
3292,3,4.86,3.941,-29.536,5.763,0.0714,478.742,0.364,10.523,-29.548,-4.547,0.0919,468.363,25.257,186.022,2.021,890.187,0.0,26.409,0,0,0,0
515,5,-28.631,-46.042,-35.063,-26.577,0.7337,87.153,-12.307,-31.061,-70.173,-12.937,0.3374,71.173,8.187,-81.02,4.673,820.842,0.5797,65.827,1,0,0,1
184,10,8.451,-31.774,-40.417,11.219,0.0,176.962,-14.882,-10.345,-54.807,-14.379,0.3829,62.885,-39.624,-103.653,-26.116,1892.239,0.7576,53.14,0,0,0,1
2262,10,-16.644,-6.287,14.718,-19.936,0.0374,250.619,-6.722,3.023,-11.441,-5.244,0.0854,217.031,-15.849,24.556,-9.361,4981.627,0.2508,0.0,0,0,0,0
1286,3,-4.646,-74.295,-5.204,-2.276,0.0,243.729,21.041,-17.879,-18.047,23.914,0.1993,228.884,46.602,89.418,37.659,2226.562,0.0739,0.0,0,0,0,0
4073,3,15.106,47.113,-7.749,15.29,0.0,314.398,-1.121,-34.162,-9.212,3.878,0.0082,137.786,59.786,90.162,65.218,1021.661,0.0,16.192,0,0,0,0
1691,10,-22.471,-40.179,-16.609,-23.612,0.2106,274.773,-10.593,2.621,-20.771,-11.979,0.4951,286.61,-112.532,-212.096,-106.453,2992.783,0.8453,42.89,0,0,1,1
3236,10,-2.52,-10.178,-36.164,-1.112,0.2316,366.724,-3.697,-18.03,3.553,-4.735,0.0554,435.68,-10.146,-141.268,-15.847,3261.437,0.3464,48.539,1,0,0,0
2459,3,10.07,-3.665,-38.454,9.335,0.0834,324.393,-11.037,-27.444,37.108,-10.906,0.181,273.842,29.018,108.339,21.994,1921.651,0.0721,10.529,0,0,0,0
2542,3,-11.571,19.942,19.564,-9.774,0.0719,474.881,-7.358,-7.468,-28.865,-9.678,0.0492,274.634,-14.174,97.197,-25.47,833.64,0.4227,50.073,1,0,1,0
480,3,-34.249,-4.805,-22.082,-29.777,0.0,332.861,11.224,-11.061,22.988,13.643,0.0673,465.273,18.296,-71.446,14.123,5491.397,0.2841,24.574,0,0,0,0
318,10,17.47,9.9,-0.424,18.777,0.2508,190.693,9.474,3.448,32.518,9.099,0.0,252.631,-26.522,29.494,-32.066,246.405,0.1534,16.253,0,0,0,0
3186,3,10.924,24.117,25.238,10.22,0.093,157.821,-0.41,20.072,-32.719,-0.884,0.0024,207.746,-67.36,-139.418,-64.654,4539.964,0.059,21.704,0,0,0,0
868,5,9.444,-35.76,-27.546,9.316,0.0,100.364,4.975,19.02,32.403,1.274,0.0,294.423,-6.528,-54.914,0.403,5666.622,0.0877,15.522,1,0,0,0
2030,3,-5.131,1.693,54.611,-5.287,0.1205,225.947,5.462,29.92,17.281,4.42,0.1148,356.996,-26.243,-18.457,-33.891,3075.179,0.0,23.556,0,0,0,0
384,5,3.283,8.253,-0.188,4.481,0.2028,658.803,-10.412,-7.05,24.197,-11.761,0.0,151.9,-11.921,-0.171,-10.576,3353.143,0.1099,4.143,0,0,0,0
3469,3,-10.767,-20.39,13.576,-9.916,0.1749,363.681,1.54,-35.592,3.616,2.95,0.0707,283.434,2.559,72.251,1.668,4209.783,0.2348,6.256,0,0,0,0
3881,10,-31.7,-20.633,-21.565,-33.086,0.2542,478.863,-1.527,-34.269,-41.89,-0.04,0.5634,199.103,-13.033,-132.752,-14.463,3569.096,0.6138,56.298,0,0,0,1
1639,3,7.542,-31.818,-36.017,6.527,0.4924,674.061,-9.663,-2.547,9.631,-12.217,0.1252,202.851,-42.439,106.53,-49.253,1644.874,0.3246,27.828,1,0,0,0
4093,3,-12.933,-43.618,-2.122,-11.751,0.362,194.32,-14.068,-43.822,-22.381,-13.322,0.3706,402.595,-56.278,-103.573,-51.828,1445.526,0.5795,83.92,1,0,0,1
2639,10,-13.909,29.137,27.009,-12.749,0.0776,478.641,-12.773,-47.368,-6.071,-10.459,0.2029,45.217,-27.337,-21.693,-29.424,8995.869,0.2335,12.785,0,0,0,0
178,10,-3.116,26.779,10.223,-2.994,0.0789,520.374,10.854,-14.051,22.081,15.267,0.1676,205.519,34.155,87.053,33.747,5496.378,0.075,10.339,0,0,0,0
1349,5,14.55,65.551,-32.809,12.855,0.1783,533.59,-6.7,-7.164,18.707,-8.572,0.0,369.161,4.775,-32.695,9.683,5326.646,0.1747,22.011,0,0,0,0
9,3,-3.741,47.521,26.949,-4.736,0.0442,509.681,-6.365,-14.17,17.446,-5.732,0.0,286.151,16.219,114.54,26.781,1036.985,0.0323,13.62,0,1,0,0
2905,5,-34.455,-50.349,-70.579,-32.28,0.5437,203.543,-7.617,-18.673,-56.835,-7.668,0.0,345.012,72.024,-26.546,62.825,4829.812,0.1905,63.861,0,0,0,1
578,10,11.595,33.473,5.113,11.704,0.3198,82.275,7.159,8.164,-2.278,5.321,0.0,51.476,-58.047,-26.462,-62.657,330.604,0.2552,4.907,1,0,0,0
2952,3,-17.472,-3.194,72.908,-21.326,0.1506,506.461,-1.331,16.885,-16.89,-2.486,0.0108,292.269,-4.186,-26.947,-20.925,2110.3,0.2321,15.508,0,0,0,0
3870,3,-5.359,-27.2,-61.298,-6.843,0.5656,290.356,-8.796,24.003,3.413,-8.221,0.0,294.276,67.966,22.354,72.177,2077.678,0.325,38.842,0,0,0,0
1461,5,2.737,-26.604,53.71,1.718,0.2174,447.086,-20.222,-33.507,-21.618,-20.045,0.1082,371.154,-11.973,-6.648,-7.555,4899.724,0.5233,18.887,0,0,1,0
1856,5,-5.626,-23.78,16.64,-2.211,0.0,111.75,16.891,-6.363,3.174,17.429,0.0357,476.307,63.913,-113.59,64.697,868.851,0.0,10.667,0,0,0,0
2665,3,10.799,-27.449,-29.301,11.396,0.0322,418.411,-10.845,21.813,6.914,-6.958,0.0432,348.693,-18.048,128.724,-19.753,1087.709,0.1757,11.532,0,0,0,0
1466,5,-7.409,25.654,-38.881,-7.524,0.0509,612.073,-3.742,-3.432,41.968,-5.418,0.0713,181.927,-44.448,-8.742,-45.667,1833.459,0.5587,1.303,0,1,0,0
4379,3,-5.843,-19.236,-5.15,-6.893,0.172,327.707,-3.92,12.684,28.301,-5.434,0.0495,262.84,40.482,-11.447,32.548,3011.469,0.2429,34.656,0,0,0,0
1126,5,16.545,-21.563,21.439,11.652,0.0,541.466,-6.512,-0.207,10.021,-4.886,0.0137,78.489,0.719,18.272,5.749,1459.879,0.119,25.502,0,0,0,0
4289,3,-21.398,-17.126,-96.749,-24.564,0.5263,307.264,-4.042,-3.909,-23.394,-2.276,0.0158,5.16,41.168,-81.714,48.362,4003.812,0.7541,64.336,1,0,0,1
3811,3,-32.039,-51.421,-13.003,-37.81,0.9707,209.011,-4.755,-19.836,10.176,-7.455,0.2969,31.351,69.321,-36.382,66.244,1520.857,0.7679,34.506,1,0,0,1
2118,10,11.982,20.224,0.732,11.33,0.0,54.126,5.197,-16.622,-22.722,3.931,0.1305,19.874,37.958,51.32,44.745,6800.847,0.1095,7.405,0,0,0,0
1417,5,-0.243,-27.687,10.875,0.827,0.0995,653.071,6.927,-15.699,7.866,8.168,0.1765,109.893,10.611,88.214,19.758,2622.97,0.0819,30.593,0,0,0,0
3090,3,-29.593,-16.003,-20.512,-29.074,0.5189,265.285,-14.274,-20.62,-74.564,-12.594,0.113,190.824,-11.168,-41.495,-2.25,2657.302,0.4524,75.18,1,0,0,1
3438,3,-34.118,-35.571,-60.351,-37.919,0.1868,108.111,-11.352,6.442,-18.574,-9.798,0.1592,93.282,-48.036,-151.466,-37.327,2994.219,0.894,71.688,1,0,1,1
4908,10,-6.814,-12.508,-60.844,-6.075,0.2769,234.168,0.318,-23.67,-35.143,-0.31,0.1477,217.846,-38.103,-12.807,-11.965,1118.936,0.8619,92.224,1,0,0,1
2887,5,-29.9,-90.497,-56.284,-28.763,0.4613,81.794,-7.218,-23.325,-6.83,-2.439,0.1181,152.87,-46.265,-152.092,-54.024,845.443,0.6963,59.516,0,0,0,1
1855,3,-6.038,11.93,-87.882,-9.119,0.1007,350.347,-15.07,-35.172,-34.557,-12.462,0.0,760.424,-48.483,107.829,-47.214,5097.51,0.3096,24.921,0,0,0,0
3062,5,30.24,6.523,42.123,26.286,0.0776,804.982,-5.513,-10.078,4.076,-7.516,0.0359,360.644,-24.197,-134.911,-38.416,1514.064,0.3901,33.709,1,0,0,0
4190,3,3.996,5.402,-48.861,2.663,0.0283,260.421,-18.566,9.678,-20.827,-20.276,0.1362,425.319,8.676,135.847,5.624,3398.053,0.2417,21.775,0,0,0,0
3585,3,12.147,-13.139,1.54,14.843,0.0158,283.652,0.296,-2.461,69.401,-0.156,0.0128,263.478,-24.869,-154.339,-34.028,3119.983,0.2007,0.0,0,0,0,0
2075,3,-0.206,37.914,-26.683,-1.21,0.209,572.62,10.796,8.79,4.671,9.091,0.0222,359.432,-31.784,21.917,-30.813,3779.803,0.1521,9.651,0,0,0,0
1136,10,7.563,-22.567,-20.115,11.955,0.0,336.664,12.195,9.813,23.769,13.686,0.0307,184.327,35.494,209.821,27.565,5211.93,0.1522,18.661,0,0,0,0
2920,5,-32.572,-29.285,-58.636,-28.094,0.3417,200.086,-3.982,-17.385,-40.07,-3.775,0.3245,383.177,-48.378,-30.463,-57.9,5775.84,0.5172,72.019,1,1,0,1
2941,3,6.238,14.722,11.694,7.852,0.0,595.287,3.132,15.421,-14.347,3.491,0.0489,558.042,-31.389,146.293,-26.074,5617.918,0.3372,9.165,0,0,0,0
2734,5,6.582,-8.278,8.906,8.483,0.0928,455.73,-7.675,14.153,-2.533,-7.7,0.0281,294.894,20.396,-27.334,12.815,3701.614,0.0274,3.858,0,0,0,0
4276,10,-27.298,-5.717,-54.314,-27.971,0.5576,366.924,-6.206,-22.774,-26.724,-6.106,0.3255,135.464,-71.188,-220.822,-75.624,4508.947,0.7329,78.041,0,0,1,1
3599,10,-14.602,-39.362,-68.337,-12.513,0.3535,45.571,-4.343,2.346,-27.845,-3.832,0.4072,162.564,-45.047,-180.385,-44.463,2567.31,0.885,69.912,0,0,0,1
3174,3,4.264,-12.06,66.265,2.53,0.0575,360.262,23.489,-22.869,10.106,22.525,0.0,247.269,-27.135,-147.325,-30.211,7091.412,0.1231,16.477,0,0,0,0
4015,3,-16.777,-53.914,-81.984,-20.296,0.3893,230.556,-1.422,-37.139,-24.145,-1.935,0.4781,209.137,-79.263,129.95,-81.712,3566.099,0.5046,85.747,1,0,0,1
1569,5,-22.602,-24.017,-94.201,-25.226,0.7764,298.936,-2.842,-4.259,21.125,-1.083,0.1339,7.905,-29.987,123.238,-25.61,3222.222,0.9851,81.046,1,0,0,1
3656,10,-33.288,-58.198,-80.469,-32.671,0.8999,358.596,-11.234,-6.73,-53.235,-10.703,0.4746,90.069,-79.946,-109.779,-73.772,1297.121,0.7556,80.723,1,0,0,1
3451,5,26.854,-60.217,4.92,29.5,0.0881,340.98,10.067,-12.163,47.932,10.613,0.0,104.334,70.538,-176.659,66.916,6912.232,0.2431,0.0,0,0,0,0
2240,10,15.105,16.279,48.628,18.383,0.1181,374.786,0.483,28.066,-39.912,2.753,0.077,220.49,15.222,-80.343,25.747,2350.472,0.2653,27.051,1,0,0,0
4347,3,15.237,-27.089,-52.056,13.6,0.4369,721.852,8.421,-5.443,57.342,9.039,0.0385,87.048,34.633,178.537,33.294,6382.229,0.5168,31.116,0,0,0,0
4812,3,-9.916,32.215,-23.728,-8.894,0.1337,265.476,-11.222,-7.52,-35.96,-9.818,0.0,425.771,-3.565,155.039,4.325,3991.023,0.1721,15.521,0,0,0,0
4329,5,-16.43,0.576,-1.897,-19.272,0.1395,440.372,7.731,8.167,13.872,8.785,0.056,531.701,68.936,-20.878,81.251,1487.966,0.129,18.771,0,0,0,0
397,10,9.084,40.021,-34.612,11.755,0.171,623.389,17.904,12.452,7.273,20.971,0.1034,107.096,-38.893,-0.004,-43.597,104.408,0.2804,9.753,0,0,0,0
2101,5,17.528,-19.021,17.369,18.924,0.1135,554.654,-0.472,-0.558,-41.829,0.296,0.2208,422.934,3.112,-1.65,3.313,4681.069,0.0,4.866,0,0,1,0
980,10,6.073,-14.168,-45.922,7.05,0.0377,219.029,-32.141,1.231,21.815,-31.796,0.0578,393.215,30.224,10.186,22.591,7744.431,0.3451,28.963,0,1,0,0
4464,10,-6.639,-7.73,-36.515,-6.954,0.2955,294.792,-9.713,-16.222,-22.742,-8.829,0.1318,194.194,-9.037,-169.491,-13.955,893.458,0.3705,56.147,1,1,0,1
3636,10,-21.656,-62.261,-46.963,-20.253,0.8168,46.796,-3.862,-18.586,-7.544,-5.166,0.4411,283.203,-7.087,35.851,-26.61,4243.592,0.5275,50.936,1,0,0,1
1420,10,-5.051,9.818,79.998,-5.194,0.2269,738.634,3.809,22.607,-17.687,3.332,0.0,155.994,-8.517,0.613,-11.15,2232.137,0.357,13.699,0,0,0,0
2970,3,10.777,46.079,44.084,9.887,0.0645,342.256,15.489,-2.879,-34.479,14.277,0.0974,274.864,25.211,-54.237,33.376,2109.663,0.1911,19.719,0,0,1,0
4723,10,14.867,-10.2,5.475,15.101,0.0887,486.871,9.657,-23.136,-31.084,8.953,0.0317,142.395,-1.216,18.598,-4.952,6704.749,0.135,19.942,0,0,0,0
4090,5,-24.989,-33.743,-76.914,-27.74,0.6022,37.355,8.102,-17.212,-78.864,7.022,0.2025,78.553,-59.266,-21.699,-55.749,4261.196,0.8582,84.567,1,0,0,1
1434,3,-14.421,12.346,-80.435,-13.809,0.2241,488.145,8.542,4.085,6.761,6.324,0.0146,426.423,-25.25,-47.716,-22.55,3490.924,0.0461,30.705,0,0,0,0
4151,10,-9.164,-3.538,31.588,-9.902,0.0891,559.114,-4.752,-15.735,-14.04,-2.762,0.0665,494.628,-29.584,-212.457,-36.699,4548.72,0.249,24.727,0,0,0,0
1693,5,-3.469,-43.31,22.755,-1.803,0.1939,302.249,2.197,14.003,19.342,0.439,0.1064,287.784,-29.265,52.308,-23.431,4630.231,0.4305,14.485,0,0,0,0
4509,10,-14.223,43.996,0.412,-12.805,0.0509,435.74,-2.107,1.543,18.237,-3.821,0.1695,320.06,23.546,94.348,24.21,1766.583,0.3764,30.679,0,0,0,0
3894,5,15.952,13.473,-28.061,13.483,0.3514,457.592,19.001,3.639,22.498,17.872,0.1113,383.792,27.313,-23.531,23.374,7585.021,0.4556,28.535,0,0,0,0
1789,3,-34.346,-22.978,-5.434,-35.389,0.5426,230.743,-15.898,-27.474,22.875,-20.636,0.1667,196.249,-38.834,-154.262,-28.602,3528.101,0.5867,40.237,0,0,0,1
744,10,-10.533,16.055,-26.873,-14.824,0.0,178.049,29.54,-1.202,-26.485,32.112,0.0858,269.957,6.968,-35.83,9.319,2841.857,0.3911,6.851,0,0,0,0
2826,3,-13.152,-34.086,-80.637,-9.494,0.5395,267.43,-1.066,3.932,3.122,-1.84,0.1212,44.946,29.977,-33.609,27.761,6889.205,0.8686,65.587,1,0,1,1
364,5,-12.494,-64.408,-39.247,-13.448,0.4553,347.529,0.787,-16.329,-17.18,3.993,0.0609,134.118,-45.74,-145.589,-53.35,1014.694,0.6046,53.308,1,0,0,1
335,3,8.423,4.177,21.443,5.833,0.0,5.432,-11.26,-27.919,-48.579,-13.48,0.0316,403.657,-1.878,153.612,7.233,3695.86,0.1722,13.931,0,0,0,0
1302,10,-21.155,-29.24,-74.662,-21.582,0.4843,240.247,-16.422,-4.982,-61.824,-16.119,0.2024,212.226,-106.64,11.567,-105.958,2124.925,1.0,71.188,0,0,0,1
2079,3,-17.328,-11.914,-14.303,-16.426,0.674,30.749,-12.698,-52.437,-29.694,-10.354,0.0,182.708,32.961,-230.43,34.857,3086.509,0.9789,46.597,0,1,0,1
4164,5,-8.031,-21.287,-32.573,-9.201,0.4613,377.226,-7.162,-6.26,42.781,-9.134,0.1142,43.618,67.511,14.108,67.263,8055.268,0.2225,35.224,0,0,0,0
3882,5,-3.861,5.874,-6.252,-6.846,0.2593,402.264,1.151,-41.346,37.913,1.574,0.1527,215.886,57.83,52.135,55.487,6568.774,0.195,18.365,0,0,0,0
966,5,6.061,15.966,-30.465,8.741,0.0,387.313,-2.861,19.164,-41.23,-4.012,0.0433,215.853,-23.923,-88.759,-24.13,841.596,0.0038,33.47,0,1,0,0
981,5,-23.59,-36.76,-65.11,-22.367,0.5213,28.528,-16.693,-27.423,-35.248,-13.941,0.4672,21.987,7.764,-116.894,13.034,2363.3,0.6864,71.54,0,1,0,1
1138,10,-5.493,-42.747,-3.825,-5.555,0.0643,257.478,0.947,13.231,18.967,-0.291,0.029,170.424,-31.675,-177.784,-31.005,1207.934,0.4275,17.83,0,0,0,0
4640,5,22.097,-7.463,67.887,22.851,0.0173,547.059,25.222,17.104,-46.49,26.024,0.0067,258.165,18.922,52.265,22.046,209.881,0.1413,32.142,0,0,0,0
3026,10,35.257,-36.377,-42.41,32.071,0.0194,446.337,12.417,-13.915,-1.275,10.591,0.099,287.213,-8.698,-35.511,-3.261,2214.879,0.0,25.229,0,0,0,0
26,10,-33.343,1.576,-84.956,-35.176,0.6267,244.283,2.567,-22.207,-9.169,3.88,0.0307,116.606,-55.047,19.048,-44.7,4324.103,0.6839,91.714,1,1,1,1
4878,5,-7.374,8.009,17.351,-6.948,0.122,589.752,6.669,-26.739,1.183,7.217,0.1909,364.75,55.659,-76.561,39.263,3421.637,0.1545,5.035,0,0,0,0
2627,10,-19.398,-34.375,-42.655,-23.12,0.4197,310.114,-17.223,-20.813,-19.742,-15.403,0.1724,271.218,-117.658,23.603,-124.62,1399.111,0.5074,55.563,1,0,0,1
138,10,-1.32,5.897,17.831,-1.56,0.1306,164.21,-17.275,-6.853,28.514,-14.627,0.0533,64.595,-18.133,-32.357,-15.551,3555.641,0.0597,0.0,0,0,0,0
512,10,-28.193,22.136,45.587,-28.569,0.0,424.096,-1.346,18.513,-17.054,-1.127,0.0037,596.801,36.043,13.287,31.513,1881.458,0.1342,18.668,0,0,0,0
703,3,-42.519,-13.369,-15.949,-42.536,0.0,38.455,13.816,7.895,42.373,14.582,0.0,356.531,52.54,-134.945,43.935,8802.906,0.4766,17.921,0,0,0,0
2860,3,7.038,8.289,47.824,7.953,0.1637,150.982,12.566,-23.682,-8.976,11.847,0.0432,541.003,-28.639,48.849,-31.101,5578.454,0.3574,0.0,0,0,0,0
125,3,1.154,-27.877,-62.561,3.351,0.0646,361.659,-13.352,5.472,24.101,-15.626,0.0,232.682,-16.209,-61.642,-25.814,6557.447,0.5419,13.359,0,0,0,0
2284,3,0.214,12.952,13.785,1.111,0.069,162.364,-13.919,-8.655,-0.289,-14.153,0.0429,426.207,-29.347,-174.269,-32.597,1996.44,0.0766,10.226,0,1,0,0
608,10,-17.762,-62.608,-1.756,-17.972,0.6909,264.02,-0.781,-1.155,-21.996,-1.574,0.0,59.425,-88.925,128.458,-79.179,3534.717,0.6675,43.044,1,0,0,1
1615,5,9.238,16.404,-9.887,8.592,0.0391,600.792,-2.914,-19.78,-25.313,-4.049,0.0003,426.878,38.234,-48.597,35.062,844.17,0.2321,16.699,0,1,0,0
4610,3,-6.206,-0.661,48.837,-6.086,0.1408,906.16,2.305,-14.159,24.573,5.788,0.2085,389.43,2.786,8.101,-1.065,8355.632,0.0,32.243,0,0,0,0
2666,3,-15.358,-25.784,73.927,-13.519,0.0,423.413,8.826,4.637,41.472,13.035,0.0,309.478,-16.614,25.294,-19.944,4646.315,0.1273,19.573,0,0,0,0
2050,5,-3.464,-45.874,-31.636,-3.348,0.7729,453.24,-5.952,-22.565,-47.234,-0.354,0.3181,198.648,15.185,-16.32,10.396,2910.075,0.8582,60.412,1,0,0,1
1797,5,0.933,-32.1,26.93,2.003,0.2565,274.687,6.557,-8.053,-35.964,7.01,0.0984,126.562,34.338,67.802,20.672,4493.958,0.0,10.969,0,0,0,0
1409,3,-3.343,-3.451,12.284,-2.924,0.1948,779.722,7.212,-0.474,10.439,6.737,0.0423,336.353,20.17,-39.256,27.664,5778.357,0.4024,22.719,0,0,0,0
1617,3,-9.376,20.198,11.927,-6.747,0.071,165.17,-15.2,-8.42,17.743,-14.316,0.0,193.545,-66.235,102.648,-72.814,4048.174,0.4401,4.272,0,0,0,0
38,5,-10.096,-16.882,-5.036,-7.59,0.0,322.448,-5.452,-31.34,-19.562,-6.186,0.0818,292.467,63.684,-10.324,62.034,1728.662,0.1958,0.0,1,0,0,0
205,10,-8.022,29.003,-2.255,-8.615,0.1266,565.36,10.196,13.791,-19.69,11.877,0.0164,352.33,33.587,-28.449,22.038,323.187,0.0157,28.287,0,0,0,0
4755,3,-38.54,-43.884,-26.951,-37.476,0.2915,339.859,-3.733,-21.147,-21.643,-3.788,0.1978,39.893,-26.885,-62.161,-23.282,6997.604,0.6901,100.0,1,0,0,1
2144,5,-34.825,-68.378,-65.672,-36.641,0.3929,188.933,-17.626,-6.116,-7.066,-17.35,0.4008,73.048,76.703,-172.439,80.868,4554.901,0.7559,85.004,1,0,0,1
128,5,17.003,26.717,11.089,19.583,0.2069,465.163,-24.026,23.123,-41.522,-25.537,0.0,446.687,9.228,104.155,2.827,625.45,0.0,22.004,0,0,0,0
3323,10,-6.007,10.415,-46.594,-7.458,0.1284,206.149,-2.968,-29.589,-14.34,-6.394,0.0,314.508,41.203,176.259,35.683,3417.738,0.3319,7.995,0,0,0,0
4767,5,-15.575,-13.464,-16.717,-17.159,0.844,110.13,-0.069,-2.634,-18.826,-4.086,0.2049,276.456,20.241,65.625,27.18,625.689,0.8328,35.93,0,0,0,1
2455,5,-7.418,-7.714,-46.287,-4.834,0.1454,273.97,4.496,0.948,20.311,2.32,0.1431,340.72,24.864,-155.462,18.723,3232.572,0.2569,14.893,0,0,0,0
3169,10,-4.408,-31.563,-45.626,-1.113,0.3475,4.705,4.143,-22.452,-14.57,1.659,0.2201,337.741,-41.45,-24.04,-45.08,3160.777,1.0,80.815,1,0,0,1
1309,10,-27.962,-66.854,-51.207,-28.351,0.4615,263.04,-11.42,20.049,-19.998,-8.032,0.5186,235.14,-0.718,-362.452,-3.635,2142.756,0.7725,71.006,1,0,0,1
1221,5,-12.365,-31.043,62.168,-14.079,0.119,609.629,-22.174,1.698,31.446,-19.793,0.407,390.016,-30.663,5.849,-27.848,5308.264,0.0,28.912,0,0,0,0
2610,10,19.171,-20.594,-29.042,24.627,0.2019,435.223,-14.152,-22.651,-52.353,-16.915,0.1015,386.862,78.449,-99.894,83.655,1866.965,0.2154,42.178,0,0,0,0
4529,10,-12.649,-25.342,45.019,-10.235,0.1625,314.522,-17.956,1.922,-8.305,-16.378,0.0107,244.948,-23.92,-53.288,-24.271,3625.913,0.4256,0.0,0,0,0,0
88,10,-2.726,11.192,54.101,-2.002,0.1668,465.895,2.164,-7.197,-25.911,3.373,0.1504,364.864,-9.779,-100.182,-11.763,5287.056,0.2179,7.835,0,0,0,0
1910,5,4.669,-2.995,-53.601,5.212,0.0534,471.601,-1.771,10.431,11.46,-0.664,0.1326,88.259,61.895,-39.458,58.263,3172.687,0.2683,6.661,0,0,0,0
2647,5,-13.765,-46.476,-28.917,-14.327,0.242,303.569,-12.886,0.523,-20.542,-10.573,0.2882,41.471,-71.248,-142.36,-81.559,1116.425,0.3088,35.276,0,0,0,1
4069,10,15.264,-11.552,13.578,13.628,0.127,15.187,12.3,24.946,-54.517,13.757,0.0714,522.367,18.838,59.35,0.057,6421.711,0.2904,12.0,0,0,0,0
1745,5,19.828,-22.316,-36.216,19.465,0.4492,333.067,-38.085,-15.336,-24.386,-35.703,0.1759,329.588,-23.013,-21.106,-40.368,2177.994,0.3479,21.245,0,0,0,0
3961,3,3.019,16.248,-56.414,1.718,0.1518,406.162,6.076,-1.61,20.275,6.516,0.1211,348.322,-9.382,58.063,5.441,3694.242,0.4295,7.904,0,0,0,0
3536,3,-2.994,11.783,14.147,2.24,0.1017,279.007,-19.793,0.999,9.339,-19.693,0.066,496.612,-26.332,7.108,-14.39,3252.099,0.3433,12.445,0,0,0,0
623,5,-21.819,-9.803,-54.97,-23.848,0.3304,285.407,-8.742,21.523,-2.301,-8.461,0.5518,69.398,-68.717,-33.874,-69.595,2501.852,0.914,62.478,1,0,0,1
1885,3,-7.188,-22.27,24.124,-6.734,0.0586,436.551,6.107,14.458,43.085,7.419,0.2034,425.757,16.44,-79.098,12.705,1924.642,0.1824,18.911,0,0,0,0
2631,10,3.605,0.571,21.665,1.895,0.0559,85.811,0.783,-11.319,17.683,-0.248,0.1668,327.864,-30.78,-68.171,-35.58,1023.256,0.1098,40.29,0,0,0,0
3950,5,-27.921,-56.553,-74.055,-23.165,0.5168,343.923,-14.214,-27.742,-38.671,-14.405,0.1177,290.185,-69.852,-80.818,-87.234,4522.579,0.545,94.31,0,0,0,1
4945,10,-0.897,-12.083,23.224,4.068,0.0474,158.809,-6.452,-10.48,35.626,-7.148,0.1466,479.554,47.704,-27.731,56.415,10027.937,0.0232,7.042,0,0,0,0
4479,10,-5.586,11.663,-5.331,-8.579,0.1641,290.397,-10.228,18.516,10.915,-7.983,0.1336,176.68,53.888,-29.596,51.653,4302.834,0.1305,0.0,0,0,0,0
858,3,-17.448,-31.647,-32.016,-17.705,0.5055,141.392,-21.265,-20.705,-39.3,-22.134,0.4107,56.899,-2.809,-34.819,-5.207,5982.039,0.6561,50.677,1,0,0,1
3819,5,-22.716,-68.867,-45.278,-22.955,0.1236,254.211,-17.02,-32.525,-68.517,-15.286,0.3277,48.7,-51.938,223.567,-62.635,3357.328,0.7234,83.892,1,0,0,1
3707,10,-36.805,-35.481,17.454,-37.903,0.0,482.377,4.758,16.691,-8.327,4.793,0.0,420.082,13.072,-62.72,9.522,4321.412,0.076,12.037,0,0,0,0
1460,5,20.065,-12.558,34.067,22.84,0.0,36.451,-5.835,57.395,-60.225,-1.981,0.0,429.035,-29.311,8.833,-33.511,6732.506,0.2068,21.149,0,0,0,0
2160,10,17.74,-9.093,-21.755,20.904,0.0,296.273,-4.293,-14.049,4.183,-5.707,0.0333,683.051,47.012,-93.44,56.052,2774.926,0.5031,49.059,0,0,0,0
1100,3,-26.516,-49.958,-28.542,-27.557,0.1284,320.629,-7.211,-5.796,-8.591,-11.581,0.167,105.576,-45.541,-114.631,-39.247,2680.341,0.3685,61.371,1,0,1,1
3999,3,9.296,-24.645,-42.261,12.771,0.2782,74.794,-6.874,-0.827,-26.508,-10.556,0.1801,247.655,30.991,50.693,22.294,4230.805,0.0953,57.768,0,0,0,0
707,10,27.068,-30.309,-48.583,27.457,0.2206,309.611,-6.08,-15.493,11.733,-0.696,0.0443,450.536,-17.338,157.998,-15.663,867.826,0.0781,33.495,0,0,0,0
4487,5,21.636,-26.623,-40.551,20.187,0.4645,222.334,10.329,11.479,26.698,8.535,0.0475,112.953,-24.774,-21.3,-15.07,4923.043,0.0207,30.797,0,0,0,0
4649,5,-7.224,52.712,-8.701,-5.779,0.1009,291.642,8.573,-5.558,32.978,4.479,0.0491,49.306,6.023,-124.557,-5.596,4585.442,0.0035,29.643,0,0,0,0
540,3,-10.344,17.158,-10.05,-12.876,0.1972,486.405,15.467,3.38,7.654,23.265,0.0096,108.515,18.493,-73.262,11.063,5697.22,0.3311,18.028,0,0,0,0
2498,5,-4.13,5.046,32.87,-4.31,0.0642,502.684,20.06,-16.411,57.176,18.335,0.1473,413.677,-13.29,44.06,-3.257,1472.908,0.1765,27.311,0,0,0,0
3173,5,4.993,-20.779,-36.445,3.233,0.1653,330.778,7.154,39.792,20.989,7.064,0.0462,238.614,-30.598,17.536,-21.546,4189.554,0.0641,22.058,0,0,0,0
163,5,-5.444,8.518,-2.809,-2.231,0.0,326.447,-9.28,14.579,-9.399,-10.045,0.0,100.589,4.428,-46.804,4.64,2841.04,0.2315,24.815,0,0,0,0
4395,5,-19.554,-42.299,-35.658,-16.898,0.4142,147.542,-2.135,5.466,-33.87,-0.661,0.294,289.604,63.162,-45.176,69.965,1942.814,0.6836,83.467,1,0,0,1
2633,3,1.624,-20.893,-3.069,2.977,0.0706,572.461,11.217,0.635,-16.029,12.316,0.2552,359.626,35.119,-96.001,34.088,1237.251,0.3047,4.431,0,0,0,0
648,3,-0.686,-20.266,16.639,-1.581,0.1589,459.491,-7.254,1.21,5.655,-8.309,0.2177,116.97,-6.062,98.056,0.278,4478.858,0.1474,11.468,0,0,0,0
967,10,-23.329,-24.902,-39.538,-25.772,0.8361,495.871,-4.932,-42.466,-20.264,-4.835,0.2909,50.521,-102.544,8.454,-110.598,5271.729,0.8861,52.598,1,0,1,1
4084,5,15.903,-21.008,-40.815,16.399,0.0,430.331,3.585,-54.18,7.263,3.789,0.0798,447.476,-58.314,-170.989,-46.828,4449.698,0.2159,16.888,0,0,0,0
2158,10,3.323,23.891,-1.71,3.205,0.1305,449.482,7.49,0.823,-31.158,8.996,0.2303,379.773,7.504,274.669,8.116,5910.523,0.2726,4.796,0,0,0,0
3324,10,4.204,-67.983,-63.138,2.788,0.603,192.271,-8.268,-17.151,-42.131,-10.841,0.4431,147.538,71.455,-54.198,59.076,3277.954,0.5556,88.086,1,0,0,1
2538,3,-14.367,-3.133,-12.667,-14.534,0.0458,567.449,-8.757,-15.121,58.17,-10.08,0.1583,349.348,44.568,-192.964,48.031,4332.135,0.2649,0.0,0,0,0,0
1577,5,4.627,57.898,21.069,6.234,0.0,392.315,2.151,1.323,-41.651,2.331,0.0505,75.28,3.131,82.032,10.353,3059.302,0.1133,25.822,0,0,0,0
4098,10,-10.177,5.048,-22.975,-12.128,0.1953,173.627,-0.244,-28.176,5.854,-2.553,0.0267,408.429,-6.086,-107.082,-11.536,75.01,0.0954,37.762,0,1,0,0
3018,5,-15.123,-57.75,-86.478,-12.019,0.6735,90.867,-8.568,8.912,-35.151,-7.906,0.1886,207.574,-17.405,-151.035,-26.069,1425.277,0.641,91.175,1,0,0,1
3893,3,-3.147,21.974,-13.137,-0.095,0.2294,214.636,2.384,5.894,4.408,4.277,0.0339,230.465,6.008,103.187,11.161,5436.348,0.2121,4.791,0,0,0,0
1208,5,-13.501,-59.555,-55.961,-15.04,0.7546,272.777,-10.812,-12.59,-17.883,-12.099,0.2005,201.928,-52.131,194.944,-52.474,121.196,0.8127,59.975,1,0,0,1
2635,10,-12.16,-23.361,-69.965,-12.033,0.7956,227.678,-0.309,-25.754,-28.456,1.964,0.3436,23.55,16.52,156.264,24.872,2940.535,0.8301,76.831,1,0,0,1
3027,10,-1.503,-20.996,30.344,-0.208,0.0,655.783,-6.568,14.635,-16.866,-6.444,0.0469,332.233,88.194,18.083,86.131,5403.162,0.0675,21.259,1,0,0,0
2899,5,-5.751,-22.649,-41.751,-7.858,0.4089,121.091,11.461,-14.794,43.37,13.287,0.0638,337.363,-7.764,17.638,-19.066,3490.911,0.2526,38.871,1,0,0,0
2435,3,-2.467,-57.588,-3.651,-3.404,0.2371,400.75,-5.169,-15.186,-11.994,-2.577,0.154,269.145,-33.601,54.239,-24.828,5172.636,0.5084,19.612,0,0,0,0
337,3,15.817,-7.587,21.9,16.542,0.0,242.13,10.634,-23.601,26.592,10.507,0.0639,129.33,-43.876,-88.442,-42.1,4535.424,0.0,3.397,0,0,0,0
2921,10,-19.143,-37.919,-34.395,-17.767,0.5361,274.178,-13.661,-23.323,-23.816,-13.985,0.3591,8.226,-34.177,107.207,-40.887,1066.371,0.5575,26.579,1,0,0,1
2020,5,-32.476,-52.402,-63.181,-34.108,0.5491,85.158,-5.744,-15.572,-14.391,-3.134,0.3095,123.903,-16.118,-112.803,-21.123,4934.04,0.8978,100.0,1,0,1,1
4152,5,27.446,-22.352,-37.835,23.739,0.3826,267.879,10.082,-12.436,58.758,13.488,0.0005,474.618,27.808,-145.477,32.047,3028.004,0.2787,48.95,0,0,0,0
4716,3,6.221,38.945,21.128,7.986,0.0231,496.494,-9.47,28.364,61.556,-10.549,0.0141,174.05,53.53,-14.156,64.238,816.796,0.1783,0.0,1,0,0,0
684,10,4.365,-1.719,10.408,0.756,0.0926,283.718,-12.107,9.495,-1.862,-14.25,0.0,334.035,-31.368,-114.773,-39.969,5312.667,0.2594,12.126,0,0,0,0
2374,5,-15.692,-33.637,-56.85,-12.149,0.6071,417.562,-9.626,-29.119,-9.834,-8.506,0.5395,184.381,-8.777,79.418,-3.768,1725.852,0.8974,58.788,1,0,0,1
2767,10,-22.775,-40.184,6.244,-24.049,0.7471,127.307,-20.717,-8.953,-34.856,-22.239,0.5987,214.229,-18.882,-11.306,-14.518,2545.87,0.7877,45.183,1,0,0,1
1637,5,-14.919,-14.917,12.207,-12.683,0.0,600.367,-18.376,-24.054,32.344,-19.014,0.0,216.63,-65.851,156.002,-73.582,447.128,0.1956,37.466,0,1,0,0
3137,5,-3.056,-5.33,20.738,-2.99,0.1632,500.94,3.704,23.114,1.813,2.665,0.0,412.116,43.189,74.979,54.371,4146.923,0.0764,7.574,0,0,0,0
179,5,-3.992,-0.866,49.786,-5.142,0.1695,633.255,-0.209,-4.964,23.156,-2.085,0.0535,430.142,26.761,70.222,13.118,971.543,0.2453,6.295,0,0,0,0
4394,3,12.348,-39.009,-23.896,14.115,0.0344,507.337,-2.2,9.488,14.973,-4.387,0.0851,445.695,-29.492,76.4,-29.289,5409.887,0.0,30.56,0,0,0,0
1590,10,6.799,21.781,-19.761,7.219,0.1806,306.94,6.413,33.155,32.86,8.058,0.0656,298.354,35.444,131.059,51.097,4611.226,0.3752,5.843,1,0,0,0
1872,5,18.117,33.989,28.845,16.95,0.1036,473.054,1.037,19.801,-47.062,2.751,0.0402,323.508,35.453,71.324,43.383,2830.525,0.1366,24.316,0,0,0,0
429,3,-4.929,-42.631,-13.58,-7.736,0.1674,555.607,-9.278,9.191,20.0,-9.493,0.0,39.897,26.682,-62.442,28.836,3580.099,0.0,18.912,0,0,0,0
1858,5,-24.583,-18.439,-28.657,-26.977,0.4711,252.235,-3.897,3.753,-37.626,-6.727,0.5193,13.441,-6.7,-80.116,-15.22,3663.722,0.8877,25.603,0,0,0,1
2111,5,26.159,6.263,-15.632,30.027,0.0161,19.657,-14.731,9.504,44.315,-13.291,0.0,123.05,-46.5,-51.185,-45.305,3936.563,0.0385,15.455,0,0,0,0
568,5,-12.483,-45.491,-63.702,-10.944,0.333,78.255,7.128,-11.81,-26.977,5.467,0.4391,359.87,35.456,-127.988,48.429,1715.47,0.8592,75.134,1,0,0,1
4555,10,-14.834,11.182,-81.247,-10.26,0.0725,459.074,-4.096,-22.704,-41.155,-7.069,0.0,188.37,13.92,-119.292,13.398,951.903,0.3161,2.296,0,0,0,0
3039,3,-4.904,-44.953,47.099,-5.057,0.0,621.101,17.901,-16.222,-36.465,18.046,0.2237,297.389,31.828,54.509,39.752,3211.636,0.0,29.915,0,0,0,0
2189,3,-36.014,-56.028,-34.171,-36.816,0.8821,286.034,-3.296,-39.412,-40.091,-1.964,0.1568,220.551,14.594,-83.025,-1.957,3135.055,0.5553,87.161,1,0,0,1
3941,3,-20.768,-36.162,-35.497,-18.329,0.4452,273.186,-8.915,-17.407,10.208,-7.092,0.1927,121.06,5.972,16.708,8.591,7312.151,0.5603,81.716,1,0,1,1
1354,10,-14.823,-82.684,67.117,-12.996,0.0,432.018,-1.062,30.063,31.548,-3.223,0.0281,521.557,45.231,-35.1,45.431,3318.913,0.0,4.471,0,0,0,0
633,3,-28.178,14.163,-7.191,-28.794,0.1919,194.237,-1.633,-4.662,-6.956,2.027,0.0421,124.277,11.085,17.892,19.122,3592.061,0.3592,25.661,0,1,0,0
3801,5,3.582,41.989,-72.539,3.043,0.0762,339.08,-2.392,20.145,26.417,-1.742,0.0448,12.911,-9.214,-22.258,-8.425,655.291,0.2165,30.0,0,0,0,0
635,3,-15.557,-62.947,-40.695,-13.535,0.5737,81.981,-8.935,-1.84,-52.704,-7.664,0.3811,158.88,17.249,-127.971,27.644,1811.599,0.5556,100.0,1,0,0,1
2503,10,-1.319,-7.635,-4.348,-2.665,0.0119,424.705,3.079,23.843,43.918,3.443,0.1424,248.457,1.184,63.757,-3.011,3456.665,0.2345,32.735,1,0,0,0
813,10,-31.174,-47.564,0.602,-29.94,0.6812,231.489,-9.725,-17.169,-48.851,-10.283,0.0,143.863,-76.945,136.085,-84.35,3855.958,0.6637,55.287,0,0,0,1
4357,10,-8.344,-56.617,-36.101,-6.736,0.2783,31.416,-10.388,-31.584,-12.549,-10.271,0.526,58.868,60.59,94.39,61.624,470.318,0.7357,60.326,0,0,0,1
1066,3,-12.178,-31.167,-46.56,-9.8,0.3712,769.634,4.441,-16.646,20.587,5.488,0.0938,307.486,12.146,45.669,0.246,1436.715,0.4274,83.169,1,0,0,0
116,10,-10.402,19.232,-29.602,-11.765,0.2822,223.872,20.456,-9.685,-62.532,18.743,0.0921,485.065,13.641,-78.947,19.696,4035.34,0.0,36.583,0,0,0,0
4982,5,-21.896,21.572,-51.592,-23.006,0.7424,180.304,0.133,5.0,-25.982,2.557,0.3714,94.864,96.395,-41.278,99.318,3625.411,0.8467,54.501,0,0,0,1
660,5,18.679,-17.668,-13.622,17.325,0.0796,331.87,16.298,-5.795,9.839,17.257,0.0667,323.516,-70.96,21.286,-75.013,3409.514,0.3623,0.0,0,0,0,0
31,10,-16.747,-20.536,-52.953,-14.757,0.5833,332.227,-12.016,-23.721,-19.944,-7.905,0.2196,382.374,-6.155,-128.715,1.794,2566.304,0.6779,41.239,1,1,0,1
4924,10,10.398,-24.631,-5.933,9.703,0.1261,525.51,-16.617,6.266,8.228,-15.225,0.1977,508.75,69.315,81.239,84.853,1878.762,0.2387,28.375,0,0,0,0
423,3,-17.12,0.494,-16.232,-22.966,0.0,38.596,6.652,-8.972,37.63,5.193,0.0568,628.289,-30.501,47.702,-30.037,3618.176,0.2178,8.639,1,0,0,0
2853,5,-22.325,-7.968,-14.061,-18.321,0.2591,232.796,6.443,-29.112,-67.66,6.661,0.0307,20.788,-1.138,-35.485,-12.599,363.103,0.4406,13.764,0,0,0,0
1400,10,-7.842,-52.472,17.348,-5.436,0.0269,142.711,7.321,-24.864,-27.115,5.969,0.2368,253.857,7.806,25.128,10.837,3097.176,0.3449,12.92,0,0,0,0
3183,5,-7.123,75.333,52.604,-5.882,0.0851,638.364,-9.949,-19.074,-9.676,-9.807,0.1049,252.339,-44.675,48.717,-42.445,303.012,0.4098,16.797,1,0,0,0
4556,3,5.277,24.94,21.684,7.168,0.1037,539.585,-12.235,-6.407,-0.053,-13.088,0.11,538.895,-30.697,-46.355,-25.431,3383.68,0.1613,23.302,0,0,0,0
4998,3,-6.042,8.594,37.216,-4.599,0.0,543.417,-0.93,-31.079,10.31,-2.737,0.0,189.843,37.329,2.932,39.805,745.975,0.0,19.348,0,0,0,0
871,5,-13.516,60.779,11.461,-14.342,0.0,360.155,-8.817,12.218,-1.607,-10.528,0.0,54.244,-60.954,19.115,-56.929,7329.869,0.2924,29.668,1,0,0,0
4745,5,-8.112,-11.428,31.974,-8.542,0.027,511.99,29.569,-3.712,11.812,29.83,0.0514,170.439,-12.652,47.207,-12.141,1133.875,0.2418,45.334,0,0,0,0
1652,5,-13.656,-2.448,-52.188,-13.506,0.7359,25.085,-1.227,-4.272,-33.419,-2.757,0.4167,216.494,-100.082,-66.694,-96.535,5170.068,0.6661,75.012,0,1,0,1
4696,5,12.379,-25.646,-3.053,13.223,0.077,277.091,3.288,-6.247,40.987,4.688,0.0,290.042,-52.189,95.705,-44.448,4893.69,0.1969,38.514,0,0,1,0
268,5,-25.259,-27.137,-56.71,-28.322,0.4967,47.616,-3.565,-11.311,16.92,-8.998,0.4709,120.365,-40.609,2.614,-45.761,629.807,0.7855,68.406,0,0,0,1
2305,10,-11.095,-1.362,-18.25,-13.128,0.1471,583.761,-17.346,6.387,-47.766,-21.257,0.0,294.824,-30.467,-86.8,-24.905,3201.213,0.3454,35.083,0,1,0,0
2067,3,-9.209,48.794,16.738,-7.101,0.0242,230.37,14.112,-23.87,50.353,16.12,0.0755,98.703,-44.477,-40.052,-56.681,8256.989,0.0,18.402,0,0,0,0
1632,3,-7.011,-3.53,-39.912,-9.046,0.8454,379.687,-17.812,-25.745,-41.333,-16.434,0.3992,111.51,-5.948,41.829,-7.493,3812.524,0.7599,29.222,0,0,0,1
37,5,13.989,-6.736,16.813,13.907,0.1304,405.709,9.288,-42.939,15.575,3.946,0.0228,23.022,31.222,-34.716,32.582,3267.38,0.1547,22.172,0,0,0,0
2019,3,-8.308,-43.471,-38.16,-8.818,0.3547,315.375,-15.314,4.425,-16.386,-17.075,0.2817,194.861,20.3,-43.441,15.916,921.967,0.8203,98.378,1,1,0,1
2204,3,-3.595,6.783,-1.437,-3.189,0.0884,525.581,-1.581,-30.552,-15.131,-2.851,0.0585,367.118,20.298,-54.471,18.06,2091.288,0.3304,20.518,1,0,0,0
1029,3,0.782,3.205,-51.709,2.207,0.0057,579.476,4.685,18.799,-3.071,8.067,0.1128,129.266,-28.647,84.171,-30.692,5380.583,0.3521,29.437,0,0,0,0
2504,5,-17.825,-35.278,-49.989,-15.188,0.4983,172.901,-18.261,-0.452,-13.303,-16.568,0.1545,153.343,-49.728,-210.149,-53.032,3988.946,0.912,34.294,0,0,0,1
4232,10,-13.962,15.01,-7.044,-10.874,0.0,38.629,-20.493,20.468,49.618,-22.505,0.0,434.46,-73.265,87.76,-80.75,23.55,0.3819,24.044,0,0,0,0
920,3,-18.843,-29.661,-71.077,-18.871,0.5969,104.882,-2.249,-1.34,25.802,-3.087,0.4333,55.326,-69.076,38.542,-61.635,5505.333,0.7516,87.301,1,1,0,1
2047,5,-16.886,7.961,39.418,-16.983,0.0777,72.916,-7.114,-18.466,-7.352,-5.244,0.0,304.454,26.901,145.803,32.88,2550.092,0.37,24.87,0,0,0,0
455,3,0.717,15.01,63.904,3.721,0.0237,302.959,8.522,-31.725,59.156,9.572,0.0,287.796,-18.575,31.031,-14.569,5487.846,0.2513,16.946,1,0,0,0
2199,5,7.722,15.982,35.153,8.726,0.0,734.155,-19.949,6.5,-21.92,-21.618,0.134,307.981,34.191,-61.041,20.274,2527.961,0.1845,24.439,0,0,1,0
4067,3,-0.288,35.378,35.954,1.699,0.0443,646.83,-25.98,-12.006,-19.837,-25.907,0.0,498.22,50.292,-133.913,43.675,1755.533,0.3239,31.669,0,0,0,0
2805,5,-7.097,30.906,-32.113,-5.477,0.1377,292.64,-17.783,-16.193,-24.842,-17.84,0.0,175.235,11.46,106.48,4.833,4116.667,0.119,0.0,0,0,0,0
2849,3,-26.527,-40.855,-63.146,-25.835,0.5994,335.851,-14.259,1.146,-7.678,-13.313,0.1101,121.674,-53.112,-19.925,-51.971,2871.156,0.5883,70.413,1,1,0,1
694,10,20.531,52.283,6.515,16.988,0.3603,504.523,3.719,-22.291,6.078,3.888,0.0,862.127,14.058,57.898,9.984,3801.337,0.233,8.555,0,0,0,0
562,5,0.822,55.019,-13.402,2.571,0.1316,221.438,-5.618,0.114,-11.885,-7.122,0.076,492.61,-84.931,122.697,-83.203,4017.582,0.0585,6.103,1,0,0,0
3965,3,-1.489,5.611,29.168,-4.377,0.1264,133.445,9.898,-23.198,38.766,14.203,0.2453,370.91,-40.966,61.168,-29.99,3135.399,0.2907,14.729,0,0,0,0
2523,5,-18.722,-27.533,-66.807,-19.183,0.4874,223.686,-20.796,-16.476,-13.93,-20.627,0.4977,271.31,-30.706,106.799,-41.322,2123.834,0.7422,62.702,0,0,0,1
717,3,-15.686,-39.034,-59.702,-13.875,0.711,300.286,-9.032,-22.529,-47.198,-9.042,0.2848,136.126,13.121,-121.498,8.678,1594.789,0.6874,57.324,0,0,0,1
1992,10,0.054,32.995,-22.55,1.429,0.2883,467.372,14.785,28.888,13.274,16.069,0.1115,85.897,-47.4,182.551,-44.318,1135.563,0.2837,44.247,0,0,0,0
1090,3,4.68,9.012,46.367,5.397,0.0974,452.393,-11.982,15.361,25.57,-13.181,0.1232,273.93,68.768,-110.862,68.767,2312.534,0.2706,7.266,1,0,0,0
1303,5,-5.255,-0.238,-8.444,-6.491,0.1243,281.386,-7.018,-3.565,-14.227,-8.058,0.0,348.101,-16.014,35.101,-7.692,3417.363,0.0,27.963,0,0,1,0
1137,10,17.76,30.873,22.206,17.666,0.0,374.474,19.63,-0.577,-12.383,19.992,0.0887,310.548,-15.623,46.785,-14.94,6636.515,0.3398,17.108,0,0,0,0
4323,3,19.905,-30.945,19.788,20.9,0.0196,139.466,5.284,5.781,-13.681,4.26,0.1415,436.529,-0.409,-22.635,-19.339,5025.474,0.2882,53.044,0,0,1,0
3569,10,-8.463,-34.111,18.825,-9.096,0.0,427.427,-1.926,-3.007,10.071,-1.985,0.1418,457.877,3.052,193.215,11.039,4096.565,0.2587,15.946,0,0,0,0
4424,5,2.698,-22.587,59.364,1.938,0.0854,106.955,3.119,63.718,-35.544,2.58,0.1156,189.946,-38.581,14.071,-29.825,1352.188,0.1702,39.059,0,1,0,0
2370,3,-6.826,8.259,-30.618,-4.476,0.1144,478.177,14.198,13.865,75.609,10.415,0.1145,395.886,35.516,147.224,31.252,7623.742,0.2178,0.0,0,0,0,0
4608,5,-19.494,-47.621,-74.084,-17.851,0.338,403.527,-4.06,-20.458,-29.421,-5.263,0.3036,28.421,-36.446,46.942,-38.312,3811.965,0.8383,63.254,1,0,0,1
2164,10,3.508,-4.633,1.788,4.221,0.1732,85.618,-29.582,7.625,12.438,-28.218,0.0,161.518,-30.392,45.085,-42.489,1097.294,0.0155,10.256,0,0,0,0
4994,3,-24.404,-36.32,-49.779,-24.713,0.2925,58.027,-13.362,-0.294,-31.55,-15.1,0.5246,242.347,-22.637,35.353,-23.875,5223.379,0.6718,71.938,1,0,0,1
2227,10,-13.7,52.08,-6.99,-14.505,0.074,126.004,-5.427,-6.468,28.114,-7.302,0.0,111.536,22.982,-31.07,24.518,3586.288,0.1064,16.156,0,0,0,0
903,10,-10.368,-10.797,-36.191,-7.508,0.5908,354.662,-18.814,-25.743,9.273,-18.541,0.5526,181.484,-33.16,-133.094,-19.872,1528.005,0.634,100.0,1,0,0,1
4024,5,-5.187,-36.491,-40.735,-4.777,0.4007,478.748,-26.132,19.748,-13.998,-27.021,0.0,296.85,-22.199,188.135,-20.433,6020.563,0.237,47.185,1,0,0,0
2185,5,13.753,-3.295,51.021,12.377,0.074,7.631,-5.775,-14.364,58.521,-5.443,0.084,242.026,-1.984,96.573,-0.364,558.077,0.201,39.355,0,0,0,0
4030,5,-29.094,-41.199,-59.476,-25.997,0.6134,520.982,-13.974,-18.121,-11.639,-13.103,0.1318,200.025,-27.42,-65.679,-24.147,2185.928,0.4446,58.219,0,0,0,0
2948,3,-18.613,-43.301,-40.141,-19.108,0.4866,249.345,14.078,-21.55,-6.79,14.51,0.0623,206.494,-55.146,-194.094,-60.883,1551.4,0.1516,13.311,0,0,0,0
2651,5,0.328,-61.279,-25.089,2.563,0.7393,332.741,-26.988,-35.493,-48.845,-26.629,0.3513,82.729,-56.356,-11.84,-67.603,4071.575,0.6045,52.832,0,0,0,1
580,5,3.19,15.212,-21.273,3.312,0.2732,476.596,-16.928,17.294,-3.671,-19.379,0.0,442.653,-38.94,-41.42,-44.294,23.736,0.2276,12.343,0,0,0,0
208,10,-17.066,-5.414,8.268,-17.491,0.1295,351.189,-1.565,-14.261,61.051,0.082,0.1202,514.285,-24.629,0.144,-29.379,6139.282,0.1355,0.561,0,0,0,0
2733,10,5.75,22.082,4.79,8.347,0.0,388.313,4.551,11.908,-31.144,6.001,0.001,353.64,-4.855,-46.543,7.013,4458.862,0.286,16.501,0,0,0,0
4080,5,-4.88,-16.453,-68.515,-4.704,0.0991,442.635,-3.598,-21.723,8.571,-4.784,0.0,583.444,-11.973,207.663,-10.211,879.156,0.3055,0.0,0,0,0,0
1531,5,-29.098,-13.519,-44.738,-25.969,0.3122,199.824,0.836,-20.25,-50.074,2.905,0.4546,200.737,-46.18,-24.876,-46.321,6135.865,0.6894,70.137,1,1,0,1
3825,3,-22.054,-34.833,-59.611,-20.913,0.6268,373.224,-0.259,-32.738,-44.363,-2.007,0.6108,109.221,-40.651,-52.016,-28.54,3163.478,0.9098,78.108,1,0,1,1
2615,5,-12.054,6.002,34.292,-10.989,0.1302,194.166,3.638,-1.664,-8.505,3.35,0.1319,498.171,-50.452,-44.869,-52.06,3791.331,0.0,21.0,0,0,0,0
1285,3,14.484,-10.662,12.583,18.005,0.0036,437.526,11.221,16.273,-35.266,7.877,0.0,325.346,5.013,105.76,2.317,4249.674,0.1098,29.723,0,0,0,0
482,5,-18.496,-53.603,-89.325,-17.67,0.5899,411.552,-1.552,15.851,-24.615,-3.315,0.383,137.047,-71.633,-55.065,-59.171,840.742,0.7955,72.752,1,0,0,1
986,5,-23.582,-50.331,-100.0,-28.293,0.3652,191.499,-4.58,-13.775,-42.719,-3.411,0.4569,188.118,-60.679,-42.303,-59.023,2898.954,0.4972,77.012,1,0,0,1
4466,3,21.746,12.247,24.666,25.526,0.0397,465.606,-3.744,-17.318,9.219,-1.602,0.1672,496.124,0.616,-73.191,9.701,4060.7,0.3835,4.319,0,0,0,0
3109,3,5.435,14.417,39.3,4.031,0.0673,500.209,12.138,3.096,57.052,11.196,0.0,46.768,11.863,-1.024,10.13,4487.159,0.3259,19.809,0,0,0,0
600,3,-11.693,1.715,-3.379,-11.248,0.0859,234.258,-14.221,-39.453,-4.382,-11.837,0.0,54.755,-26.272,-30.362,-38.261,2171.899,0.2242,5.886,0,0,0,0
4925,3,3.515,1.72,72.907,6.26,0.0,289.794,9.482,13.167,26.954,8.066,0.2264,182.874,33.356,-105.021,36.263,1776.188,0.4466,4.799,0,0,0,0
1669,10,-24.964,-8.59,-38.277,-27.764,0.2997,114.539,-21.232,-10.757,-34.446,-14.528,0.3335,174.017,-42.657,-181.769,-45.047,4263.38,0.754,88.587,0,0,0,1
1428,5,16.18,28.454,-2.453,16.218,0.0055,415.968,7.453,13.939,-21.038,9.93,0.1148,173.97,39.738,-46.361,44.272,5800.482,0.2278,0.0,0,0,0,0
2884,10,-17.095,-79.161,-71.178,-16.681,0.6324,248.432,-12.972,-28.232,-10.323,-15.85,0.2648,145.372,-18.342,-60.584,-20.457,2549.995,0.6955,100.0,1,0,1,1
4916,5,-7.649,-32.175,-45.832,-12.38,0.4101,206.903,-15.082,-12.099,19.736,-16.268,0.1116,64.093,-50.068,-14.093,-47.158,1063.614,0.8158,72.05,1,0,0,1
2457,10,3.81,31.635,-1.878,5.48,0.0531,506.97,10.876,17.015,10.958,9.871,0.1449,121.19,64.032,-163.571,54.649,6452.718,0.4051,20.491,0,0,0,0
3947,3,-17.039,-12.283,12.62,-16.637,0.0708,154.691,13.72,-15.151,18.98,12.864,0.076,60.036,37.96,81.207,36.232,4575.634,0.0,23.163,1,0,1,0
3127,10,-5.786,-62.482,34.933,-6.048,0.1094,376.64,1.692,10.09,11.365,0.23,0.1029,302.938,3.908,66.631,1.073,4876.456,0.5231,27.115,0,0,0,0
1964,5,-9.587,-50.111,-44.157,-11.965,0.8788,304.001,-5.693,-8.079,-21.258,-3.76,0.4185,226.899,-7.398,-68.174,3.106,2849.346,0.8257,33.486,0,0,0,1
4477,10,12.181,6.262,-9.278,14.797,0.0356,237.386,40.875,-4.968,-4.271,37.802,0.0423,223.566,-40.462,74.587,-40.349,7561.213,0.1154,30.877,0,0,0,0
1987,5,19.117,-7.257,28.521,18.848,0.0835,680.221,12.172,26.405,-29.049,14.224,0.1311,171.951,5.9,101.032,9.435,4405.263,0.1762,32.118,1,0,1,0
3858,3,-13.771,-28.653,-16.901,-12.571,0.593,23.196,0.614,-14.228,-40.823,-0.742,0.0,112.402,24.857,-16.032,24.379,5387.323,0.6477,56.05,0,0,1,1
365,10,2.978,6.022,44.932,4.947,0.0925,432.976,26.302,-20.689,-3.327,26.6,0.0382,315.347,-2.556,-126.329,-19.844,6481.808,0.4056,28.25,0,0,0,0
4881,3,1.424,7.273,6.034,1.644,0.0,584.244,5.371,-8.918,-19.161,7.209,0.0,241.176,-2.032,26.319,-17.403,3705.405,0.1322,8.211,0,0,0,0
1130,5,15.365,-34.945,-49.751,13.216,0.1447,306.704,14.073,-11.665,-9.544,12.299,0.0087,30.538,36.261,72.663,50.126,4604.972,0.1763,44.327,0,0,0,0
4528,3,-20.099,-66.671,-26.537,-16.262,0.4066,283.764,-4.449,-20.438,3.667,-4.661,0.4142,257.82,15.741,-1.825,15.835,2898.747,0.7272,38.379,0,0,0,1
282,3,-20.428,11.879,-37.072,-23.129,0.5627,145.849,-4.82,-4.754,-72.118,-7.779,0.1258,42.814,-30.122,36.135,-22.501,616.774,0.6537,77.23,1,0,0,1
610,5,28.387,26.725,-23.361,29.632,0.0054,82.007,-8.136,-18.794,38.137,-7.818,0.0383,170.168,-5.47,121.935,-3.136,1183.274,0.146,8.516,1,0,0,0
2032,5,13.408,11.059,4.531,13.309,0.1936,603.678,9.401,47.986,16.143,10.522,0.1327,247.878,38.08,95.585,36.753,1420.626,0.0,0.0,0,0,0,0
4879,10,9.664,-16.035,-48.463,9.465,0.3993,450.851,-12.746,-6.966,-24.743,-16.559,0.0,217.812,3.288,-16.326,16.304,3746.232,0.2702,51.066,0,0,0,0
4455,5,8.506,20.343,-48.445,6.662,0.1269,642.763,-5.4,44.446,-18.391,-3.515,0.0742,208.249,-33.246,-52.384,-20.84,1662.843,0.1439,0.23,0,0,0,0
3777,3,0.001,-6.574,100.0,-0.87,0.1332,448.862,-24.423,-21.249,30.5,-23.245,0.1012,183.305,-8.079,8.591,-4.504,4866.959,0.1218,9.141,0,0,0,0
3447,10,-11.988,-49.282,-49.053,-12.744,0.654,78.225,-7.454,-24.232,-19.476,-5.621,0.0,114.948,58.069,55.409,67.885,2449.776,0.5506,64.572,0,1,0,1
1116,3,1.725,13.96,-19.783,-1.929,0.0,296.318,-3.917,3.092,58.596,-1.737,0.0505,257.326,-51.241,-13.425,-58.362,2954.168,0.1007,10.593,0,0,0,0
103,5,4.165,23.083,15.915,2.429,0.1408,594.553,-7.566,-2.575,32.738,-8.489,0.0362,188.078,10.651,16.045,-2.315,5027.704,0.0672,9.898,1,0,0,0
4268,3,-9.658,-33.533,-37.107,-11.052,0.4518,311.09,0.658,-10.202,-25.005,1.8,0.3362,110.914,-32.017,-23.389,-29.17,3078.359,0.4553,40.903,0,1,0,1
2151,10,-1.004,20.266,11.814,-4.236,0.2392,440.31,-2.801,28.714,-15.731,0.756,0.0147,617.491,-13.118,68.094,-5.087,2179.305,0.1919,18.721,0,0,0,0
3860,3,18.303,-17.14,25.724,18.254,0.0,440.936,-5.803,12.679,-19.553,-6.275,0.132,72.164,75.975,-14.315,86.938,48.771,0.246,12.603,0,0,0,0
1983,3,-11.897,-19.855,-90.802,-8.539,0.5035,165.053,3.612,-8.761,-53.483,4.039,0.3757,335.643,-44.616,-66.183,-39.858,4291.912,0.6251,44.567,0,0,0,1
936,10,2.085,-3.585,-41.11,0.772,0.2576,393.887,24.553,-8.635,-18.202,22.102,0.0533,373.69,0.883,113.864,5.286,1536.293,0.39,38.95,0,0,1,0
4713,10,-15.983,-1.616,-32.829,-17.62,0.1538,244.754,-21.858,-9.832,10.228,-21.354,0.0,341.726,51.746,-125.555,51.599,4200.447,0.1441,22.801,0,0,0,0
1115,3,-26.772,-63.866,-15.801,-24.218,0.1674,498.723,-12.927,-7.702,-47.984,-11.971,0.1501,231.601,-58.381,-135.626,-58.754,3803.723,0.76,34.581,1,0,1,1
2894,5,-29.075,9.998,-46.345,-27.367,0.1372,431.277,-3.355,-14.216,-2.144,-1.005,0.0808,163.335,26.0,96.527,27.966,3587.64,0.2884,9.119,1,0,0,0
4563,10,-2.688,19.296,-59.905,-3.792,0.1441,566.092,-2.615,0.515,-4.76,-2.915,0.2612,127.117,-13.67,68.037,-5.396,4235.093,0.1107,29.098,0,0,0,0
841,3,-19.562,-26.578,-22.981,-20.257,0.3746,209.307,-0.977,30.135,18.346,-0.94,0.0488,543.194,-60.013,-256.503,-60.267,3022.503,0.577,47.737,1,0,0,0
368,10,-11.138,39.796,10.586,-12.667,0.1892,73.457,3.469,23.989,10.681,-0.81,0.2066,160.092,12.809,32.754,20.043,4190.146,0.2049,22.988,0,0,0,0
4558,5,-3.534,-37.236,-27.75,-2.577,0.3159,528.101,-11.861,-18.292,22.558,-14.703,0.1106,192.516,8.973,-80.781,16.087,7724.521,0.2444,56.522,0,0,0,0
230,3,32.907,-37.444,-32.327,31.811,0.0,470.715,4.894,7.519,-50.889,1.465,0.0,323.139,-43.686,59.062,-47.139,2752.066,0.0646,1.841,0,0,0,0
1642,3,-5.031,-30.558,-14.227,-6.751,0.0927,477.403,13.311,-12.314,6.003,13.27,0.1337,248.007,-32.908,171.0,-37.346,5649.69,0.4566,15.401,0,0,0,0
4859,5,-27.13,-53.729,-69.547,-26.908,0.4993,215.465,-6.084,-10.5,-23.243,-6.376,0.3751,7.09,45.871,10.5,52.529,636.706,0.4551,73.131,1,1,0,1
1291,5,-15.64,28.297,-47.334,-16.596,0.0,512.732,4.893,15.51,52.711,5.968,0.1305,119.707,-18.823,-49.549,-18.864,6433.489,0.1183,15.694,0,0,0,0
3156,5,-13.658,-24.6,-19.556,-11.532,0.5253,65.205,1.139,-11.236,-42.237,2.853,0.1335,3.78,37.192,23.504,28.925,1991.544,0.6261,57.226,1,0,0,1
17,5,-21.204,-72.802,-59.544,-22.071,0.3225,89.555,-4.112,18.45,-6.356,-2.791,0.2119,111.395,68.1,-151.149,68.344,425.341,0.6476,45.74,1,0,0,1
4122,10,-25.389,29.849,6.075,-29.051,0.0566,770.118,3.378,0.307,-76.142,2.804,0.1028,359.395,-49.063,10.077,-52.855,4501.952,0.3382,38.062,0,0,0,0
3345,10,-13.602,16.677,-32.745,-13.502,0.0,424.666,14.192,-17.998,32.765,14.969,0.211,340.381,0.162,-27.559,17.109,2025.701,0.1878,15.519,1,0,0,0
2904,5,-5.343,-31.689,43.423,-6.941,0.2372,589.741,15.02,16.044,18.762,17.029,0.0115,392.444,1.206,-30.107,-6.201,7763.168,0.1528,0.0,0,1,0,0
1394,5,-10.832,19.111,-27.284,-12.787,0.1954,642.567,19.826,-2.247,-27.06,21.212,0.0387,355.942,-0.764,93.956,6.625,5350.351,0.0,4.075,0,0,0,0
2850,10,-13.542,-19.496,-16.157,-15.955,0.3444,399.106,10.328,-11.082,2.466,11.461,0.0,471.595,62.761,41.411,70.911,3114.551,0.2125,24.743,0,0,0,0
3975,10,-27.296,-62.814,-46.998,-24.243,0.5508,328.554,-16.068,-28.636,-45.46,-17.662,0.082,115.999,-24.219,0.02,-11.663,6012.767,0.8825,70.987,1,0,1,1
388,5,-15.012,-42.31,-29.318,-14.16,0.5111,520.404,-15.747,-29.697,-28.519,-15.263,0.2638,124.085,69.193,-125.56,70.86,265.325,0.9897,35.673,1,0,0,1
3362,5,7.98,-45.673,-38.302,12.077,0.1965,422.261,1.226,-6.987,-31.036,3.052,0.0944,225.163,-21.369,-58.011,-29.735,5479.776,0.1221,63.121,0,0,0,0
3210,5,8.21,2.76,29.069,8.537,0.0,2.72,-22.786,20.397,-6.719,-24.526,0.1462,409.396,-1.331,37.328,-2.956,2465.538,0.128,13.431,0,0,0,0
3676,10,-0.333,-37.16,-14.411,-1.872,0.3652,126.558,-6.157,-2.593,-20.66,-4.876,0.3108,132.054,-66.602,35.905,-69.832,3525.99,0.5941,63.716,0,0,1,1
280,10,7.285,-0.325,-23.748,3.995,0.1622,370.672,-7.069,31.073,-4.187,-5.609,0.0317,281.936,33.235,-22.069,27.939,3055.828,0.1955,8.048,0,0,0,0
3551,10,-7.94,8.642,-14.552,-8.614,0.0916,415.722,14.353,4.036,-27.378,11.987,0.004,66.944,-45.104,-7.4,-56.932,3824.366,0.1225,0.0,0,0,0,0
373,5,-31.426,-15.748,5.286,-31.532,0.1005,550.183,9.949,6.376,-0.824,9.746,0.1054,115.732,52.173,226.355,50.476,6225.99,0.1529,0.0,0,0,0,0
3697,10,-30.075,-5.272,60.092,-25.896,0.074,509.202,6.708,-0.918,19.467,5.368,0.01,132.372,-61.138,-135.415,-71.577,2844.243,0.2992,3.955,0,0,0,0
3494,5,14.571,-21.418,-31.437,11.087,0.0296,380.441,-10.528,-50.568,-28.566,-11.765,0.0,342.011,22.915,-19.649,23.392,1282.633,0.445,10.751,0,0,0,0
478,5,-14.787,-50.435,-53.358,-15.415,0.5369,279.821,-24.915,-2.516,-36.491,-23.89,0.0556,357.598,-27.615,148.223,-28.257,530.461,0.5667,75.852,1,0,0,1
1866,5,-34.711,-9.15,20.626,-34.698,0.0825,374.404,-0.603,1.818,-14.821,2.212,0.1113,643.554,-56.563,20.926,-39.88,3891.923,0.324,26.68,0,0,0,0
622,10,-14.683,-1.89,38.01,-15.163,0.1864,282.36,-9.213,8.054,-43.553,-12.882,0.0,463.541,14.08,-90.608,21.865,5067.21,0.1019,0.0,0,1,0,0
4795,3,-6.906,-51.942,7.338,-7.366,0.1807,545.489,7.635,-46.778,30.716,5.996,0.1758,197.618,42.088,98.168,50.819,1002.325,0.0511,21.538,1,0,0,0
1030,3,-29.111,-53.925,-10.779,-26.917,0.3121,137.348,3.667,-21.683,-6.774,2.33,0.1021,184.231,-8.42,18.279,-2.498,7741.864,0.3895,27.201,1,0,1,1
3477,3,-15.014,-6.273,100.0,-16.508,0.1301,419.471,5.86,-13.129,-39.071,6.625,0.0415,1.25,18.926,42.783,14.881,4724.635,0.3054,13.401,0,0,0,0
4213,10,19.743,-12.704,13.315,20.942,0.0161,500.192,8.366,-26.443,8.219,9.248,0.157,43.362,23.261,-10.683,14.272,9345.384,0.3952,20.981,0,0,0,0
3414,5,-8.647,56.81,3.913,-7.384,0.1383,441.429,17.526,26.878,-10.92,18.012,0.1452,283.814,13.222,60.741,16.683,4600.79,0.0,2.567,0,0,0,0
1875,5,-12.136,-52.499,-59.693,-11.83,0.6155,280.494,-12.004,-15.279,-8.143,-12.393,0.388,137.854,-38.067,-143.281,-36.037,5435.579,0.9244,64.42,1,0,0,1
4234,5,-27.268,-63.373,-28.104,-26.806,0.6917,309.258,-10.638,-10.44,-28.169,-8.495,0.2158,179.326,-64.342,23.175,-67.858,1812.432,0.775,81.026,1,1,1,1
2156,3,-1.152,30.636,-12.038,-4.819,0.0,591.65,6.492,-1.818,-6.318,7.347,0.0525,247.154,-10.421,-26.401,-6.333,4399.768,0.24,39.185,0,0,0,0
1002,3,-5.367,8.425,-21.779,-10.254,0.0,382.586,-25.118,-18.296,-4.236,-22.208,0.1288,348.593,-3.533,-7.247,-3.234,5100.246,0.13,5.399,0,0,0,0
3124,5,26.613,13.862,-35.193,27.232,0.0375,539.16,20.872,15.261,-29.016,21.012,0.1703,389.037,55.183,-9.429,49.578,5203.27,0.0,40.933,0,0,0,0
29,3,5.374,8.431,-38.25,5.402,0.0844,400.477,-0.883,29.155,-11.534,-3.649,0.012,94.876,96.118,130.36,112.184,396.691,0.5403,5.249,0,1,0,0
3082,3,-21.918,-13.821,21.642,-23.61,0.1609,360.676,31.428,-17.923,-58.331,32.721,0.0,135.961,3.705,7.708,-11.231,296.858,0.3508,7.13,0,0,0,0
2383,3,27.199,-33.183,-17.037,29.009,0.0981,273.372,-7.721,-13.267,-55.64,-6.566,0.083,324.34,-7.969,-161.666,-17.109,4988.66,0.0916,33.769,0,1,0,0
596,10,-16.606,-45.705,-21.43,-18.531,0.8067,326.034,-10.266,-5.602,-18.189,-8.104,0.4815,102.304,-5.87,-42.522,-6.117,1135.519,0.4843,100.0,0,0,1,1
3244,10,2.535,5.841,-81.149,4.774,0.0,624.564,11.746,15.663,46.394,9.96,0.0,292.309,-42.55,-67.071,-60.517,376.791,0.3735,4.814,0,0,0,0
2574,10,11.897,32.72,37.634,10.346,0.1607,631.15,5.24,4.671,-43.362,6.078,0.1022,501.946,34.022,-133.689,24.041,5789.001,0.3185,0.0,0,0,0,0
101,10,-17.236,-27.154,-56.263,-18.449,0.4778,217.4,-23.753,-16.569,-7.832,-25.985,0.2127,225.052,20.973,-86.73,21.394,1992.411,0.7351,93.517,0,1,0,1
3289,3,-8.912,-17.491,-38.802,-9.243,0.3589,373.735,15.338,-33.677,10.929,17.17,0.0581,418.784,-12.241,-58.999,2.934,1929.433,0.3313,59.103,0,0,0,0
4183,10,-11.518,16.432,-10.989,-12.93,0.0906,426.899,9.973,-12.418,-44.908,8.837,0.1793,348.412,-20.668,26.609,-31.607,196.745,0.1446,5.737,1,0,0,0
3339,10,-11.066,-28.352,-25.165,-10.439,0.0689,243.321,9.094,-12.421,24.253,8.093,0.011,281.206,-57.995,78.599,-55.495,723.374,0.1548,9.711,1,0,0,0
2649,3,18.005,-7.985,-53.123,18.058,0.0942,533.325,28.58,-9.882,2.303,28.492,0.0,232.49,21.188,-76.192,-7.413,151.77,0.1016,25.964,0,0,0,0
2540,3,-10.517,14.49,37.741,-11.886,0.1696,118.448,9.824,-19.704,31.291,6.633,0.1071,503.41,-15.912,-29.993,-2.537,3061.874,0.0411,0.0,0,0,0,0
3765,5,3.835,-17.91,-3.745,4.547,0.0681,470.622,6.481,-23.694,40.298,6.558,0.0582,247.259,5.469,69.484,14.062,4655.327,0.3238,14.647,0,0,0,0
1020,5,-2.357,13.577,-2.125,-1.768,0.0884,150.722,1.397,-2.364,47.014,0.094,0.1193,409.206,-39.062,37.13,-44.199,7271.93,0.4961,44.059,0,0,0,0
4428,3,-0.419,-32.747,77.609,-1.341,0.1704,176.153,5.203,0.407,-33.65,3.614,0.0615,294.48,64.814,62.751,68.064,5632.604,0.1292,14.443,0,0,0,0
2474,3,23.194,-38.355,-21.567,20.521,0.2795,440.098,-18.173,-36.653,-28.051,-13.129,0.1219,304.281,21.049,-233.847,16.984,4448.939,0.2483,31.492,0,0,0,0
800,5,3.833,17.408,-9.072,4.013,0.2039,35.334,-7.019,2.195,-17.603,-6.094,0.0,197.534,-6.303,-131.321,-10.408,1825.1,0.2634,24.585,0,0,0,0
603,5,2.722,8.734,-3.35,5.422,0.0,300.002,-7.83,2.822,-65.793,-7.038,0.0024,532.171,-49.508,99.268,-45.756,4513.184,0.3248,10.89,1,0,0,0
2415,10,-20.514,-41.468,-97.519,-20.306,0.2155,259.804,-9.741,-23.938,9.524,-5.333,0.3557,139.086,72.068,97.581,76.846,3212.724,1.0,76.922,1,0,0,1
3699,10,18.698,-48.329,-2.952,21.662,0.0,348.974,6.549,4.836,21.068,9.456,0.0746,340.374,24.396,68.699,29.344,5060.195,0.3808,28.547,0,0,0,0
4436,5,-0.572,-18.11,13.429,-0.375,0.1313,199.465,-2.946,-23.593,46.918,-3.735,0.1457,442.508,-5.533,60.576,0.59,7032.214,0.4604,1.53,1,0,0,0
2763,3,12.422,23.32,10.13,16.567,0.1025,270.456,-39.117,1.555,13.122,-37.359,0.0284,167.559,52.404,158.221,44.885,4621.035,0.3355,17.751,0,0,0,0
2965,10,-11.367,-11.043,-31.04,-13.835,0.0,161.354,-19.268,17.889,86.391,-16.275,0.2029,201.962,-12.396,89.586,-11.862,7310.879,0.0644,0.0,0,0,0,0
1085,3,0.615,13.778,-27.203,-1.271,0.0895,308.418,-6.95,8.541,2.245,-5.788,0.0055,340.722,78.453,22.564,70.704,2770.679,0.0051,11.951,0,0,0,0
1743,10,-5.615,1.134,56.682,-5.456,0.0,435.118,-13.159,-2.101,-25.624,-15.724,0.0714,267.762,-30.434,129.423,-31.791,5743.74,0.144,16.406,0,0,0,0
4441,10,-3.16,19.621,-44.458,-4.732,0.2219,261.95,-0.131,15.96,38.341,-1.181,0.1301,344.521,-51.706,14.52,-61.105,1772.367,0.0174,17.775,0,0,0,0
4299,10,-5.056,10.047,-50.133,-4.504,0.1518,197.767,-11.165,-59.764,-27.221,-15.621,0.0755,387.441,59.706,-68.473,53.973,2645.703,0.2598,18.018,0,0,0,0
441,3,-19.783,-30.428,-51.388,-22.29,0.7698,142.997,-11.222,-27.249,-13.175,-9.089,0.1316,147.15,-54.553,135.981,-56.315,3278.539,0.9468,79.157,1,0,1,1
3491,3,13.947,-29.394,-9.554,12.695,0.0,15.87,-16.84,-19.488,-31.148,-19.013,0.1979,204.206,9.346,126.739,19.613,4002.148,0.0,10.163,0,0,0,0
770,3,17.432,-54.833,43.308,16.594,0.2476,365.343,13.511,-27.556,-30.472,16.341,0.0174,431.509,14.907,-41.851,11.566,1254.417,0.2523,17.398,0,0,0,0
1585,10,8.376,4.543,-23.791,10.914,0.1177,423.991,11.948,-9.614,8.449,11.906,0.027,228.312,95.949,-112.831,95.943,2874.757,0.5043,45.306,0,0,0,0
3590,3,39.393,-13.068,17.362,39.974,0.1836,343.613,28.65,-12.751,-73.899,29.079,0.0502,34.507,-37.269,43.966,-34.26,3250.509,0.1577,0.0,0,0,0,0
3741,10,-10.735,-12.136,24.54,-9.818,0.112,45.251,10.114,5.452,-19.112,12.649,0.1543,158.49,-47.696,-90.58,-46.412,4855.91,0.0,4.932,0,0,0,0
3121,10,-13.734,3.041,-1.572,-12.625,0.0,597.176,-19.875,15.549,22.587,-22.237,0.0,351.512,39.654,206.515,39.355,1935.469,0.0292,10.64,0,0,0,0
1793,5,-7.603,-15.014,-1.053,-6.236,0.0494,249.953,-20.285,1.495,-77.121,-20.64,0.0284,449.696,-14.316,-101.273,-10.224,8258.216,0.0,31.485,0,0,0,0
3883,5,10.764,-25.275,-33.139,10.684,0.2079,531.013,3.118,-4.005,-26.269,4.207,0.0053,191.233,-8.929,26.108,-12.75,212.961,0.32,21.786,1,0,0,0
1953,3,-23.498,-43.604,-57.203,-21.425,0.5935,104.945,-14.524,10.32,-38.641,-17.861,0.2748,5.885,4.322,-136.649,-7.841,3999.48,1.0,67.707,1,1,0,1
849,10,-21.393,-30.35,-38.917,-22.971,0.4241,397.482,-0.513,-28.611,-55.485,3.98,0.5421,114.135,-41.064,-164.501,-36.787,1240.509,0.6355,61.618,1,0,0,1
1610,10,2.159,-23.617,-40.193,7.07,0.1453,607.757,7.437,8.246,-34.613,7.671,0.1546,317.641,26.235,76.935,20.605,904.805,0.2492,20.387,0,0,0,0
1255,5,-25.255,-28.029,-19.454,-26.41,0.1895,262.199,-6.402,-22.476,-21.47,-6.359,0.2938,206.141,36.508,-34.946,22.153,2019.079,0.5869,52.058,1,0,1,1
2516,5,-7.185,-27.687,-24.418,-6.134,0.5525,67.169,-10.328,-30.497,-46.714,-14.407,0.304,167.572,-21.315,-69.192,-26.361,1300.654,0.9579,91.085,1,0,0,1
4594,10,-1.666,27.154,-56.439,-1.217,0.1604,280.752,-0.759,-23.337,58.246,-2.894,0.0952,46.874,6.735,-33.611,15.123,4284.874,0.3586,0.0,1,0,0,0
2790,5,-5.068,-0.979,14.487,-5.685,0.0,291.716,11.919,8.653,-22.255,13.539,0.1532,353.125,27.773,112.175,11.6,4743.861,0.1883,23.624,0,0,0,0
1494,5,-4.995,-23.976,17.933,-6.826,0.1557,303.337,-3.146,-9.121,-9.575,-5.426,0.2289,417.641,-86.47,-23.245,-85.474,389.395,0.2994,4.625,0,0,0,0
4874,10,-8.772,-15.582,-49.763,-9.917,0.0385,600.698,-23.076,-22.52,15.862,-24.613,0.1936,132.878,42.939,-3.78,38.091,9679.267,0.088,31.769,0,0,0,0
4032,5,11.04,-4.907,46.104,5.624,0.093,415.186,-8.131,19.723,-31.463,-7.108,0.0083,446.649,-26.643,-62.585,-20.96,2695.897,0.4892,25.911,0,0,0,0
3420,5,7.295,-32.923,-37.731,7.055,0.3643,212.247,-16.2,22.791,27.491,-15.425,0.1397,110.439,8.54,101.951,6.061,7101.132,0.5593,40.392,0,0,0,0
850,3,4.433,31.428,-69.233,0.991,0.0,483.758,-1.464,-0.987,11.423,1.165,0.0,154.394,13.812,32.029,19.18,6948.924,0.1094,8.64,0,0,0,0
4427,10,-0.298,1.432,-52.895,-3.093,0.1975,424.556,-1.472,8.183,4.536,-1.056,0.0459,328.809,4.793,351.695,7.122,3279.921,0.0,1.552,0,0,0,0
3134,10,-39.944,-32.753,-43.839,-39.323,0.3457,429.602,-27.097,-10.765,-19.332,-27.561,0.5994,91.697,-7.016,70.018,-1.944,1923.476,0.5888,73.27,1,0,0,1
314,3,-11.272,-11.212,11.958,-12.401,0.1112,593.626,-15.722,-1.061,-74.763,-15.061,0.0497,146.96,51.784,-11.062,47.944,1370.21,0.1912,19.168,0,0,0,0
1135,10,-13.778,-6.101,-18.735,-12.359,0.0,86.904,-6.594,-25.891,-8.786,-4.659,0.1583,252.353,22.795,58.488,25.541,7021.897,0.1209,41.051,1,0,1,0
1426,10,18.162,-24.403,-24.157,19.798,0.0,354.109,3.734,4.745,-21.195,-0.336,0.0293,338.797,-4.386,86.103,-10.509,7247.364,0.3272,21.309,0,0,0,0
1611,3,3.313,-7.964,-48.773,3.454,0.055,862.041,6.176,5.246,22.647,10.181,0.2184,513.89,-6.273,-218.144,-11.246,2407.032,0.2822,16.439,0,0,0,0
4512,10,-15.275,-53.406,-17.958,-14.08,0.6413,158.888,-6.305,-19.497,-9.064,-3.749,0.3444,113.713,-31.697,-15.0,-34.497,1963.031,0.4471,51.809,1,0,1,1
1165,10,-20.587,-71.087,-74.4,-22.081,0.8965,326.177,-22.53,-21.415,-12.15,-23.266,0.2727,132.298,-29.759,-191.098,-34.48,4670.072,0.9892,64.553,1,0,1,1
2197,3,5.913,28.541,-5.66,4.37,0.097,504.197,-1.663,-9.432,-14.695,0.667,0.1776,322.524,-17.804,92.0,-26.262,2831.185,0.113,27.637,0,0,0,0
4158,3,-19.511,-29.694,-50.914,-19.665,0.7776,233.056,-17.464,-33.793,-17.904,-17.223,0.2853,318.382,4.099,45.469,-3.126,674.918,0.5858,100.0,1,0,0,1
1779,10,-9.289,-14.22,-37.136,-8.454,0.0,373.238,6.894,-33.434,9.519,9.738,0.0346,251.522,-14.572,-6.786,-9.136,7098.692,0.2551,13.358,0,0,0,0
748,5,-21.579,-45.543,-63.999,-20.199,0.4515,226.854,-16.181,-26.558,-51.142,-15.18,0.0,270.688,46.275,124.5,50.299,5021.205,0.9428,100.0,0,0,1,1
3189,5,-6.475,-4.272,14.176,-7.407,0.0306,214.876,-7.257,32.206,-10.247,-6.173,0.0,165.436,25.266,78.611,20.911,4190.529,0.1687,28.52,0,0,0,0
4733,10,0.471,-15.507,36.374,-1.606,0.0037,301.239,-0.49,-11.844,-52.928,-0.263,0.1199,360.036,48.299,-24.204,31.796,6069.884,0.0,15.935,0,0,0,0
1429,5,5.175,55.552,49.293,4.006,0.0848,254.439,7.904,15.295,34.28,5.197,0.017,14.177,8.176,-127.226,9.728,3416.427,0.2041,21.451,0,0,1,0
1170,5,13.994,-25.639,25.747,12.595,0.1736,585.208,-7.078,-13.209,28.49,-8.22,0.0,460.89,31.868,67.612,47.881,3633.279,0.1264,20.342,0,0,0,0
2711,5,-2.545,19.495,-23.942,-0.724,0.0356,515.713,-13.945,4.978,7.159,-13.362,0.0,273.952,1.781,18.533,5.23,843.188,0.2558,11.499,0,0,0,0
1654,10,-11.233,19.566,-9.333,-14.648,0.1093,491.946,11.077,22.872,-5.077,10.208,0.0,422.612,-47.759,-50.608,-34.595,4993.872,0.1561,15.232,0,0,1,0
4805,5,-17.058,-14.13,25.674,-14.651,0.1096,160.421,-0.777,-9.015,12.607,-1.707,0.2384,304.881,11.076,169.571,11.486,625.432,0.1218,15.578,0,0,0,0
3855,10,-8.323,-38.477,0.033,-9.999,0.5454,290.39,5.692,-28.925,-24.987,7.144,0.1048,103.177,-5.691,93.523,-6.407,2197.628,1.0,93.71,1,0,0,1
3781,10,26.368,-23.946,22.725,25.123,0.0,99.488,-0.647,-18.85,-31.235,-0.731,0.1301,273.78,12.52,108.676,9.955,5795.994,0.4197,0.0,0,0,0,0
1886,3,-4.799,11.422,67.511,-4.672,0.0812,123.716,8.761,-0.739,-15.701,8.877,0.0781,217.163,28.68,229.785,25.724,6114.232,0.1625,30.415,0,0,0,0
1141,10,-35.463,-38.8,-100.0,-35.164,0.3345,363.49,3.036,-2.084,-32.257,1.916,0.0,255.52,-35.242,-41.335,-5.452,800.887,0.7031,87.361,0,0,0,1
2829,10,16.52,18.702,-15.657,17.181,0.0851,256.121,3.378,-15.972,-10.091,4.388,0.0276,399.523,-17.599,120.115,-21.605,4250.115,0.1843,12.874,1,0,1,0
4844,5,3.133,35.156,-5.982,3.115,0.119,477.323,-0.273,24.46,45.991,-1.252,0.0,261.118,-8.344,188.834,-10.426,6601.617,0.2348,22.126,0,0,0,0
1990,5,-9.501,-23.049,-1.492,-8.495,0.1342,310.318,15.616,14.97,17.578,16.142,0.0693,192.673,-84.675,-118.122,-97.339,4090.886,0.4001,0.83,0,0,0,0
3736,10,-2.118,-24.529,-11.672,-4.223,0.0988,316.027,-8.239,3.857,-15.311,-10.166,0.1112,359.313,51.155,33.996,59.047,2184.756,0.0537,22.704,0,0,1,0
1473,10,-17.509,-17.002,-37.456,-14.75,0.3726,291.108,-2.896,28.022,46.243,-3.958,0.0849,46.757,1.088,44.832,-0.2,3855.036,0.2992,65.622,0,0,0,0
3567,10,-8.424,-10.452,-49.529,-10.042,0.179,261.314,-6.069,-0.209,-22.809,-6.549,0.0,556.506,21.889,17.522,39.52,1875.95,0.2144,18.024,0,0,0,0
2929,3,0.19,-49.054,3.228,-0.15,0.2214,500.233,-7.458,-21.959,-17.317,-6.891,0.0874,323.976,26.3,-65.832,24.639,4790.917,0.4011,15.773,0,0,0,0
80,10,-24.75,-51.127,-22.535,-26.465,0.6659,22.82,-34.836,-22.068,-33.454,-32.388,0.2784,260.867,5.169,-18.514,9.215,1561.517,0.4877,67.616,1,0,1,1
2891,5,-1.398,16.367,69.779,-1.613,0.1349,393.598,9.431,-37.594,25.594,7.58,0.0,188.414,-25.552,-115.411,-38.956,4275.973,0.2611,26.645,0,1,0,0
4739,5,-22.521,-34.632,-21.529,-24.087,0.79,145.787,-2.508,-45.485,-28.062,-3.869,0.0657,21.424,-31.788,-155.158,-35.245,2711.785,0.6259,84.913,1,0,0,1
4673,5,-13.277,8.232,2.471,-13.289,0.0469,281.866,-8.295,-14.013,9.97,-13.483,0.1655,226.876,-38.269,-16.457,-42.478,2403.211,0.2324,23.694,0,0,0,0
762,3,43.424,-46.018,-13.156,42.762,0.2137,123.728,-11.776,21.006,4.749,-8.087,0.0,307.297,15.343,16.342,26.859,5500.332,0.294,35.278,0,0,0,0
2847,3,13.06,4.876,-8.632,14.215,0.0502,561.531,6.841,4.751,26.042,3.409,0.1189,3.952,-0.856,93.469,-12.778,6661.037,0.0,25.502,0,0,0,0
2602,3,10.157,-23.596,41.291,8.988,0.2044,436.89,4.466,8.859,-34.086,4.59,0.192,52.637,8.154,-74.585,11.344,2317.983,0.3811,22.435,0,0,0,0
2214,3,20.805,27.58,-7.463,19.233,0.093,655.975,-0.988,25.349,11.171,0.266,0.1462,363.145,-20.121,13.134,-30.758,2428.871,0.0452,18.289,0,0,0,0
3607,5,-17.573,-76.251,-61.841,-15.183,0.2889,134.385,-8.53,-4.74,-15.576,-6.032,0.4196,263.072,-96.254,150.178,-98.031,1336.119,0.7964,100.0,1,0,1,1
2717,3,3.846,-1.3,16.297,3.187,0.1314,100.011,2.58,-35.231,24.095,4.23,0.0751,333.879,30.53,-89.702,35.07,4880.388,0.0373,23.008,0,0,0,0
74,10,-22.577,-34.943,-51.816,-19.17,0.4258,99.835,-0.256,-19.163,-8.874,0.157,0.2516,159.647,-15.299,124.664,-17.424,680.628,1.0,72.44,0,0,0,1
1010,3,-14.484,-16.573,-45.493,-14.855,0.1531,51.64,12.825,14.161,-29.788,12.085,0.0413,64.212,-0.543,-97.771,6.253,613.201,0.3822,13.523,0,0,0,0
78,5,-19.476,37.075,3.165,-19.703,0.1865,212.323,-11.421,18.662,-47.965,-13.853,0.0999,102.193,7.744,13.537,11.536,652.422,0.1585,13.932,0,0,0,0
668,5,-17.091,-21.411,0.408,-15.506,0.1606,467.761,-12.677,-14.585,-37.38,-11.389,0.198,346.529,-25.088,-78.55,-30.806,7035.658,0.2625,33.697,0,0,0,0
1122,10,-12.91,-24.099,28.238,-11.653,0.1447,278.451,-5.123,-0.178,14.896,-0.286,0.1419,170.786,64.756,141.688,67.664,229.071,0.0,16.397,0,0,0,0
2559,3,-28.294,-34.269,-60.112,-27.233,0.6245,261.404,-14.923,-7.871,-19.611,-15.712,0.5979,88.234,-17.592,-53.886,-13.266,1535.442,0.641,100.0,0,1,0,1
730,5,-15.227,-55.264,-60.086,-15.475,0.6647,253.416,-7.495,-24.773,-5.671,-6.507,0.4858,69.544,-10.378,-154.329,-11.853,352.259,0.7031,51.633,0,0,1,1
4115,5,-22.782,-48.149,-81.098,-23.462,0.6744,84.444,-1.775,-11.49,-10.632,-4.665,0.2947,329.404,-38.899,-15.889,-44.225,5530.008,0.8152,59.155,1,0,0,1
1411,5,-8.745,-44.446,-81.864,-7.765,0.4491,346.649,-10.552,-15.327,-10.925,-9.826,0.0,66.758,18.479,-14.019,27.352,2694.654,0.7582,54.275,1,0,0,1
677,5,-23.678,-33.981,-16.599,-26.54,0.3337,207.431,-3.624,-27.32,-32.375,-2.727,0.3103,29.006,-49.608,-208.282,-54.791,4429.268,0.6777,30.968,0,0,1,1
2585,10,-8.291,-21.438,-49.604,-6.899,0.691,334.782,0.651,7.4,-31.049,2.893,0.0,18.316,2.667,-216.884,23.13,5013.287,0.5425,37.272,0,0,0,0
1634,3,-16.964,-13.634,17.55,-20.264,0.1018,289.435,13.61,18.452,69.336,14.544,0.0402,6.653,17.61,12.336,14.249,2719.001,0.2634,25.963,0,0,0,0
4378,10,12.935,-4.352,-17.467,12.736,0.0474,488.681,-32.771,6.991,-3.84,-37.262,0.0259,125.576,65.898,-20.023,57.551,3168.754,0.1638,1.879,0,0,0,0
4823,3,-25.527,-21.0,-30.307,-21.45,0.5315,266.321,4.435,-21.045,30.427,2.337,0.0282,411.589,-7.01,32.685,-4.289,5480.772,0.4799,48.465,0,0,0,0
3295,3,3.986,1.839,28.405,3.69,0.1818,569.738,16.533,4.325,-2.94,17.983,0.0,268.497,9.369,-5.06,3.806,1065.763,0.2005,6.577,0,0,0,0
3217,3,1.358,-9.651,20.96,3.154,0.0,543.353,8.81,-1.816,-28.866,9.305,0.1779,230.14,42.419,43.935,52.997,4588.267,0.4012,38.286,0,0,0,0
2755,3,10.412,0.369,13.401,11.728,0.0516,373.796,7.273,-47.477,4.101,11.042,0.1628,337.341,-46.398,-7.329,-41.671,78.832,0.1988,16.719,0,0,0,0
1730,10,-2.898,22.816,10.845,-3.72,0.0318,143.456,-8.627,39.067,21.657,-8.954,0.0732,215.387,34.259,64.301,45.694,716.394,0.4066,40.099,0,0,0,0
3011,3,-15.849,9.292,39.644,-14.085,0.0451,613.116,7.906,8.548,9.88,9.07,0.1761,533.904,-3.595,-21.252,-11.448,3010.777,0.1767,29.186,1,0,0,0
4715,10,-13.278,1.173,-15.878,-13.377,0.0,599.944,-7.458,-34.546,-6.987,-9.484,0.0869,300.807,50.197,-15.043,54.046,6449.41,0.0,5.996,0,0,0,0
82,5,38.317,-65.061,39.232,33.695,0.0,579.235,-13.59,-33.736,-43.634,-13.073,0.1074,41.031,-3.056,-45.63,1.114,3905.666,0.2609,20.906,0,0,0,0
4383,10,22.4,-36.5,-41.615,25.604,0.1802,387.32,1.03,-12.043,-21.945,4.029,0.0458,189.053,47.633,155.182,47.041,6283.957,0.5136,16.026,0,1,0,0
4278,5,-21.765,-5.369,-7.579,-21.191,0.193,155.269,9.411,9.482,43.374,12.404,0.0234,196.995,-27.809,63.98,-18.17,2123.049,0.3313,27.02,0,0,0,0
3317,3,-4.113,-7.187,23.382,-4.243,0.1693,344.818,-0.921,7.574,-17.401,-2.382,0.2093,52.835,-0.824,154.213,-19.418,6480.577,0.2585,15.29,1,1,0,0
1522,5,-12.793,-28.818,-29.533,-14.044,0.0822,18.69,-12.164,-26.895,-6.79,-14.593,0.34,303.162,44.482,21.294,43.283,4532.354,0.3446,79.652,1,0,1,1
960,5,-1.665,-14.132,-24.136,-4.553,0.3125,376.703,-11.094,23.532,14.224,-9.58,0.0,413.02,-7.301,71.407,-12.607,669.694,0.274,57.095,0,0,0,0
2505,5,-22.702,-25.493,-43.325,-20.707,0.5911,198.998,-8.79,-29.482,-0.814,-6.571,0.3621,189.68,-20.006,-179.593,-15.305,1622.42,0.5289,64.3,0,0,1,1
197,10,-18.24,-8.907,-27.101,-20.843,0.3686,310.468,-13.704,-4.713,49.472,-10.386,0.0,330.399,-14.469,-73.14,-19.605,1286.08,0.2766,49.882,0,0,0,0
4340,3,-28.002,-39.006,-16.43,-26.507,0.7677,61.248,-7.431,-26.075,-41.368,-8.874,0.2643,93.963,-19.98,97.674,-30.455,1004.24,0.7653,50.446,1,0,0,1
4534,10,16.039,-25.241,-31.016,14.939,0.5335,28.956,-24.998,-11.198,-61.233,-24.915,0.0161,202.366,15.858,-17.81,11.142,4622.065,0.6041,44.504,0,0,0,0
4895,5,-8.626,-58.566,-49.96,-8.756,0.0,444.888,2.43,21.266,-18.004,1.501,0.0517,292.066,-4.633,56.476,2.843,2315.972,0.2939,18.836,0,0,1,0
1416,3,3.701,-16.362,22.754,1.121,0.1662,566.003,-14.61,-4.753,-18.766,-12.83,0.0493,409.892,-5.627,-43.378,-2.989,9371.339,0.3996,45.765,1,0,0,0
926,5,-8.315,-2.51,5.576,-3.591,0.1463,574.027,0.885,3.624,61.118,-0.428,0.1408,365.49,-42.622,114.001,-40.658,2030.166,0.0,20.141,0,0,0,0
1457,5,-26.851,-47.944,-12.308,-28.659,0.4457,193.323,-28.194,10.892,-27.656,-27.502,0.2225,204.539,-52.44,-160.95,-52.599,3906.066,0.7147,12.282,0,0,0,1
995,5,-26.495,32.692,10.04,-28.7,0.0704,481.939,13.484,-27.933,37.325,14.243,0.2333,291.632,-14.828,17.366,-23.489,4675.756,0.0495,0.0,0,0,0,0
2011,5,-12.724,-41.073,5.354,-13.866,0.247,531.08,-1.061,9.498,21.032,2.104,0.0662,235.606,6.316,60.819,-1.564,1180.538,0.201,8.069,0,0,0,0
3450,10,1.987,23.473,-5.462,2.355,0.1346,205.774,-9.306,-47.936,53.779,-7.824,0.0,154.918,58.632,-185.904,69.849,410.737,0.149,6.063,0,0,0,0
590,3,-14.848,-16.387,-7.2,-15.882,0.0588,291.35,-15.815,-7.479,9.335,-20.933,0.1859,421.039,-58.77,-45.771,-42.967,5597.932,0.1628,0.0,1,0,0,0
4984,3,-5.495,-16.138,-22.602,-4.206,0.0371,130.455,-3.781,-12.804,44.972,-3.547,0.1303,147.041,29.255,18.766,39.427,7353.405,0.288,1.321,1,0,0,0
3227,10,6.28,-63.391,-5.003,4.789,0.1976,308.994,-4.834,21.857,12.798,-5.05,0.0,492.359,-6.981,-83.371,-6.169,1332.46,0.1628,15.561,0,0,0,0
204,5,15.824,33.397,30.914,17.188,0.0017,57.642,-20.434,-22.852,-27.119,-20.522,0.0102,233.199,-0.945,120.272,0.077,1333.671,0.3482,0.0,0,0,0,0
2463,3,-9.763,-52.466,13.344,-8.998,0.251,265.705,-8.146,-10.011,24.377,-8.001,0.0,221.313,55.017,179.004,57.681,2098.608,0.2382,7.483,0,0,0,0
4459,3,-4.424,40.535,-27.206,2.602,0.1503,398.386,4.074,-25.825,-20.888,4.46,0.0002,523.885,-6.64,33.902,-18.448,5635.274,0.0,14.334,0,0,0,0
2186,10,-14.541,-17.855,-89.885,-14.574,0.6379,61.024,2.261,-15.107,-31.682,2.21,0.7034,107.147,61.23,-444.303,50.257,6328.935,0.5718,77.438,1,0,1,1
1763,5,2.933,20.57,18.243,2.842,0.0488,497.503,2.214,-27.281,-3.055,-1.129,0.1972,317.462,3.273,-91.362,-0.393,3223.912,0.1679,7.868,0,0,0,0
3581,3,-30.003,2.39,27.548,-30.706,0.0783,371.803,3.899,-2.366,5.301,5.843,0.064,421.041,55.716,69.26,67.681,5013.895,0.0062,14.509,0,0,0,0
1437,3,18.446,37.319,43.292,17.986,0.0,423.611,-7.319,35.32,59.618,-9.876,0.1095,227.065,-12.079,100.464,-8.682,3274.061,0.1619,0.0,0,0,0,0
1049,10,29.397,6.623,2.17,28.234,0.1888,322.294,11.401,-14.324,-51.97,11.923,0.1729,445.867,7.835,35.49,10.434,490.428,0.0559,18.341,0,0,0,0
1518,5,-6.391,-33.992,-33.51,-5.018,0.8441,187.938,-7.043,-7.717,-12.223,-8.775,0.4108,163.89,60.994,30.393,76.3,6652.657,0.6165,51.002,1,0,0,1
638,3,2.221,1.722,21.872,1.688,0.0442,297.598,7.173,-6.316,-5.698,6.794,0.0,280.139,-5.387,-19.792,-5.095,1396.571,0.1714,21.886,0,0,0,0
3093,10,-20.851,-65.052,-56.129,-22.794,0.2861,335.267,0.599,-21.758,-36.98,4.473,0.5297,158.526,-28.154,-144.69,-42.901,951.487,0.4467,89.243,1,0,0,1
508,5,-27.623,-37.252,-45.847,-25.452,0.677,265.557,-12.571,-32.498,-0.66,-12.728,0.0782,19.037,20.498,-180.467,14.157,3776.582,0.8974,55.406,1,0,0,1
2077,3,-25.323,-2.146,-65.312,-26.312,0.7677,499.504,-10.938,-27.425,-30.43,-13.119,0.1145,6.818,-48.131,-172.63,-49.278,1230.279,0.8413,66.746,1,0,0,1
1533,10,5.369,-34.534,-72.356,5.763,0.4255,311.401,-0.155,-29.444,-50.612,1.96,0.1784,97.983,20.239,-307.609,10.701,7760.541,0.8422,65.929,0,1,0,1
1597,3,-9.256,-20.953,-77.203,-9.524,0.7997,264.007,-0.035,-9.051,-15.522,-3.603,0.3548,422.711,-9.141,-113.308,-4.733,4111.471,0.6417,84.312,1,0,1,1
825,3,0.714,1.209,-19.164,1.709,0.0873,375.43,6.871,10.06,26.635,4.647,0.0597,136.453,15.938,38.366,19.953,6734.231,0.3291,25.422,0,0,0,0
639,3,-11.576,5.939,8.006,-10.625,0.0,689.688,-9.4,10.026,11.523,-9.221,0.1307,90.268,11.263,14.862,9.791,700.149,0.0,37.129,0,0,0,0
4535,10,-3.493,22.52,-35.889,-4.209,0.0482,499.36,5.033,-15.666,-24.209,8.233,0.1191,347.514,15.276,31.268,18.356,5125.466,0.1399,9.343,0,0,0,0
4018,3,6.227,15.381,-47.305,7.379,0.0,906.607,14.161,-2.146,-35.352,13.488,0.0,155.74,-8.839,120.141,-13.414,4269.292,0.2174,25.137,0,0,0,0
2257,3,-12.055,-15.303,-67.061,-14.243,0.6222,304.85,-7.624,-4.905,2.399,-6.661,0.4017,73.356,-24.929,-181.474,-36.574,1951.49,0.709,58.576,0,0,0,1
3563,3,5.055,4.842,-30.889,8.915,0.0,203.866,7.674,4.146,-54.915,6.065,0.2007,379.306,-19.202,68.572,-6.259,1660.285,0.173,33.264,0,0,0,0
3215,10,-21.883,-51.885,-81.614,-21.368,0.7574,50.87,-4.279,-17.293,-27.928,-4.914,0.191,128.91,49.972,43.003,26.55,1006.912,0.5024,84.028,1,1,0,1
1331,3,-23.713,-48.713,-26.026,-22.097,0.7451,254.169,0.032,-36.879,-25.746,1.618,0.0938,124.956,-41.978,115.543,-29.191,4805.461,0.4344,49.549,0,0,0,1
2830,5,-18.822,-42.857,-97.271,-19.477,0.3217,314.883,-15.241,-47.382,-26.54,-18.34,0.6097,297.469,-23.388,20.049,-24.815,2468.183,0.808,67.925,1,0,0,1
2252,3,11.94,-37.875,44.41,7.105,0.0746,348.809,-7.747,15.294,11.611,-13.422,0.1356,101.107,-4.227,36.346,-5.543,4354.53,0.6858,6.047,0,0,0,0
1183,3,-7.07,-11.541,-55.937,-8.5,0.7674,296.248,-12.457,12.494,-29.442,-10.902,0.3374,210.335,7.389,-24.244,13.325,3714.95,0.8689,77.146,1,0,1,1
2117,10,-21.087,-12.509,-5.512,-23.627,0.9669,280.842,-1.948,-9.651,-37.584,-3.476,0.1888,151.909,-16.119,-116.023,-5.324,789.132,0.4654,73.081,0,0,0,1
1821,3,12.313,4.616,9.083,14.996,0.0576,6.283,12.651,4.921,35.629,13.632,0.0,51.551,-26.394,104.6,-9.537,527.366,0.0,0.0,0,0,0,0
3368,10,12.39,29.862,16.137,13.005,0.0401,692.255,-17.729,-36.974,44.509,-18.837,0.0555,326.717,-72.335,-30.086,-72.97,3351.672,0.263,19.576,0,0,0,0
1247,5,-8.174,-30.847,-47.494,-9.082,0.3498,172.792,9.493,27.433,5.149,5.037,0.1157,255.856,-26.63,-53.93,-29.914,7832.209,0.1984,44.332,0,1,1,0
4560,3,-1.998,-22.262,13.964,-0.38,0.061,602.767,-4.922,-18.186,-14.348,-5.651,0.0875,490.065,6.713,-46.74,8.02,8117.172,0.3258,0.017,0,0,0,0
4521,3,1.184,-14.837,-28.692,3.853,0.0,461.714,-9.968,21.794,-1.783,-10.823,0.09,474.919,-35.982,-11.416,-23.363,4030.996,0.0551,0.0,0,0,0,0
1114,3,9.16,-2.292,37.436,12.875,0.1884,534.61,-9.143,7.661,-11.948,-11.711,0.0,164.445,19.943,3.444,16.53,1415.396,0.4361,40.221,0,0,0,0
1823,10,-6.697,-27.109,-36.877,-8.895,0.5009,599.307,-4.253,2.602,8.231,-3.021,0.0574,372.628,5.971,-76.343,-5.198,3988.038,0.2499,57.626,0,0,0,0
4638,5,-41.183,-56.105,-54.728,-37.659,0.3412,27.698,-11.918,-29.484,17.162,-12.379,0.1743,15.873,5.07,113.879,6.407,1190.79,0.9621,39.166,1,0,0,1
396,3,16.492,-34.805,-61.345,16.342,0.4584,338.9,2.221,19.297,12.702,2.857,0.3097,250.088,-2.355,-62.096,3.196,6065.861,0.2262,61.317,0,0,0,0
1616,10,-17.942,-55.029,20.111,-18.908,0.1687,524.206,-0.786,-10.272,-27.276,-0.382,0.115,161.408,-33.585,-57.583,-37.701,5617.975,0.268,26.459,0,0,0,0
1954,10,-8.553,-26.72,-58.913,-10.316,0.2037,222.26,-0.212,-20.127,-9.171,-4.56,0.4268,35.858,-43.352,-25.424,-45.681,2742.174,0.9443,52.403,0,0,0,1
2205,10,27.394,29.744,0.702,24.672,0.0701,522.437,5.106,-9.58,1.51,5.501,0.0025,226.735,-16.735,93.112,-23.956,3994.305,0.1606,9.846,0,1,0,0
3014,3,-36.371,-22.114,-82.342,-33.192,0.396,142.685,-0.659,-4.601,-19.979,-1.754,0.786,165.787,-10.344,122.84,-3.351,3941.825,0.8409,54.203,0,0,0,1
2831,3,-23.369,-36.453,-36.101,-23.3,0.3813,491.294,-20.313,-11.564,-13.6,-20.681,0.0552,58.404,9.035,106.023,9.151,5234.336,0.4702,60.942,0,0,0,0
1502,3,-2.885,-25.787,62.034,-1.145,0.0572,232.528,11.513,-16.537,42.382,12.6,0.1997,307.632,-31.913,-123.537,-28.441,1501.707,0.2323,38.007,0,0,0,0
3077,5,-25.826,-64.321,-39.208,-23.701,0.211,92.645,-17.245,-1.545,9.277,-14.905,0.2195,149.682,-34.576,-55.451,-25.907,2545.862,0.6037,57.169,1,0,0,1
4431,3,0.402,-14.458,18.033,0.1,0.0,355.058,1.423,13.294,12.824,1.028,0.1291,231.43,-11.712,106.507,-18.101,3283.922,0.2248,33.569,0,0,0,0
4815,3,12.646,-7.835,5.472,13.636,0.2274,591.496,-17.968,-13.188,-44.773,-15.559,0.0701,2.793,6.25,75.643,9.619,1534.8,0.122,20.887,0,0,0,0
1870,3,-3.125,11.327,17.894,-4.756,0.0253,390.73,13.595,-11.477,-36.671,13.15,0.0387,134.722,-3.756,-84.123,0.746,766.726,0.2965,24.994,0,0,0,0
4731,5,-11.245,-63.695,-28.196,-9.257,0.9062,425.713,-2.134,-27.02,-17.843,-2.971,0.4299,173.812,-24.347,-25.399,-23.205,404.32,0.5874,87.961,1,0,0,1
1133,10,-18.546,-41.3,-30.282,-18.71,0.918,158.291,-15.589,-5.24,-16.255,-14.84,0.0,238.304,-80.784,16.838,-79.41,46.498,0.4725,49.273,0,1,0,1
469,5,-21.473,-29.069,-89.396,-22.801,0.5927,209.553,-4.024,-26.371,-22.417,-4.873,0.181,11.108,-13.916,-24.004,-20.332,1586.18,0.8894,79.108,1,0,1,1
1880,10,-21.395,9.583,45.817,-19.242,0.1808,513.045,1.614,-27.203,20.9,6.256,0.1873,403.997,31.539,-57.31,38.502,1597.563,0.4735,8.476,0,0,0,0
2057,3,4.404,37.014,-51.315,3.145,0.2318,440.753,6.49,-7.692,18.291,8.337,0.0454,381.948,-22.474,-132.282,-16.483,2118.582,0.134,31.917,0,0,0,0
4381,10,-20.513,-40.885,-49.436,-21.547,0.4055,126.458,-8.81,-6.204,0.686,-7.393,0.376,186.88,-29.99,-138.34,-33.438,413.367,0.6295,80.634,1,1,0,1
753,3,3.419,18.686,29.949,2.823,0.1561,725.89,-16.369,29.928,4.344,-18.587,0.0517,8.966,-14.97,52.242,-15.071,3891.047,0.213,12.3,0,0,0,0
3952,3,-11.593,-21.232,-99.961,-12.331,0.6213,234.413,-10.518,-3.047,-6.745,-9.502,0.0648,223.1,-45.284,-29.746,-31.818,2217.565,0.6728,80.085,1,1,1,1
464,10,-2.284,-27.731,-32.561,-5.531,0.1985,128.784,28.489,6.316,-16.08,31.888,0.1603,294.924,-27.531,-152.756,-22.027,5779.985,0.5642,73.129,0,0,0,0
3875,10,-4.383,1.966,-53.561,-2.649,0.1533,88.853,-14.15,-15.81,-38.017,-16.853,0.094,115.447,-55.903,-28.019,-49.724,1830.252,0.6103,48.498,1,0,0,1
3955,5,-5.505,36.067,-83.789,-6.574,0.1328,351.97,3.078,-17.463,-2.077,7.485,0.0665,324.162,34.233,-66.714,29.259,6482.37,0.1003,3.743,0,0,0,0
4786,10,10.808,42.563,24.067,8.479,0.1809,428.909,-11.513,-37.004,-35.237,-13.756,0.1234,264.672,52.703,-70.453,51.981,3781.613,0.135,0.0,0,0,0,0
593,5,8.204,12.727,-53.597,7.235,0.0,581.501,4.569,6.343,-20.586,3.59,0.1769,537.54,-10.401,133.009,7.425,20.855,0.264,13.226,0,0,0,0
4700,10,-5.016,14.743,26.103,-4.307,0.1121,463.653,-19.423,23.871,40.281,-18.952,0.0069,406.956,25.458,39.08,18.458,4786.708,0.0977,0.002,0,0,0,0
3685,10,-22.472,-31.806,-2.065,-23.001,0.2649,406.2,5.406,-17.995,-38.804,6.379,0.2499,148.921,-13.64,84.504,-35.661,804.49,0.4983,60.082,1,0,0,1
484,5,6.889,20.314,-84.708,7.938,0.0,122.145,-12.896,-49.156,19.481,-10.42,0.1783,458.41,-83.844,188.819,-85.469,7536.084,0.4257,18.989,0,0,0,0
2914,5,6.256,-11.718,0.532,6.464,0.2243,291.043,-18.396,-33.149,-6.477,-15.341,0.2407,21.611,57.664,-13.208,61.981,1879.099,0.2572,29.375,0,1,0,0
4039,5,-17.807,-22.109,-10.225,-17.572,0.4125,151.093,-10.251,-10.288,-31.05,-7.271,0.4783,122.315,-20.154,-3.267,-5.955,3092.549,0.7216,45.909,0,0,0,1
4038,5,-19.608,-22.501,-47.963,-20.789,0.3366,89.671,-7.267,1.133,-5.424,-4.939,0.1188,134.074,2.726,117.746,8.961,4562.152,0.4298,66.818,0,1,0,0
4449,5,-4.784,-24.046,-59.281,-6.4,0.8381,164.239,-1.373,-23.292,-22.041,-0.971,0.522,97.228,-11.12,-147.788,-4.342,5614.098,0.9114,69.304,1,0,1,1
3573,5,-2.677,10.656,-4.638,-4.182,0.0,219.757,-9.183,-16.121,11.428,-10.91,0.0595,279.136,-1.563,164.978,1.981,5015.611,0.0,9.38,0,0,1,0
3258,3,-6.836,-11.342,28.493,-5.185,0.0457,268.265,13.829,7.754,16.136,10.932,0.2905,334.526,-56.118,93.335,-59.558,303.953,0.2223,0.0,0,0,0,0
2902,5,-11.865,43.26,-11.439,-12.014,0.1519,612.461,13.646,35.24,1.068,12.62,0.0,81.889,-28.641,72.867,-22.162,5055.921,0.3926,7.654,0,0,0,0
1841,5,19.686,-4.29,-34.933,20.088,0.0259,45.219,2.055,-16.973,-36.846,4.727,0.1026,90.363,40.897,-157.927,40.843,1086.903,0.0715,24.502,0,0,0,0
3495,5,20.889,5.411,-14.655,18.799,0.1145,384.715,-6.686,-26.717,-8.281,-7.355,0.0454,336.463,21.325,31.699,18.708,981.922,0.1788,31.367,0,0,0,0
1328,5,11.297,-58.803,-28.916,11.452,0.3287,230.212,-9.007,31.091,-68.444,-11.859,0.0146,399.381,13.129,119.399,14.432,5021.872,0.4686,49.221,1,0,0,0
2911,10,7.583,-56.479,17.724,6.541,0.0662,238.919,-2.614,-0.533,-24.919,-5.58,0.0454,431.077,21.517,-137.239,24.066,5040.031,0.4572,13.716,0,0,0,0
491,10,-4.804,-17.068,29.184,-4.269,0.0,416.15,20.399,5.66,-38.153,22.282,0.1871,57.772,7.292,-261.385,10.458,6286.554,0.1928,36.585,0,0,0,0
3911,10,-18.616,-39.189,-17.279,-15.231,1.0,120.187,0.483,-43.137,-37.701,4.133,0.2847,145.349,0.57,31.144,-1.85,3693.775,0.5991,52.667,1,0,0,1
1545,5,-18.757,-2.602,-41.302,-18.522,0.3534,232.493,-5.711,-15.432,-41.766,-5.603,0.3757,73.477,-25.594,-77.046,-35.362,2593.243,0.6743,81.458,1,0,1,1
2879,10,-5.222,-11.659,34.595,-6.311,0.0,521.205,-26.494,9.748,-26.103,-26.793,0.1622,432.241,-51.666,-89.522,-53.556,3357.605,0.0,10.97,0,0,0,0
4806,5,-26.174,-56.626,-84.269,-25.265,0.3736,2.757,-2.624,-50.063,-38.156,1.728,0.0104,124.805,-63.402,101.482,-71.487,3755.366,0.9261,85.241,0,0,0,1
3163,5,-5.688,-23.661,-59.725,-8.132,0.3686,219.691,3.903,-11.944,-33.138,5.127,0.1458,363.123,-22.46,103.102,-13.66,3564.115,0.5431,71.084,0,0,0,0
324,10,4.047,-18.938,-23.487,5.368,0.1467,316.154,16.667,49.784,25.821,20.21,0.0,124.338,-52.581,-11.546,-55.526,7015.354,0.1842,0.53,0,0,0,0
4492,3,-20.068,-12.818,35.305,-19.575,0.0685,341.244,-4.29,-27.616,-27.144,-2.093,0.0002,522.158,41.278,-17.452,37.524,2354.79,0.3214,6.664,0,0,0,0
114,5,-10.683,-34.812,15.829,-12.988,0.057,360.884,-17.967,21.456,20.752,-21.318,0.1003,205.598,-12.071,-18.849,-23.662,3298.258,0.4574,34.421,0,0,0,0
3141,10,-14.711,-42.544,-29.233,-13.727,0.5334,304.823,11.911,-20.759,9.401,12.386,0.4063,177.128,9.268,43.781,10.11,2678.731,0.8793,83.932,0,0,0,1
1978,10,-1.234,18.117,-4.828,2.497,0.0964,733.472,-3.673,6.535,43.996,-5.374,0.0875,177.76,-46.467,-91.222,-47.039,8432.289,0.1937,0.0,0,0,0,0
4475,10,19.78,-1.313,-7.522,19.507,0.0585,673.131,-3.338,28.94,-10.893,-2.569,0.2477,303.471,14.938,125.784,10.201,4882.799,0.5987,24.813,1,0,0,0
875,10,-12.791,-31.286,-38.785,-10.448,0.5515,61.883,-10.385,22.557,-28.712,-9.125,0.0263,20.506,-19.124,-48.69,-19.37,1601.537,0.3547,29.227,0,0,0,0
3038,5,13.338,32.469,36.827,13.903,0.0362,363.925,25.044,-22.058,12.743,26.933,0.0981,598.891,8.945,76.748,19.808,3862.205,0.299,0.0,0,1,0,0
3550,10,-15.015,7.717,-23.281,-13.642,0.1386,499.203,-0.182,6.164,-22.835,-0.92,0.1299,237.203,32.88,38.651,26.508,3290.496,0.0,10.846,0,0,0,0
4109,10,-9.74,-25.445,76.412,-8.556,0.1902,440.234,-9.426,-22.855,16.889,-4.359,0.0,343.624,40.497,166.194,38.456,3200.19,0.3279,24.409,0,0,0,0
2283,3,-5.947,-56.801,30.559,-5.362,0.1335,301.21,-12.766,15.647,36.666,-10.869,0.0447,378.145,29.926,-50.401,28.511,356.205,0.4718,24.785,0,0,0,0
3764,3,-23.024,-52.718,-90.406,-24.333,0.3707,150.21,2.813,-11.211,-35.415,2.101,0.2749,189.052,-3.033,-228.258,-12.81,5326.484,0.8604,50.782,1,0,0,1
347,5,-5.441,28.704,19.64,-3.182,0.1645,553.669,-9.658,16.448,-11.44,-9.335,0.199,343.715,12.43,-44.836,1.083,1803.592,0.0,15.739,0,0,0,0
4524,10,-27.215,-78.615,-70.22,-26.916,0.2802,390.866,-4.009,-22.445,-36.218,-7.295,0.2567,160.743,-61.482,-58.653,-53.372,6793.57,0.4743,100.0,0,0,0,1
4730,3,-0.987,-24.256,-58.888,-1.282,0.3494,170.807,-8.845,21.663,-22.357,-9.901,0.1471,450.756,17.357,102.689,29.797,3984.776,0.3493,49.244,0,0,0,0
863,10,12.162,-16.07,28.952,14.376,0.0,274.359,-5.161,-4.707,-12.011,-5.545,0.0823,265.151,20.811,32.585,14.334,132.521,0.0,30.848,0,0,0,0
3658,10,1.24,-48.937,-22.269,1.168,0.3383,213.742,3.701,23.832,-12.751,3.061,0.0964,284.624,-37.611,-12.706,-35.025,3023.71,0.4632,9.579,0,0,1,0
1363,10,-19.105,-25.807,59.863,-13.116,0.0286,343.551,0.763,-3.044,-46.217,3.064,0.0,168.337,29.808,84.205,41.594,4521.494,0.267,0.133,0,0,0,0
2402,5,0.142,-15.13,-79.228,-1.404,0.4104,484.233,-16.658,-24.886,3.851,-20.098,0.6371,211.937,-14.972,-82.284,-12.805,2899.944,0.7863,98.198,0,0,1,1
3004,5,23.355,-32.518,-30.09,25.107,0.0095,385.311,-4.858,-14.323,-24.748,-4.711,0.0655,437.905,3.394,-16.549,0.601,4455.55,0.2312,33.717,1,0,0,0
3149,5,24.88,-33.455,-67.42,25.331,0.478,308.07,-6.338,-17.659,3.904,-3.152,0.1292,210.242,14.977,-17.046,12.55,2475.84,0.4291,33.28,0,0,0,0
1532,10,9.532,-1.977,17.878,9.003,0.1023,515.123,-4.742,-4.277,-8.515,-5.243,0.0645,211.063,58.837,-3.968,63.658,914.953,0.1853,0.0,1,0,0,0
2281,5,-39.431,-0.861,3.171,-36.367,0.04,416.843,12.079,5.529,-16.429,7.559,0.0,21.125,56.441,8.286,56.56,5028.318,0.1023,3.256,1,0,0,0
4658,10,-12.918,18.417,1.19,-10.985,0.0411,216.166,-10.334,-2.305,9.057,-13.36,0.0708,203.591,-0.61,105.784,3.589,2368.827,0.145,2.756,0,1,0,0
1865,5,-5.038,-16.243,-57.216,-4.053,0.0166,290.905,8.204,0.201,10.942,11.264,0.0,385.021,-23.829,67.692,-22.958,4800.933,0.1646,8.872,0,0,0,0
3769,5,-19.289,-26.058,-39.054,-18.56,0.516,223.691,-14.196,-22.583,-39.091,-12.382,0.3988,170.695,16.835,-52.775,20.126,3072.286,0.8208,73.037,0,0,0,1
954,10,-4.562,30.217,79.877,-2.968,0.1429,279.144,-4.076,-15.374,18.561,-6.072,0.1031,159.803,-47.577,38.86,-58.645,1691.075,0.0,18.501,0,0,0,0
3347,10,10.411,-4.852,49.083,13.428,0.0455,608.196,1.603,-6.038,-45.057,-3.216,0.1171,334.225,20.323,-105.023,30.018,98.906,0.275,17.156,0,1,0,0
735,10,-11.637,23.244,-1.295,-13.137,0.1634,503.633,-3.251,-27.172,30.879,-2.212,0.0,210.336,-24.999,36.273,-24.159,6911.136,0.3485,20.092,1,0,0,0
1805,5,20.664,7.33,-4.212,18.78,0.0,561.35,-15.641,35.24,11.703,-17.659,0.0584,565.77,5.77,79.221,17.743,5167.929,0.367,34.882,0,0,0,0
4425,3,-25.232,-56.789,-85.031,-20.717,0.8632,371.817,-9.013,-28.6,-42.174,-7.534,0.1812,262.297,-6.186,14.74,-8.477,2095.045,0.711,44.187,0,0,0,1
2780,3,-8.63,-16.33,-0.303,-8.873,0.1507,335.537,2.445,-13.528,47.471,1.77,0.0738,284.4,-11.134,-33.863,-1.344,3103.79,0.0859,34.435,0,0,0,0
188,5,-6.742,32.132,18.195,-8.177,0.1257,140.862,-14.878,33.082,-16.445,-15.035,0.0628,160.794,-13.872,-182.629,-12.976,4658.328,0.1292,36.759,0,0,0,0
4321,10,-3.226,2.158,39.105,-8.355,0.1561,37.45,-8.942,7.167,13.482,-5.876,0.0,497.397,-30.59,11.199,-19.598,3540.034,0.2049,25.052,1,1,0,0
3755,5,-16.412,-55.73,-26.014,-12.937,0.7757,257.668,-25.123,-4.029,-26.131,-27.699,0.6053,151.087,-84.462,25.526,-68.179,6782.708,0.4764,58.356,1,0,0,1
1474,10,-25.083,-80.395,-91.114,-26.758,0.9879,271.794,-3.724,0.658,-14.015,-5.41,0.3274,80.393,37.085,-136.228,43.309,3011.161,0.5928,52.07,1,1,1,1
363,10,-13.599,-38.868,-92.294,-13.557,0.3136,362.538,-11.608,7.045,-27.591,-11.372,0.3271,143.534,-50.804,36.212,-53.394,4466.308,0.6634,70.088,1,0,0,1
606,3,-3.341,9.522,-27.641,-1.746,0.1094,615.694,2.292,8.325,3.828,0.99,0.0348,412.378,-37.393,44.286,-44.726,3079.59,0.2628,18.148,0,0,0,0
812,10,-13.237,-42.822,-15.617,-14.585,0.417,441.791,-2.35,52.29,-12.739,-5.054,0.0627,187.468,-15.495,47.834,-17.62,2137.504,0.0583,12.241,0,0,0,0
1546,3,-4.98,20.941,18.723,-2.427,0.1761,263.441,1.985,-13.327,50.374,1.178,0.0,69.6,-81.664,-89.57,-88.919,201.546,0.188,43.45,0,0,0,0
1665,3,-27.353,-12.689,-34.094,-28.473,0.1354,332.016,6.4,-4.426,41.45,5.115,0.3157,366.357,-11.864,41.065,-25.473,3106.036,0.4357,12.085,0,0,0,0
2391,3,6.793,36.601,5.966,11.719,0.0681,176.109,7.071,-27.714,13.693,3.985,0.1148,319.112,-73.654,34.292,-77.066,5597.707,0.0694,0.0,0,0,0,0
4258,3,-19.867,-54.739,-30.093,-20.687,0.5666,376.442,-6.123,-31.125,-42.936,-3.702,0.2287,46.673,-37.942,29.233,-47.374,3394.816,0.9181,83.904,0,0,1,1
2943,10,-14.727,-24.495,-83.16,-13.394,0.5188,315.425,-1.171,-20.337,2.102,-5.281,0.491,251.275,-38.007,-103.275,-48.201,2562.179,0.7151,100.0,1,1,1,1
3606,10,-17.674,-11.63,-38.602,-22.027,0.1944,0.045,1.44,-29.374,-48.822,3.121,0.0,134.604,-6.948,-146.456,-24.267,1011.378,0.4701,64.84,0,0,0,1
3640,5,4.237,-27.398,-83.219,4.577,0.0954,331.344,4.254,-25.981,-8.829,3.142,0.1127,280.903,7.012,114.599,-0.669,5373.856,0.3799,6.278,0,0,0,0
2184,10,-13.541,-23.35,-52.546,-10.646,0.316,222.862,10.141,-10.357,-39.641,11.073,0.0569,616.523,-54.483,-51.103,-57.387,920.677,0.3193,59.072,0,0,0,0
1759,3,20.543,-20.046,-38.196,22.583,0.1921,427.103,3.07,-17.184,30.096,2.917,0.1678,239.429,-43.033,-116.935,-62.749,4644.182,0.4046,44.904,0,0,0,0
2551,3,-1.326,18.019,-9.655,0.458,0.0,270.704,-13.832,23.606,42.707,-14.264,0.0974,253.393,7.228,-118.999,9.621,6995.281,0.1532,46.977,0,0,0,0
4430,10,-27.049,-55.7,-57.865,-28.23,0.7208,66.826,-7.652,-27.0,-45.567,-7.607,0.4063,29.957,53.884,-64.468,45.414,6043.273,0.855,62.15,1,0,0,1
1687,3,-5.849,-41.586,-12.464,-4.277,0.0,238.917,15.431,-8.19,-40.398,17.685,0.0237,60.479,24.282,14.765,26.685,1488.003,0.373,37.403,0,0,0,0
4943,3,-18.155,51.525,0.882,-19.919,0.1642,318.432,17.085,15.294,8.609,17.342,0.0352,297.317,-9.377,-110.644,-1.692,6727.866,0.3448,32.584,0,0,0,0
4005,10,-15.072,-24.789,-23.292,-13.835,0.0074,35.059,-18.105,-29.317,-19.296,-15.415,0.1359,22.428,-120.047,-21.984,-126.541,438.393,0.5944,62.946,1,0,0,1
2272,10,-14.845,-4.809,20.099,-12.136,0.2216,580.328,-4.095,49.747,-23.954,-8.125,0.1023,549.999,-39.387,57.427,-37.656,4741.459,0.0767,11.948,0,0,0,0
4432,10,25.844,29.293,-7.058,27.56,0.0636,786.657,8.731,-15.206,14.044,8.722,0.0292,462.043,55.156,25.737,53.133,4964.541,0.1215,0.474,0,0,0,0
56,5,15.49,30.667,-20.505,15.075,0.0942,386.555,-4.45,10.484,20.096,-5.672,0.0,1.931,-84.128,70.782,-83.967,4950.206,0.2376,0.0,0,1,0,0
4315,3,-10.351,-43.787,20.571,-9.714,0.0903,447.716,16.744,10.947,-54.518,15.595,0.1363,210.325,25.617,68.468,21.314,164.032,0.2317,21.958,0,0,0,0
2784,3,-16.927,-55.517,12.197,-13.195,0.0578,357.958,-6.696,-7.474,68.85,-8.265,0.0,625.606,-3.363,70.174,-12.223,6537.054,0.3239,0.0,0,0,0,0
2792,5,-19.65,-26.468,-76.432,-20.609,0.4054,172.586,-14.859,9.039,-9.769,-15.178,0.5056,112.269,48.867,29.921,45.706,519.484,0.9579,89.997,1,0,0,1
2820,5,-11.86,-28.368,-43.632,-11.204,0.1495,89.844,-6.056,-2.986,39.23,-4.162,0.0,311.741,-31.774,-149.738,-29.19,6307.175,0.2886,10.211,0,0,0,0
3867,3,16.666,23.436,-14.114,16.421,0.0717,195.869,-14.358,12.634,-19.36,-14.974,0.2607,376.228,10.988,-59.093,7.374,3406.822,0.2299,4.835,0,0,0,0
3130,3,-9.934,-18.411,-40.755,-14.672,0.4838,617.632,7.349,-14.49,-77.139,8.091,0.0008,194.982,-6.955,93.829,-3.52,1170.094,0.5715,41.033,0,0,0,0
1521,5,-29.601,-38.261,-29.677,-32.88,0.5792,282.506,9.684,1.566,-6.925,8.459,0.0,120.779,-16.838,57.873,0.933,2451.083,0.1686,53.213,0,0,0,0
273,3,-15.527,-35.789,-43.94,-14.521,0.6618,374.856,-9.614,-11.609,-15.265,-7.223,0.4313,247.902,-59.834,-276.618,-45.805,1640.841,0.8863,90.718,0,1,0,1
3493,5,1.886,-3.621,6.835,1.284,0.1874,441.2,-5.626,-11.371,30.46,-0.891,0.1185,42.201,10.32,-12.516,-6.011,4963.804,0.0801,17.559,0,0,0,0
2526,10,9.676,59.254,5.404,9.818,0.0537,330.808,-0.733,4.219,-9.656,-0.759,0.1449,265.426,35.868,-77.879,31.889,3840.048,0.0473,0.0,0,1,0,0
915,10,3.674,33.94,-6.854,2.339,0.0,416.907,-12.884,-15.029,-45.903,-11.406,0.1757,339.38,-23.269,-193.765,-28.279,8414.17,0.1573,0.0,0,1,0,0
3586,3,-6.539,21.766,-34.822,-7.39,0.0,446.81,-4.323,4.054,-35.05,-8.088,0.0,379.967,-15.338,-43.312,-8.578,5516.296,0.4051,13.58,0,0,0,0
427,10,10.706,6.263,7.25,15.383,0.0821,650.826,-7.936,23.286,26.601,-10.411,0.0136,292.539,-7.871,-273.93,-9.841,1835.909,0.2804,0.0,0,0,0,0
656,3,12.844,-2.018,10.102,11.32,0.092,139.381,-7.337,15.731,-13.152,-7.092,0.0,278.813,56.075,-127.071,57.302,4225.3,0.2314,0.0,1,0,0,0
1427,10,-22.941,-30.237,-34.358,-20.659,0.3871,163.969,-23.007,-16.738,-6.098,-26.364,0.1314,124.547,-13.326,-22.176,-13.522,2212.141,0.5056,97.477,0,0,0,1
2113,5,-20.816,-37.323,-16.35,-18.291,0.8617,434.93,2.044,2.91,-20.394,3.598,0.0239,217.047,25.412,-101.762,28.272,120.339,0.503,36.022,1,0,1,1
1176,3,13.94,-13.756,18.345,13.926,0.1295,110.857,-5.89,-33.901,26.62,-5.318,0.0,13.986,-72.03,15.224,-70.755,3696.34,0.0,18.034,0,0,1,0
1240,5,-12.051,-9.506,-56.574,-15.785,0.1588,637.153,6.7,-2.798,-12.25,6.53,0.0192,312.085,-15.8,-68.214,6.23,821.892,0.3579,36.856,0,0,0,0
2727,10,14.462,-17.171,-19.318,15.994,0.1033,382.86,-10.986,12.407,-3.572,-11.601,0.0107,331.527,40.984,-10.614,34.171,1937.651,0.0,0.0,0,0,0,0
1553,5,-0.165,-36.672,-1.401,-1.172,0.0008,279.956,-9.662,6.307,7.996,-12.26,0.0,241.886,59.167,70.522,52.639,3275.745,0.0626,41.728,0,0,0,0
1438,10,5.323,-27.718,5.969,5.688,0.293,461.176,-13.02,9.669,-24.423,-12.412,0.1552,231.245,20.756,74.81,15.944,9360.931,0.1777,18.811,0,0,0,0
1944,5,-12.184,55.743,-27.75,-13.691,0.1725,615.705,7.369,-17.007,-63.529,8.223,0.0246,665.235,-31.755,27.406,-22.116,2844.423,0.3312,8.298,0,0,0,0
1397,5,7.064,-32.587,-10.583,11.895,0.0036,277.795,-2.868,-2.515,30.698,0.125,0.1681,424.363,-31.068,-95.59,-31.171,2290.5,0.2013,7.229,0,0,0,0
4854,3,-25.886,-29.402,-70.918,-28.183,0.3118,316.337,-12.845,-26.2,-58.661,-14.235,0.4086,39.338,36.432,82.794,30.449,3376.435,0.8559,55.516,1,0,0,1
287,10,-15.831,-17.037,-57.349,-15.511,0.143,335.643,-2.784,20.961,-14.609,-0.566,0.0586,274.196,-13.317,0.213,-12.616,249.764,0.457,62.902,1,0,0,0
1045,10,-18.776,-44.8,-53.185,-21.874,0.357,447.687,-3.589,-13.999,-1.631,-2.357,0.3648,181.8,-65.429,-59.599,-68.306,2675.481,0.831,89.555,0,0,0,1
244,5,-17.177,12.482,38.822,-16.973,0.0809,475.136,5.712,-17.618,6.92,5.904,0.0,438.975,2.288,-58.112,-11.007,5824.455,0.3592,4.354,0,0,0,0
3619,3,-22.249,-68.352,-70.008,-19.07,0.4035,503.567,-16.441,-9.333,-14.473,-18.258,0.3924,154.178,140.309,-317.614,146.384,2984.148,0.7853,75.851,1,0,0,1
4821,5,15.913,3.596,-13.955,10.714,0.1795,55.678,-18.423,-1.019,27.863,-17.578,0.0,413.769,26.767,6.024,26.689,3560.925,0.1883,24.317,0,0,0,0
2507,10,-25.364,37.59,24.88,-23.148,0.0596,394.903,17.145,-22.741,12.774,20.532,0.0454,273.442,75.307,-72.915,71.712,6364.028,0.244,40.753,0,0,0,0
555,10,-18.106,-31.771,-61.705,-22.445,0.1371,198.632,-0.375,-14.851,23.214,1.677,0.0661,95.915,6.421,-175.427,3.071,8649.667,0.2089,0.0,0,1,0,0
4910,10,-2.249,-30.261,55.976,0.628,0.1725,367.747,3.501,14.57,-49.105,3.338,0.0,314.977,6.839,45.067,-5.065,6001.704,0.0172,9.331,0,0,0,0
1079,3,6.866,-5.021,-15.03,6.268,0.1132,346.926,-1.511,8.37,-82.399,2.077,0.0,292.143,-14.703,-147.184,-23.949,3466.673,0.1117,25.267,0,0,0,0
2743,3,-18.512,4.779,-30.543,-16.432,0.1137,94.819,-6.611,25.276,-12.357,-5.688,0.0674,287.16,79.741,68.542,82.491,476.427,0.2631,16.212,1,0,0,0
1396,3,27.676,-26.183,-28.895,26.502,0.5854,439.143,16.336,-4.376,-0.062,17.024,0.2892,138.662,-17.542,25.111,-17.137,383.248,0.5173,50.776,0,0,0,0
3276,10,-12.732,-57.691,-14.084,-14.185,0.133,279.593,9.891,0.089,-12.205,7.204,0.0741,626.998,1.035,0.261,14.879,4204.207,0.389,34.495,0,0,0,0
2892,5,-0.496,18.099,25.497,0.904,0.1462,632.083,6.192,-9.335,-33.11,6.356,0.1288,371.069,18.458,137.726,15.715,4955.575,0.1198,0.0,0,0,0,0
376,10,-3.04,-26.995,-52.719,-1.308,0.2606,278.217,2.515,-25.453,-1.638,2.326,0.4241,151.376,27.959,-106.62,32.03,3583.12,0.7522,67.014,1,0,0,1
4804,3,-10.641,-33.224,-46.327,-9.09,0.2695,46.252,-10.17,5.006,-30.523,-12.555,0.3686,44.269,-3.602,-95.517,-4.197,414.466,0.6905,72.637,0,0,0,1
3794,3,1.904,-12.233,-23.1,0.916,0.1451,178.412,8.477,-2.771,30.353,3.328,0.0367,606.218,-13.419,56.488,-27.583,3800.873,0.1656,37.599,0,0,0,0
267,3,-21.281,-25.94,-63.084,-19.287,1.0,273.653,-9.379,-16.612,15.62,-8.334,0.1552,27.056,-21.675,34.948,-28.421,1739.215,1.0,68.526,1,0,0,1
2674,5,12.702,44.693,-65.537,13.482,0.0,685.036,-5.984,-23.345,59.186,-4.431,0.0195,228.481,20.513,-22.821,12.751,7074.389,0.295,6.184,0,0,0,0
4822,3,21.888,13.128,-37.705,20.98,0.0,354.038,3.564,-2.488,30.482,0.234,0.0,475.406,-45.291,11.455,-42.253,5989.203,0.7174,27.245,0,0,0,0
2896,10,1.12,-20.82,-16.126,1.889,0.0635,94.556,-0.1,-34.517,16.399,4.308,0.0,552.064,-14.469,-1.103,-2.184,4621.561,0.0274,15.421,0,0,0,0
4699,5,11.986,69.859,-2.557,13.353,0.1703,415.551,-3.437,7.923,75.895,-4.198,0.1978,152.361,-6.063,91.293,-1.887,3690.754,0.2742,24.485,0,0,0,0
728,3,11.123,29.032,59.178,14.403,0.1247,503.852,-15.385,-1.843,-18.612,-16.554,0.1504,266.951,16.943,-9.523,14.605,3339.501,0.0757,12.643,0,0,0,0
1454,10,5.251,22.717,26.57,3.452,0.0886,570.079,19.062,15.106,0.556,16.104,0.0952,452.694,86.702,34.675,87.886,4478.339,0.2077,20.142,0,0,0,0
3264,3,-24.272,-22.1,31.696,-23.593,0.1629,198.478,9.694,-37.343,1.226,10.484,0.0,161.494,-43.74,122.506,-58.161,7396.499,0.5823,13.565,0,0,0,0
2152,5,3.089,-41.569,59.323,4.246,0.2166,104.983,5.559,16.655,-24.195,6.415,0.0,176.627,-27.422,-85.606,-34.223,5572.292,0.0,0.0,1,0,0,0
2172,5,-6.023,-68.288,-44.109,-6.895,0.6655,197.29,-16.144,-18.853,-37.739,-17.936,0.0681,268.305,11.205,-6.906,15.798,2274.379,0.9172,82.811,0,0,0,1
1108,5,6.012,-50.213,21.301,7.487,0.1099,748.69,5.11,-6.961,26.827,4.78,0.0456,357.543,2.376,-121.361,-10.017,4186.14,0.0968,8.696,0,0,0,0
2686,10,4.989,11.809,29.219,4.355,0.1335,267.592,-14.355,-16.094,-48.279,-12.643,0.1427,389.885,25.792,-74.527,22.439,4789.933,0.0,13.252,0,0,0,0
3376,5,1.679,38.629,-39.932,2.962,0.1782,415.501,6.015,-49.041,-37.121,6.757,0.2347,538.238,96.747,-7.217,97.817,3597.703,0.2152,24.525,0,0,0,0
2478,10,3.219,-4.026,-53.323,3.369,0.0477,732.125,4.309,30.107,16.398,8.915,0.0459,76.839,65.032,-15.671,63.146,4300.178,0.0,0.0,1,0,0,0
4890,3,-4.498,4.055,6.256,-2.567,0.0,500.392,-10.682,14.435,-41.371,-9.996,0.0434,318.161,-33.094,-75.554,-27.562,4459.466,0.4598,2.674,0,0,0,0
152,3,0.464,9.647,58.341,-1.05,0.0,229.487,12.717,23.893,13.603,9.507,0.1242,359.333,-2.584,30.54,-1.178,5439.789,0.2939,9.515,0,0,0,0
1573,3,16.788,-21.728,41.491,18.083,0.0819,427.992,-2.084,26.799,-4.128,-0.494,0.0269,341.622,-13.961,33.26,-8.175,2239.282,0.3266,21.586,0,0,0,0
4788,5,16.009,6.272,-25.048,17.317,0.1576,581.225,-2.833,13.563,13.445,-5.166,0.0,180.083,55.011,-27.503,46.557,1004.13,0.2017,30.601,0,0,0,0
4281,5,-12.851,-48.555,-36.026,-14.033,0.7309,37.728,-1.304,7.719,-76.354,-4.624,0.2694,245.764,-68.338,-167.86,-56.407,770.197,0.7802,88.483,1,0,0,1
1680,5,17.548,-29.051,-29.36,17.019,0.3283,139.353,-18.266,4.274,-10.528,-16.361,0.0,340.193,-17.589,-54.796,-7.277,2212.967,0.0,37.266,0,0,0,0
3680,5,0.607,-7.808,-19.345,-2.366,0.094,74.736,15.83,21.701,29.566,13.152,0.0776,314.466,52.141,-22.496,35.101,175.526,0.3174,10.396,0,0,0,0
2996,5,-24.381,-45.483,-12.156,-22.072,0.5392,107.615,-2.007,-4.101,-2.122,0.969,0.2349,157.931,41.919,62.051,39.561,4747.375,0.4856,47.128,0,0,0,1
1512,10,-13.325,-18.76,-58.21,-12.934,0.0989,432.648,-9.576,4.541,-24.266,-8.891,0.1472,459.505,61.321,-134.42,57.411,8161.817,0.0,0.0,0,0,0,0
2065,3,4.095,-24.151,-35.131,0.007,0.4487,536.252,14.094,-8.972,36.637,12.282,0.1024,319.042,-30.473,38.449,-23.601,3529.219,0.3988,58.801,0,0,0,0
1052,3,20.936,20.017,41.16,21.444,0.187,80.154,-23.309,0.968,-2.717,-23.426,0.0,156.087,-29.047,52.029,-27.112,5385.374,0.1668,38.087,0,0,0,0
3054,3,-19.734,-28.566,-32.049,-19.177,0.6968,545.426,-27.289,-5.295,-44.708,-27.469,0.3019,110.391,-38.294,3.625,-33.928,2450.948,0.8275,28.654,1,1,0,1
1753,3,-1.023,4.432,44.579,-0.177,0.1565,147.913,3.019,-23.805,44.34,1.456,0.1138,433.049,-24.407,26.168,-28.183,1804.23,0.2327,8.628,0,1,0,0
3483,5,-15.637,12.219,14.946,-16.552,0.3387,321.922,-21.547,28.925,24.563,-22.127,0.0312,452.153,85.835,-23.134,91.872,2292.315,0.125,25.482,0,1,0,0
47,10,-13.855,-7.122,62.405,-17.343,0.0595,169.989,-12.883,-4.478,-26.602,-11.66,0.0,427.74,16.196,148.281,25.492,5108.085,0.3679,0.0,0,0,0,0
3515,5,-8.95,4.432,5.979,-5.263,0.0802,636.27,-12.54,24.583,-18.308,-10.521,0.0627,173.276,-6.065,-30.917,-7.48,3826.045,0.2898,14.953,0,0,0,0
3250,10,-23.763,-64.607,-80.608,-24.267,0.1903,28.04,-6.811,-34.551,-31.416,-7.004,0.2099,168.106,-34.94,88.806,-40.408,4061.001,0.6198,66.114,0,1,1,1
1279,3,3.229,-28.151,38.627,2.152,0.164,366.332,11.815,-31.147,21.409,8.612,0.0626,340.731,-11.061,85.268,-10.022,3915.79,0.3171,21.702,0,0,0,0
884,3,11.515,5.668,-26.231,14.774,0.0584,311.955,-11.438,-24.721,-30.327,-8.77,0.0376,447.027,-5.657,-11.618,-14.137,1377.03,0.2221,22.411,0,0,0,0
4246,10,-26.796,-0.105,24.659,-27.55,0.1179,417.523,-0.201,-12.325,2.775,3.942,0.0,415.981,-92.664,18.157,-103.537,2279.999,0.3018,2.632,0,0,0,0
4389,10,5.407,-51.057,-21.259,7.328,0.0249,485.782,-8.378,-30.264,-38.804,-9.335,0.0,428.088,55.726,5.403,60.349,2504.928,0.3559,8.029,0,0,1,0
95,3,-20.197,-55.943,-2.011,-20.221,0.6276,155.096,-13.061,5.817,-7.423,-13.011,0.1476,273.347,-96.813,-156.845,-98.519,3894.855,0.6972,68.514,0,0,0,1
394,10,-15.312,-35.217,-87.419,-12.46,0.3267,247.731,-2.132,-32.347,-41.336,-2.506,0.3287,174.791,-62.273,0.694,-81.323,1497.251,1.0,86.881,0,0,0,1
634,10,-16.706,-25.9,30.378,-17.814,0.1348,490.563,-10.502,3.194,-1.02,-9.657,0.0387,7.714,-30.705,15.711,-38.757,4537.874,0.0,0.0,0,0,0,0
3545,5,-3.502,12.282,-42.016,-5.374,0.0733,685.594,15.682,14.806,-33.554,16.604,0.4191,204.701,16.256,19.594,15.502,4909.346,0.3351,17.1,0,0,0,0
561,5,19.579,-13.429,31.856,20.131,0.0087,567.741,-22.259,-47.214,15.009,-20.952,0.0676,303.591,26.714,-20.603,20.611,3137.21,0.422,2.563,0,0,0,0
410,10,-5.757,-27.973,-28.061,-4.343,0.3374,531.577,13.016,-31.657,-12.011,12.453,0.0506,228.821,39.291,-11.332,38.074,7421.968,0.1498,45.261,0,0,0,0
2867,5,-5.884,-26.355,-71.085,-5.797,0.9173,9.639,-21.151,-5.335,-21.136,-18.771,0.2928,75.845,-62.473,25.726,-76.28,2740.85,0.6894,51.047,1,0,0,1
3871,3,-6.893,-11.598,29.507,-4.298,0.0357,133.59,12.485,13.51,-4.563,11.163,0.0462,402.716,25.077,26.089,17.573,806.732,0.2419,0.19,1,0,0,0
4442,10,-8.376,-62.25,-59.298,-5.326,0.467,576.552,-29.648,-16.655,-28.989,-27.65,0.5363,206.149,-45.266,53.086,-50.304,3196.646,0.7785,72.815,1,0,0,1
2726,10,-4.049,-36.776,1.955,-5.563,0.3727,429.78,2.142,2.618,-1.364,1.821,0.0344,377.097,-7.192,-42.964,-11.891,8691.537,0.2432,43.922,0,0,0,0
3197,5,-2.402,-37.125,-38.695,-0.732,0.3032,228.681,6.761,-9.264,3.9,7.655,0.0799,168.733,-87.04,-155.835,-91.24,2408.821,0.2964,39.798,1,0,0,0
1874,5,27.37,-50.873,-13.267,26.236,0.3294,206.391,-9.267,-31.608,-10.867,-8.579,0.2065,498.183,-5.827,99.41,0.772,4648.511,0.3832,2.627,0,0,0,0
1324,10,-4.318,33.971,-23.129,-6.02,0.0851,101.275,21.031,-23.336,-22.019,22.281,0.0,464.475,-36.617,136.931,-26.562,4281.998,0.1329,0.0,0,1,0,0
4283,5,2.232,-35.387,-34.846,3.392,0.0,228.638,-13.869,13.9,-3.92,-13.923,0.0,286.103,-53.593,-36.17,-42.438,4078.871,0.074,5.97,0,0,0,0
1505,5,6.054,9.485,-30.294,7.686,0.0,293.297,9.747,-5.851,-56.224,10.217,0.0437,197.701,7.782,-30.261,5.246,1974.629,0.2186,0.0,0,0,0,0
2094,10,19.014,-12.117,25.94,18.313,0.3255,574.142,-12.976,-21.795,11.449,-7.274,0.0012,110.396,-2.331,-31.745,6.514,6850.484,0.1145,14.889,0,1,0,0
4019,10,-1.844,-39.043,-75.387,-1.476,0.4791,102.362,-10.567,12.794,-40.775,-11.051,0.4249,29.148,0.477,157.584,-10.354,2548.292,0.6647,59.874,0,0,0,1
4307,3,-9.29,-38.467,-80.963,-7.482,0.6134,222.02,-3.107,-32.892,-7.603,-4.605,0.6837,81.606,-83.541,55.655,-81.036,1564.303,0.9471,55.872,0,0,0,1
42,5,-11.753,-29.044,-37.246,-10.934,0.1532,636.961,0.794,-9.209,-50.951,-2.723,0.2052,180.401,31.1,-60.3,29.437,6196.091,0.4295,34.493,1,0,0,0
587,5,-15.691,9.256,-50.8,-15.886,0.0287,515.316,6.736,-25.642,-9.428,4.251,0.1621,380.594,-20.079,-160.466,-10.424,1482.696,0.0,5.547,0,0,1,0
601,5,-24.048,-42.388,-90.447,-21.885,0.7054,261.636,-18.0,-18.87,-6.655,-14.935,0.2229,130.321,-4.008,8.111,-5.62,1820.237,0.6277,57.399,0,0,0,1
713,5,8.106,-2.005,4.014,9.788,0.227,162.583,-7.971,3.17,31.185,-10.638,0.0181,307.241,5.408,94.17,6.498,2044.264,0.4202,2.434,1,0,0,0
4264,3,8.59,17.358,-10.177,7.554,0.0663,190.592,-15.594,-0.608,16.409,-10.826,0.0835,290.995,-19.294,-69.28,-14.342,5106.293,0.4182,41.477,0,0,0,0
3896,5,-26.291,-13.692,-43.011,-27.766,0.2084,117.812,-6.962,0.915,13.651,-9.349,0.3344,135.928,-63.495,229.588,-60.506,1923.756,0.9386,58.543,1,0,0,1
4398,5,-25.611,36.978,-41.432,-25.853,0.0389,369.433,17.86,-14.995,2.154,18.813,0.2697,324.791,-60.242,31.21,-53.459,3806.037,0.3732,12.073,0,0,0,0
2026,3,-9.735,-44.375,-22.163,-4.411,0.7884,176.441,-6.75,-37.828,-46.568,-4.436,0.5603,282.057,-47.155,104.584,-42.15,2459.356,0.748,29.36,1,1,0,1
2946,3,-14.109,-41.411,-63.126,-11.476,0.5426,165.772,1.834,-31.191,-23.19,0.078,0.4719,108.549,20.665,-6.337,40.107,1274.82,1.0,92.499,1,0,1,1
4698,10,-3.46,-63.908,-86.3,-3.542,0.4766,143.489,-5.022,-22.717,-42.872,-4.444,0.3393,77.829,-97.771,-48.778,-99.204,1172.086,0.701,93.926,1,0,0,1
200,5,7.516,10.854,-25.558,7.682,0.0665,281.902,-15.458,23.839,18.426,-13.78,0.0988,158.377,-41.73,9.909,-50.327,9262.63,0.0746,4.125,0,0,0,0
1504,3,-9.093,-60.168,-50.559,-8.696,0.315,282.976,-16.33,-32.899,-31.387,-16.747,0.153,65.182,-62.474,-89.254,-55.582,1247.372,0.6731,94.677,0,0,0,1
4660,10,-2.165,37.259,-14.899,-2.895,0.1754,319.538,15.036,-19.033,16.401,15.292,0.0,618.435,-55.425,-4.349,-50.287,1224.493,0.477,14.152,0,0,0,0
2735,5,10.028,21.437,82.684,9.985,0.0,373.019,-5.61,-19.782,-20.644,-5.581,0.1447,430.718,24.003,-0.58,25.483,2305.007,0.066,27.357,1,0,0,0
1624,3,-8.271,7.435,-33.43,-11.088,0.1837,76.868,8.374,-39.023,17.063,6.621,0.1404,6.921,16.759,-59.522,13.087,957.659,0.4275,11.907,0,0,0,0
3428,5,-9.724,-46.378,-39.418,-8.386,0.5361,346.971,-23.573,-38.028,-30.006,-23.741,0.1875,139.486,20.804,-88.892,12.598,458.328,0.4937,63.694,0,0,0,1
3273,10,3.186,-8.558,-33.83,5.815,0.5139,164.994,-3.919,-22.384,-28.944,-5.216,0.2596,44.127,-18.002,-104.554,-22.042,3588.575,0.8582,87.539,1,0,0,1
922,10,8.597,21.51,-52.363,15.203,0.0688,400.654,8.499,11.791,-3.807,7.895,0.0167,371.313,37.991,1.685,33.318,2067.172,0.1443,21.847,0,0,0,0
3152,3,3.275,-40.281,-84.059,4.904,0.1762,345.294,23.455,-41.02,-21.661,21.991,0.1237,301.166,63.271,51.373,69.016,600.657,0.2537,58.742,0,0,0,0
4575,10,-11.671,-41.577,-26.889,-12.365,0.4646,154.857,-16.872,-13.449,-39.823,-18.226,0.0846,219.894,69.952,0.02,79.765,4543.262,0.8356,79.232,0,1,1,1
3425,10,-3.916,-13.638,-8.988,-6.133,0.1823,429.538,5.408,-7.301,9.132,2.31,0.2845,211.412,1.686,-184.087,1.178,2457.16,0.8262,47.446,0,0,0,1
1258,10,7.221,-73.634,11.05,11.204,0.0,599.804,19.529,-25.842,-5.603,17.56,0.0,376.678,-10.306,99.187,-17.017,891.02,0.3451,26.571,0,0,0,0
1196,3,-32.1,-40.933,-81.275,-39.34,0.6272,446.7,-14.029,-20.256,-24.997,-11.47,0.3788,88.355,-0.139,70.863,0.848,2930.124,0.8293,19.34,1,1,0,1
3813,3,-15.603,-27.772,-28.54,-17.725,0.0898,492.643,21.663,-1.906,1.569,17.952,0.0525,72.436,-0.648,-40.564,5.822,4551.676,0.2743,25.375,0,0,0,0
1884,5,24.204,-43.235,39.092,27.322,0.1097,517.269,13.542,-0.32,18.981,15.557,0.0,524.538,6.985,325.5,-5.496,1329.579,0.3519,28.302,0,0,0,0
1679,5,-10.627,-15.111,-67.174,-8.615,0.6139,302.141,-12.874,6.477,-9.356,-11.08,0.6199,80.646,71.185,-4.021,77.348,5260.837,0.7511,100.0,0,0,0,1
4834,5,-19.268,-17.01,-3.005,-22.124,0.0,414.684,17.795,-2.442,-38.55,20.004,0.0,634.441,34.492,-43.87,31.353,4131.949,0.0,31.977,0,1,0,0
4292,3,-9.927,-34.993,-49.922,-6.199,0.3502,641.477,5.089,-10.187,-11.685,8.15,0.0896,447.751,-27.261,-7.573,-19.163,641.771,0.3096,47.847,0,0,0,0
1714,3,7.99,-42.747,-80.145,6.053,0.4063,302.158,-12.559,-33.851,-26.296,-10.217,0.2177,356.361,-12.153,-104.313,-9.975,31.203,0.8827,76.787,0,0,0,1
972,10,16.075,53.516,21.721,16.829,0.1494,318.073,-21.789,36.906,-30.003,-21.558,0.0,44.635,5.189,-55.255,11.633,6333.755,0.2639,19.986,0,0,0,0
180,3,-45.88,25.75,33.662,-46.532,0.2227,165.75,2.264,-5.62,11.468,5.675,0.1769,243.098,-30.515,-40.455,-41.1,1669.083,0.0,8.696,0,0,0,0
2808,5,-15.08,-18.014,0.549,-13.975,0.069,355.953,-9.698,-2.345,8.946,-10.063,0.0,204.396,-16.213,20.911,-14.053,1877.537,0.3958,6.188,0,0,1,0
4127,5,-1.334,-33.507,-27.762,-0.423,0.1351,435.736,-16.516,12.302,15.018,-16.975,0.2392,492.727,-16.906,-286.714,2.233,4936.809,0.264,25.132,0,0,0,0
2312,5,-15.065,-27.712,-34.919,-15.928,0.2699,454.038,-20.781,-2.983,-36.485,-19.588,0.3662,45.574,-73.023,-115.564,-84.476,2739.988,0.5912,58.17,0,0,0,1
4591,10,-14.606,-45.788,-51.48,-10.25,0.6349,203.165,-20.496,2.55,-56.942,-19.381,0.1603,132.99,-46.096,-119.914,-34.687,253.612,0.6538,89.244,1,0,0,1
3284,5,-2.596,-17.239,68.103,-1.55,0.1025,438.425,-1.14,4.057,43.13,0.632,0.2099,458.521,30.35,129.278,22.224,4287.798,0.3896,33.989,0,0,0,0
1216,3,9.045,-45.916,-56.159,7.102,0.2073,509.643,18.3,0.53,37.009,17.864,0.0279,313.512,-75.031,30.081,-69.773,5388.471,0.3029,1.829,0,0,0,0
3232,10,8.471,24.932,-23.641,9.037,0.2282,356.753,5.794,17.061,-62.325,7.362,0.0,101.015,7.291,196.681,9.472,7886.566,0.1149,24.788,0,0,0,0
3969,5,-15.071,-37.166,-52.086,-16.188,0.3483,161.471,-20.894,-3.536,-62.02,-22.621,0.7168,170.128,-8.109,38.371,1.218,3608.119,1.0,90.499,0,0,0,1
3299,3,10.351,-16.157,-98.608,12.767,0.0288,267.295,15.706,18.64,14.35,17.47,0.0256,625.571,25.194,153.354,20.73,4862.683,0.1928,0.663,0,0,0,0
4579,10,-3.688,-65.055,18.979,-3.777,0.0007,315.937,8.047,-2.606,-38.584,7.118,0.153,223.33,12.758,-11.316,19.117,3902.442,0.1394,24.739,0,0,0,0
3926,5,5.374,-27.084,-46.393,6.338,0.4317,998.537,-13.808,1.631,-33.983,-13.524,0.1006,309.761,-46.022,87.123,-51.125,3325.165,0.3808,40.936,0,0,0,0
2007,3,0.762,15.094,25.059,-1.775,0.0583,800.612,-21.138,-31.164,-6.871,-19.656,0.1165,324.771,5.051,72.534,11.625,3021.078,0.3475,6.159,0,0,0,0
4176,3,30.031,3.365,65.252,32.587,0.0,565.025,-4.775,-8.978,1.104,-4.534,0.0689,339.344,-8.064,-82.431,-8.426,3230.281,0.326,8.742,0,1,0,0
720,5,-35.95,-10.953,34.669,-35.439,0.1992,373.979,4.013,26.579,-34.61,2.127,0.0,398.068,-21.217,89.281,-17.867,4584.826,0.2267,35.598,0,0,1,0
2385,5,-1.795,13.47,-40.13,-0.078,0.0737,519.382,-20.287,33.148,26.485,-19.841,0.1736,536.707,7.572,55.561,6.482,5074.079,0.2265,3.59,0,0,0,0
1142,5,-4.77,2.068,-52.558,-7.164,0.1223,96.858,6.004,-17.654,-18.506,6.78,0.1239,546.377,36.046,18.552,42.762,3743.982,0.0868,5.892,0,1,1,0
173,5,-4.617,11.082,-61.007,-5.775,0.1633,441.511,-27.354,-6.446,-38.761,-26.735,0.0407,68.038,-50.575,-23.404,-53.118,4303.142,0.016,40.806,0,0,0,0
3166,5,-8.657,-45.045,41.521,-10.511,0.065,475.525,-7.752,-4.511,-22.347,-7.546,0.0638,80.79,5.587,-34.53,-9.788,1846.851,0.3013,14.837,0,1,0,0
3804,3,-19.134,6.213,6.959,-18.655,0.1838,662.251,6.999,-26.337,-89.165,6.977,0.0899,497.322,-6.699,42.266,5.366,3251.779,0.306,22.602,0,0,0,0
4448,3,-1.686,-1.295,19.57,-0.997,0.2183,947.052,6.912,-1.388,-15.172,4.364,0.1408,388.46,25.801,-112.081,17.55,12067.385,0.31,34.087,0,0,0,0
2139,5,-20.07,-40.166,-11.403,-22.053,0.5991,172.711,-8.199,-20.957,-29.348,-6.59,0.1426,57.511,-96.701,-2.961,-100.2,5992.908,0.6753,53.682,1,0,0,1
3338,10,-3.016,-14.14,-0.439,-3.092,0.5917,157.789,8.069,19.567,-15.902,9.592,0.1211,299.171,-30.294,79.121,-27.253,4366.068,0.7413,37.373,1,0,0,0
3560,3,1.955,-26.103,-21.214,5.381,0.4057,686.324,2.122,25.155,-1.205,2.367,0.0,331.206,30.902,182.655,31.601,7868.57,0.1614,40.859,0,0,0,0
3710,5,3.73,-13.755,-27.113,2.455,0.2363,554.561,10.809,-9.305,4.054,18.935,0.0796,548.872,-36.275,20.541,-33.882,352.539,0.0,16.145,0,0,0,0
4256,10,-12.291,-8.059,-79.358,-15.515,0.0797,299.342,1.999,-45.614,15.92,-1.857,0.1386,161.223,21.669,3.284,39.147,4280.172,0.3826,25.799,0,0,0,0
1530,3,-3.903,-24.711,-19.14,-5.177,0.0364,643.583,-15.121,-4.459,-34.368,-13.666,0.1506,26.906,9.796,40.801,18.44,1242.46,0.2423,19.397,0,0,0,0
1015,5,-25.943,-25.485,-9.659,-25.721,0.0,419.491,7.951,20.295,-16.433,8.455,0.0,225.846,8.752,-112.361,8.966,2997.503,0.3938,17.182,0,0,0,0
3700,3,-6.487,-11.976,38.194,-5.742,0.1532,499.176,-10.977,-4.351,6.068,-6.37,0.0397,371.004,3.75,4.29,6.894,2283.604,0.5848,9.542,0,0,0,0
1005,5,0.351,-24.345,27.357,1.921,0.0958,696.266,-9.442,9.538,-35.018,-7.257,0.1911,381.576,-31.722,-238.867,-39.648,1537.688,0.0033,8.88,0,0,0,0
219,10,-15.345,1.076,-7.892,-12.726,0.0,445.328,-1.709,-1.406,-79.619,-1.967,0.1701,442.544,17.631,67.053,21.177,3793.734,0.1135,25.469,0,0,0,0
90,10,-8.426,8.883,35.341,-9.693,0.0295,173.974,-13.754,22.917,-9.77,-15.478,0.1221,186.073,20.308,-75.158,17.31,3161.891,0.1009,23.95,0,0,0,0
643,3,8.748,15.301,-54.717,8.974,0.0,569.264,3.12,13.041,1.444,3.941,0.1575,358.212,23.283,69.549,25.519,692.979,0.2371,4.981,0,0,0,0
4460,3,-21.21,-16.258,-18.621,-23.997,0.0979,128.352,8.181,-17.052,-7.036,6.629,0.0,434.564,2.879,165.726,0.596,3698.986,0.1601,11.791,0,0,0,0
1299,3,-15.456,1.826,32.175,-13.349,0.215,503.612,2.791,14.322,12.11,4.978,0.0176,99.234,18.44,-8.132,23.797,3460.868,0.4281,21.996,0,0,0,0
3133,5,-24.353,-53.158,-31.556,-25.146,0.4273,213.511,-14.16,4.025,-39.21,-11.17,0.5589,181.095,-40.843,-67.667,-45.691,1806.91,0.5603,100.0,1,0,0,1
3,5,-12.009,-3.124,58.995,-13.374,0.2045,403.403,-6.277,-19.999,-0.404,-5.247,0.0,414.351,35.795,-144.043,39.282,4646.409,0.3393,9.62,1,0,0,0
1635,3,-29.855,-53.534,-13.392,-29.12,0.7784,114.637,1.706,-35.45,-24.563,1.134,0.2754,53.854,-9.728,-110.37,-21.256,1495.093,0.7175,70.537,1,0,0,1
2266,3,-10.849,-13.03,-6.116,-9.431,0.0372,548.024,21.39,36.826,-2.069,25.859,0.1029,479.941,-26.147,48.889,-40.308,696.754,0.3361,23.36,0,0,0,0
1511,5,-15.888,53.611,-19.447,-13.957,0.01,138.327,4.831,5.44,-55.445,4.402,0.205,223.368,-17.685,-22.388,-13.559,417.923,0.2956,28.574,0,0,0,0
810,3,-5.131,-21.731,0.819,-0.602,0.7299,204.201,-7.58,-27.679,-19.333,-6.237,0.1669,332.564,8.508,-60.126,16.134,3972.957,0.8589,46.644,1,0,0,1
804,5,-17.956,-30.876,-48.719,-18.675,0.1253,378.284,-1.541,-2.601,0.059,-4.77,0.0871,797.359,3.166,-41.122,-4.382,3684.047,0.1906,0.0,0,0,0,0
4478,3,-17.273,3.173,-31.53,-18.03,0.0605,352.411,-3.836,10.144,11.874,-4.373,0.0319,446.251,8.671,60.451,-4.695,875.822,0.2441,23.177,0,0,0,0
507,5,-4.876,-30.284,-24.274,-3.877,0.2821,539.212,-1.533,-22.3,18.729,1.467,0.0143,351.809,14.629,-73.062,2.103,2068.081,0.3633,46.661,1,0,0,0
3834,5,7.814,-12.651,4.396,7.686,0.125,523.734,-4.655,34.256,-7.598,-6.955,0.1178,379.996,-24.414,36.669,-23.49,5011.338,0.236,13.542,0,0,0,0
186,3,-10.973,59.971,44.622,-12.367,0.0596,613.758,-16.445,-16.869,12.324,-16.802,0.083,393.877,3.471,12.429,9.387,6401.984,0.28,0.0,1,0,0,0
976,3,-2.104,-3.976,32.165,-3.075,0.0279,424.443,8.232,11.703,37.419,7.259,0.0753,410.722,-46.069,-35.938,-40.374,5464.38,0.0602,9.686,0,0,0,0
581,10,4.336,-38.936,-40.591,6.555,0.4859,385.939,-17.035,9.945,-43.648,-17.925,0.1902,279.95,-48.465,19.88,-44.804,2905.26,0.2774,61.274,0,0,0,0
4979,10,-12.307,-26.306,-54.458,-13.415,0.5831,295.224,4.766,-5.794,-36.961,5.312,0.3977,219.29,-26.756,-15.835,-32.323,41.073,0.9592,74.056,0,0,0,1
3267,3,-2.784,25.81,30.236,-7.402,0.0,584.354,0.181,9.941,57.241,-0.108,0.1442,255.514,-20.351,157.197,-22.252,1171.198,0.0407,58.623,1,1,0,0
2043,5,-17.335,24.592,-43.042,-16.545,0.0,308.575,-10.749,9.987,-16.81,-9.602,0.0582,464.892,-37.175,-44.667,-35.064,3374.584,0.054,6.549,0,0,0,0
3404,10,-20.851,-12.734,-77.152,-22.601,0.3314,285.981,-14.604,-19.614,-2.566,-12.104,0.1218,25.999,12.858,54.239,17.595,1377.856,0.8161,78.015,1,0,0,1
3325,10,-17.869,-20.624,-19.515,-17.937,0.8244,191.697,-19.033,-0.826,-1.961,-18.648,0.3501,186.959,31.849,-245.463,19.383,4822.027,0.7508,16.381,0,1,0,1
794,3,3.462,-7.514,-33.471,3.465,0.0658,328.669,5.646,-12.029,-37.595,4.503,0.0,260.251,30.069,113.813,41.344,4472.803,0.3451,0.0,0,0,0,0
1995,10,19.383,-2.404,54.235,20.123,0.0324,836.02,-13.558,15.219,-41.906,-11.923,0.0084,192.711,41.766,-58.404,39.935,5284.241,0.0665,0.0,0,0,0,0
3726,10,-18.477,-70.032,-7.554,-16.834,0.3629,34.044,-3.721,-33.347,-40.074,-4.977,0.3243,164.932,-64.07,13.737,-60.26,2581.008,0.6184,57.136,0,0,0,1
1476,10,42.608,-5.621,-7.856,42.073,0.2082,442.925,5.279,43.216,5.726,8.541,0.179,422.523,21.796,7.458,21.651,1169.117,0.1378,44.896,0,0,0,0
3172,5,-3.541,-18.707,92.649,-4.691,0.1988,202.562,8.598,4.349,51.335,2.908,0.0661,360.775,-26.575,51.312,-31.58,5855.013,0.3525,21.266,0,0,0,0
2769,3,-7.072,28.393,-16.097,-8.171,0.0309,493.703,8.973,10.347,23.533,7.558,0.0,202.729,19.645,126.147,33.313,5801.534,0.183,10.726,0,0,0,0
1626,5,-20.807,-13.631,-43.746,-18.503,0.5664,209.37,-8.252,30.091,-11.169,-7.555,0.4351,71.186,-14.33,-39.681,-18.16,7391.288,1.0,86.637,0,1,0,1
2386,10,-3.135,-8.625,-11.069,-4.231,0.1429,405.577,5.317,12.667,26.929,3.442,0.1012,176.432,-4.9,-80.17,-4.199,5464.577,0.379,0.0,0,0,1,0
4875,5,2.35,10.885,-46.707,-0.894,0.066,462.812,-12.12,-21.331,-19.722,-9.381,0.1339,165.872,-1.935,61.857,1.143,4407.781,0.3898,21.174,0,0,0,0
1358,5,-6.972,-11.136,32.383,-3.371,0.2004,441.711,-12.713,28.322,19.385,-13.642,0.1427,272.883,39.664,-134.288,30.542,5482.544,0.1692,9.119,0,0,0,0
3694,3,-17.078,13.171,81.362,-19.768,0.1314,429.086,-8.556,-18.548,-39.41,-7.908,0.2053,150.988,-45.417,174.072,-46.394,1380.584,0.5032,10.802,0,0,0,0
2749,3,14.971,-20.837,35.178,15.092,0.0754,141.374,7.895,26.052,-6.552,10.758,0.1513,495.498,28.131,-126.79,33.338,2996.622,0.327,19.242,0,0,0,0
1816,3,-13.657,-44.884,-15.221,-11.39,0.548,262.283,-10.042,-34.545,-27.443,-7.441,0.1525,124.458,8.6,-55.724,20.589,484.234,0.6751,48.915,1,0,0,1
650,3,-14.915,-55.941,-58.748,-12.404,0.5068,272.574,0.318,-39.696,-46.747,-1.233,0.2515,84.023,-75.324,-125.045,-76.545,1332.536,0.7903,86.821,1,0,0,1
751,10,5.071,2.005,-16.059,6.621,0.0,169.525,12.126,43.423,15.668,11.394,0.1016,374.454,16.179,-56.329,16.75,1396.404,0.361,26.73,0,0,0,0
3104,5,-1.274,-36.652,-44.719,-0.931,0.4798,306.39,14.16,-28.254,13.579,13.12,0.0,233.951,41.575,120.78,38.914,1967.838,0.4882,57.976,0,0,1,0
3706,5,-13.56,-54.642,-51.265,-12.442,0.7871,115.949,-11.855,-5.021,-9.629,-10.557,0.0798,39.335,-67.362,-79.379,-63.657,5491.171,0.5264,82.048,0,0,0,1
3114,5,-26.367,-28.542,-50.617,-25.198,0.5361,331.55,-5.788,-6.428,-22.206,-3.219,0.4045,103.045,-26.211,238.352,-13.549,2891.124,0.4265,51.695,0,1,0,1
4566,5,-6.585,7.606,21.886,-6.765,0.0,369.335,17.116,-0.488,-49.834,21.059,0.0666,275.932,35.926,-49.168,25.188,11.411,0.2772,23.694,0,0,0,0
860,10,-18.1,-0.855,-18.643,-13.836,0.2204,117.666,-5.498,-6.917,-55.544,-8.449,0.1713,149.836,50.158,-232.705,56.027,5942.766,0.6533,100.0,1,0,0,1
1777,10,6.328,-50.089,-19.259,6.038,0.6064,294.205,-16.721,-28.668,-19.595,-15.727,0.2458,46.268,-125.125,-4.4,-109.565,4911.881,0.5384,77.198,1,0,1,1
2700,3,-0.503,-29.322,-33.097,-1.513,0.0853,436.76,-3.994,-24.764,50.523,-3.38,0.0215,378.381,13.076,-133.022,13.353,238.317,0.4722,0.0,0,0,0,0
1267,10,-17.42,-27.968,-33.49,-16.756,0.7374,177.5,-0.766,-19.192,-9.185,-0.413,0.3703,69.565,-14.011,101.705,-4.447,1412.625,0.8113,74.542,1,0,0,1
2250,10,-32.633,-51.505,-53.722,-31.32,0.3888,413.901,-7.257,-1.612,-44.605,-5.375,0.3397,61.998,37.62,75.106,54.113,2529.514,0.5528,70.649,1,0,0,1
1795,3,-14.642,-31.661,-67.319,-12.747,0.3824,228.054,-12.184,-30.157,-39.55,-13.044,0.4377,110.039,-50.742,171.464,-59.143,3974.082,0.6793,68.31,1,0,0,1
4852,3,2.201,-1.017,22.017,1.579,0.1002,415.876,-4.346,17.731,-7.729,-3.489,0.0705,436.328,-39.677,46.059,-49.218,4239.347,0.2738,6.918,0,0,0,0
3543,10,4.38,-21.872,-18.747,6.251,0.1105,277.345,-9.632,12.334,-2.809,-6.903,0.0,60.227,37.784,46.07,35.849,2480.412,0.33,14.242,0,0,0,0
3518,10,10.725,-0.646,-72.096,13.15,0.111,546.768,-7.647,67.177,9.154,-8.167,0.0,509.669,22.076,46.803,17.875,1354.382,0.0,0.279,0,0,0,0
2213,10,4.135,33.229,43.398,4.687,0.0,244.874,4.716,-39.648,25.765,7.493,0.0399,162.486,44.933,-106.18,42.28,4347.7,0.2128,20.198,0,0,0,0
3937,10,-1.084,-1.735,14.73,-3.269,0.0,537.086,-14.39,-12.989,-5.885,-13.235,0.0,617.524,-19.852,178.498,-17.587,3721.436,0.3648,10.439,0,0,0,0
3786,10,19.611,-9.121,-46.529,20.834,0.4128,343.219,-2.961,10.557,23.442,0.195,0.0441,280.364,-2.379,-72.213,7.68,8600.697,0.3251,63.196,1,0,0,0
2123,10,-12.234,-2.899,-44.384,-13.326,0.1831,657.637,-7.382,-5.849,41.384,-4.969,0.031,452.017,-3.855,86.44,-5.593,416.162,0.0509,28.82,0,0,0,0
847,10,-40.12,-32.667,-44.993,-44.455,0.3559,433.159,-27.83,-1.975,-16.266,-26.576,0.1925,192.173,-56.357,-100.2,-63.396,3166.116,0.6113,65.085,1,0,0,1
572,3,-21.387,-24.861,-4.097,-20.814,0.2207,428.729,-2.819,-32.801,38.436,-4.792,0.1097,369.567,5.985,-35.893,10.161,1895.478,0.3673,36.452,0,0,0,0
4765,3,0.441,-4.662,-13.323,3.88,0.0,192.67,6.041,31.934,0.084,5.9,0.1232,272.392,28.218,-70.87,24.752,5326.113,0.334,30.863,0,0,0,0
3907,5,10.152,23.396,77.728,14.566,0.0,363.852,2.228,9.21,-24.884,5.714,0.0,299.097,-9.306,-103.481,-24.42,2763.657,0.0859,8.707,0,0,0,0
4192,3,-31.433,-13.124,41.802,-32.405,0.0076,487.886,2.282,8.685,5.247,1.397,0.0,241.073,10.523,-30.582,8.295,3592.563,0.4143,30.767,0,0,1,0
1325,3,-8.645,-42.506,-68.231,-8.269,0.5342,435.329,-15.684,-24.625,-45.232,-15.39,0.2486,251.125,40.623,-25.45,49.849,3873.091,0.4959,72.512,1,0,0,1
3837,3,-13.587,-48.517,1.435,-16.709,0.2573,464.54,21.021,0.661,9.577,23.644,0.1371,490.8,-13.44,-60.746,-12.212,3631.79,0.2827,29.716,0,0,0,0
2791,5,-1.669,11.362,-9.356,-4.018,0.0857,354.851,-0.394,21.798,-50.374,0.149,0.0,412.128,5.77,-79.68,0.345,4298.248,0.3908,15.627,1,0,0,0
2420,3,11.929,-1.378,24.41,11.516,0.0611,255.498,9.694,-5.761,28.623,11.455,0.0564,447.292,41.015,108.411,47.635,1074.77,0.0599,5.881,0,0,0,0
43,5,11.238,1.331,15.717,13.151,0.1044,371.16,-12.535,-12.276,36.176,-10.69,0.0,262.799,30.27,26.291,11.917,5198.113,0.3443,18.868,0,0,1,0
1121,3,-17.803,10.089,-3.079,-20.591,0.0,459.172,-9.371,-18.464,19.545,-6.661,0.235,316.968,3.925,-122.986,6.581,931.176,0.0,4.204,0,0,0,0
2579,10,-27.522,-54.399,-29.432,-26.631,0.4214,194.32,-11.652,-11.882,-53.467,-10.283,0.3943,68.344,-41.104,-26.832,-32.171,3422.664,0.9183,61.146,0,1,1,1
2337,3,13.011,-15.749,23.963,13.397,0.0622,717.102,-10.353,-33.302,-18.532,-8.149,0.0317,262.791,-26.33,45.954,-31.307,3921.385,0.327,13.609,0,0,0,0
2864,3,4.934,-22.141,-47.055,2.136,0.3399,180.546,-5.27,1.129,-29.385,-1.553,0.071,198.125,12.746,24.075,-1.639,5088.174,0.3283,58.206,0,0,0,0
1120,5,-19.901,-39.139,-67.442,-18.135,0.9479,73.979,-9.346,-30.982,-65.098,-11.756,0.6429,98.319,-49.422,33.069,-57.348,5539.257,0.972,63.865,0,0,0,1
2843,10,-2.663,0.648,31.811,-2.747,0.0,568.775,11.086,22.054,22.983,12.726,0.1318,213.001,10.338,-12.865,24.211,493.091,0.0478,7.795,0,0,0,0
1070,3,-4.485,-26.917,-30.036,-3.313,0.1454,188.773,15.676,-26.19,17.111,15.768,0.0952,506.101,-20.238,-89.374,-8.537,2141.478,0.1842,8.714,0,0,0,0
4520,10,-22.693,-59.635,-4.405,-21.742,0.5426,145.093,7.589,-35.977,-23.068,4.664,0.4891,123.96,-39.98,-26.783,-40.324,1184.419,0.8533,53.682,1,0,0,1
2039,3,5.693,-16.288,-64.975,7.033,0.3039,23.62,3.875,-33.61,-7.548,3.136,0.1454,340.707,-1.109,15.619,7.88,5821.725,0.4812,61.881,0,0,0,0
3056,5,19.896,-39.336,14.865,21.602,0.0784,289.643,-11.319,21.237,16.418,-11.627,0.0163,223.906,-3.203,-25.59,-19.288,5650.053,0.2362,26.051,0,0,0,0
3389,3,-1.918,-38.623,-22.376,-2.538,0.0631,396.391,-15.398,33.178,-5.155,-16.231,0.0,208.475,-26.048,88.028,-36.397,2785.656,0.2336,0.0,0,0,0,0
3917,10,6.98,-40.771,58.456,7.113,0.0577,474.216,4.849,-1.745,25.749,4.456,0.1051,298.453,57.043,22.902,59.837,616.753,0.1478,10.75,0,0,0,0
265,10,27.165,-28.166,-42.249,30.628,0.3352,273.815,-15.88,-1.435,-3.203,-15.17,0.0613,123.277,-26.897,102.455,-25.398,3800.764,0.5775,20.611,0,0,0,0
2859,3,-25.09,-27.721,-32.213,-27.62,0.791,19.0,-10.589,-28.577,-26.066,-10.159,0.3159,61.497,30.322,5.854,35.145,2770.334,0.5233,100.0,0,0,0,1
1614,3,0.845,2.773,18.512,-2.86,0.1321,127.74,16.164,1.807,34.942,15.15,0.0,238.324,1.538,36.63,21.111,4913.121,0.018,20.553,0,0,0,0
3460,10,-6.756,-16.823,-16.275,-4.307,0.0,318.823,-5.498,17.904,41.155,-6.489,0.098,459.675,-28.179,133.04,-27.618,2716.539,0.3305,11.226,1,0,0,0
1160,5,7.417,-1.23,1.308,5.982,0.1229,388.924,1.806,-17.696,-42.669,0.755,0.1806,338.12,-9.193,-91.113,-16.303,4758.299,0.4719,9.171,0,1,0,0
1968,5,-21.455,-32.792,-84.683,-22.24,0.5251,456.755,0.301,-29.362,-27.247,2.727,0.6311,96.138,-31.501,-51.959,-39.141,2770.388,0.5462,76.323,0,0,1,1
4966,10,18.173,-40.012,30.932,18.175,0.1031,542.829,3.671,1.474,-0.065,7.343,0.1961,157.372,18.52,-129.302,31.021,260.575,0.1232,10.861,0,0,0,0
743,3,6.523,-33.69,-50.629,5.885,0.3306,496.5,5.996,28.761,-44.83,3.417,0.0,180.697,52.386,50.078,54.503,2867.86,0.2696,73.753,0,0,0,0
2263,5,1.489,-13.829,23.975,-0.246,0.1628,156.313,-11.579,-14.292,-40.291,-9.295,0.1081,469.29,7.286,-77.975,10.029,1582.799,0.2329,17.31,0,0,0,0
2112,5,1.563,-3.682,-3.043,2.368,0.0,539.609,-3.244,-26.89,-6.319,-2.48,0.1537,531.023,-0.374,-89.051,12.814,977.922,0.031,23.905,0,0,0,0
4313,3,-29.414,-9.738,-100.0,-29.284,0.81,67.767,-7.699,-26.363,-17.59,-5.644,0.4768,156.891,37.325,-154.566,29.403,5959.697,0.9268,41.35,0,0,0,1
3406,3,-27.847,72.854,-49.101,-30.16,0.0,392.231,0.328,-2.529,0.646,0.159,0.0249,401.612,-5.564,-19.702,-6.701,547.104,0.0914,7.657,0,0,0,0
3341,3,-7.873,17.539,23.744,-7.934,0.1749,559.064,7.801,2.767,18.778,5.964,0.0941,389.052,-27.421,112.184,-38.261,581.041,0.1997,2.971,0,0,0,0
4913,3,-18.892,-15.796,9.743,-16.63,0.2789,256.15,0.686,-0.338,-1.494,-0.36,0.07,555.744,21.301,-103.779,42.154,4329.437,0.0,0.0,0,0,0,0
3513,10,-25.303,1.396,0.949,-24.868,0.009,281.911,0.221,27.791,-25.126,0.292,0.1051,262.067,-14.874,-46.41,-13.454,10876.512,0.2231,50.979,1,0,0,0
1713,10,41.679,26.899,-44.107,41.958,0.0,504.748,-1.274,-6.426,-19.928,-0.66,0.2468,294.973,1.236,68.86,-8.004,2905.894,0.0,0.0,0,0,0,0
451,3,-12.823,7.303,-46.656,-14.022,0.1123,341.921,11.824,19.857,25.557,14.933,0.0765,101.228,-43.557,95.058,-44.866,7108.701,0.1411,0.0,0,0,0,0
4429,3,23.308,-17.55,23.696,19.887,0.0937,236.971,5.627,-2.881,31.268,5.062,0.0,460.31,-73.524,-11.252,-80.57,2018.586,0.267,11.568,0,0,0,0
4386,3,8.563,1.618,27.396,6.613,0.2921,357.419,17.465,-9.648,-1.526,19.136,0.0084,436.581,25.431,-66.755,22.73,4780.559,0.2651,9.223,0,0,0,0
3756,3,-27.071,-65.855,-88.582,-28.328,0.8277,263.004,-6.6,-25.692,-17.048,-7.758,0.324,84.841,-19.801,-87.079,-17.455,123.464,0.445,51.84,1,0,0,1
4194,5,15.7,-10.398,31.744,13.854,0.2113,327.846,-20.639,-14.136,36.512,-21.392,0.0,237.256,26.15,10.923,33.09,1721.783,0.1244,3.995,1,0,0,0
872,10,9.437,-23.577,13.431,9.144,0.1854,485.575,9.982,22.971,49.04,10.023,0.1246,320.37,-10.114,47.086,-13.052,4167.436,0.3753,21.257,0,0,0,0
529,10,-22.887,-57.601,-83.943,-18.98,0.337,435.034,-7.405,-25.924,-4.441,-9.871,0.3735,276.963,87.486,134.578,87.403,2042.487,0.8075,72.281,0,0,0,1
2482,10,28.368,-16.858,-41.729,29.38,0.5781,349.019,2.523,5.108,47.717,4.522,0.0,147.288,11.319,146.9,9.121,2890.892,0.447,75.049,0,0,0,0
4294,5,-12.613,-30.762,0.562,-11.578,0.1291,552.713,1.875,-25.172,-64.939,3.688,0.0482,568.807,-26.749,-47.191,-27.803,1439.131,0.2501,14.621,1,0,0,0
1322,3,-25.273,-33.751,-8.541,-26.586,0.7722,163.382,-14.408,-30.247,-0.148,-13.673,0.3857,271.029,-28.243,-86.79,-24.638,2567.76,0.6013,56.432,0,0,1,1
2142,10,-11.763,9.919,63.04,-14.739,0.0193,242.151,-10.571,-20.487,-45.218,-12.024,0.1384,445.278,70.832,-117.121,70.78,883.543,0.4081,9.54,0,0,0,0
2916,3,27.555,-33.123,-63.281,28.657,0.5359,592.908,-15.77,11.554,6.416,-15.117,0.0703,264.985,23.044,40.146,36.076,5545.181,0.5787,44.771,0,0,0,0
1721,5,-28.975,-12.448,-46.845,-29.234,0.0,217.483,-4.251,-10.122,-3.373,-1.572,0.3129,303.602,-34.608,114.85,-35.565,739.719,0.7719,45.866,1,0,0,1
1829,3,-2.972,10.029,16.757,-4.446,0.0931,143.999,32.21,1.171,-57.933,32.652,0.0,277.317,10.679,41.723,22.662,1584.827,0.1344,28.271,0,0,0,0
3603,5,-30.645,-32.943,-55.236,-31.833,0.5973,77.897,-15.152,-1.315,-48.132,-13.808,0.5235,135.924,10.277,7.986,26.819,1708.562,0.7413,77.764,1,0,0,1
2643,10,-17.417,-55.473,-3.532,-19.703,0.2713,365.354,-7.391,-34.368,-22.095,-9.254,0.3258,84.23,-42.969,-35.429,-56.806,6322.724,0.8771,39.222,0,1,0,1
3768,10,-14.91,17.008,15.479,-15.635,0.3158,468.421,6.873,-23.159,-42.581,5.915,0.0,480.17,-29.995,-62.341,-23.074,469.846,0.0101,1.264,0,0,0,0
4858,5,-18.173,53.605,-23.572,-16.62,0.1043,428.271,6.206,5.706,-41.768,4.83,0.1411,362.214,-9.162,67.22,-1.974,6547.659,0.2141,30.642,0,0,0,0
4412,3,-7.099,-31.919,17.945,-9.646,0.2112,448.051,-7.545,-3.541,27.577,-6.994,0.187,394.965,-9.389,-205.834,-17.206,5367.509,0.1769,32.834,0,0,0,0
1572,3,4.071,-15.916,-11.682,6.28,0.2442,524.352,-15.015,-9.424,20.572,-15.829,0.0707,105.176,-37.189,213.945,-40.213,9336.802,0.1715,2.523,0,0,0,0
2866,10,-16.192,-17.308,-79.617,-16.685,0.62,212.326,3.867,15.829,-19.408,3.907,0.0,210.561,4.094,46.603,11.1,2387.463,0.6195,93.646,1,1,0,1
3571,10,-18.602,-44.58,-39.072,-21.535,0.4793,372.991,-3.292,21.261,-35.534,-4.829,0.097,706.229,-51.621,47.629,-58.644,2521.967,0.5133,62.358,1,0,0,0
1338,3,10.695,-36.818,14.108,9.562,0.1751,710.847,3.893,19.562,-20.507,5.38,0.3491,495.04,-18.009,-114.992,-5.449,4022.486,0.305,16.091,0,0,0,0
3753,10,-10.803,-4.077,-24.044,-8.499,0.3985,92.014,-3.81,-33.816,-15.872,-4.572,0.2154,39.71,-45.992,-44.524,-36.153,3095.809,0.5079,36.02,0,0,1,1
947,3,-29.807,-10.353,-67.659,-31.225,0.1523,66.275,-8.089,-29.582,-11.917,-7.79,0.1963,255.3,10.0,-111.727,6.196,2489.36,0.5842,71.735,0,0,0,1
3807,5,-13.808,-10.764,-51.059,-14.126,0.4989,236.626,-7.2,-11.278,-18.247,-6.661,0.0563,93.095,-72.889,-110.285,-74.165,1757.181,0.478,49.077,1,0,0,1
1413,5,-19.46,0.909,-18.763,-19.032,0.0868,316.184,-6.082,-15.138,-13.041,-5.977,0.0,582.953,6.275,0.97,3.237,4213.396,0.1057,26.948,0,0,0,0
2655,10,29.623,37.074,-21.798,32.066,0.1786,335.674,-4.076,-17.74,14.255,-5.177,0.0399,542.564,-18.878,-20.623,-4.075,5316.864,0.0,11.996,0,0,0,0
3097,5,8.752,19.68,9.17,8.638,0.0,447.247,38.1,-7.737,-32.226,37.436,0.0889,135.554,-24.847,-52.963,-11.539,4629.551,0.1907,43.047,0,0,0,0
4598,10,-11.94,11.005,-51.699,-13.114,0.0714,286.184,-2.036,20.921,-41.85,-0.292,0.1368,574.789,-58.719,-132.232,-56.505,7699.925,0.2931,16.49,0,1,0,0
2588,10,-22.693,-43.848,-46.916,-21.837,0.7091,387.49,-27.758,29.766,43.732,-26.581,0.1061,541.479,32.341,94.062,42.754,1489.116,0.4913,29.185,0,0,0,0
2964,3,-10.864,-11.613,-31.046,-8.398,0.0,336.041,12.036,-6.455,14.144,10.283,0.0203,121.741,1.032,-67.339,16.329,993.073,0.0564,21.947,0,0,0,0
2307,10,-29.208,-44.0,-53.822,-32.546,0.3496,145.315,-3.945,-7.909,-50.62,-2.27,0.489,102.793,-75.462,-43.65,-70.245,227.362,0.6305,82.56,1,0,0,1
412,5,-17.189,-39.382,-11.438,-16.603,0.6411,225.727,-4.871,-23.594,-34.455,-2.596,0.2219,12.987,21.387,45.012,18.849,3674.863,0.5116,64.764,1,0,0,1
2183,5,19.393,2.533,24.02,16.534,0.0411,539.865,22.32,5.79,-17.298,22.011,0.1206,686.609,-5.072,-80.07,-2.585,3552.878,0.4853,10.264,0,0,0,0
539,10,-34.968,-25.155,-58.868,-35.167,0.0773,476.99,-8.718,3.835,32.796,-6.485,0.0,205.607,-25.448,27.684,-34.925,2132.134,0.0,21.345,0,0,0,0
1298,5,-10.224,-26.142,-62.155,-8.478,0.561,416.552,-17.966,-21.624,-10.51,-18.626,0.1467,281.779,35.264,262.112,36.505,4293.166,0.8168,98.046,1,0,0,1
1888,3,-11.519,-41.611,-90.116,-12.828,0.4137,211.073,-5.232,-18.051,-55.091,-4.693,0.5176,159.754,51.875,102.911,53.657,638.028,0.8391,74.09,1,0,1,1
1367,10,18.363,-25.436,-36.758,16.026,0.1914,674.745,-9.625,-9.744,-8.353,-7.88,0.0,367.416,-5.411,-131.975,2.016,787.846,0.2441,17.359,0,0,0,0
3942,3,-15.331,0.457,9.297,-15.46,0.099,437.694,-0.267,-27.788,25.074,-1.874,0.24,240.22,8.278,51.368,14.407,3782.559,0.0598,22.645,0,0,0,0
4679,10,-10.96,14.871,-33.0,-11.557,0.1006,259.886,14.886,-4.47,-67.718,14.26,0.0,333.633,4.201,32.87,17.954,3951.362,0.0,14.219,0,0,0,0
4074,5,5.733,1.866,12.201,6.837,0.0377,512.46,-16.415,-29.998,2.007,-15.051,0.1576,174.873,-15.166,226.238,-10.812,5048.06,0.3486,40.204,0,0,0,0
2193,5,3.967,22.785,1.635,1.884,0.0,66.025,-4.728,-5.035,23.164,-3.359,0.2196,522.602,-3.521,75.388,-14.647,1057.441,0.0822,31.602,0,1,0,0
2326,5,-4.615,33.011,-30.151,-1.731,0.1727,444.775,-4.407,9.233,-3.426,-5.129,0.0293,261.335,22.337,77.51,12.066,5687.688,0.0,0.0,0,0,0,0
941,3,13.596,-29.015,-5.809,12.734,0.0,480.298,-0.466,1.182,44.001,-3.832,0.0322,302.091,5.08,164.156,-3.431,6576.495,0.1994,1.857,0,0,0,0
963,3,12.573,13.42,49.617,14.241,0.0385,685.295,5.937,-21.887,17.432,3.206,0.1218,275.901,74.232,102.329,66.078,790.822,0.3537,29.451,0,0,0,0
793,5,16.184,11.451,-34.292,13.516,0.3051,413.946,-21.825,7.913,-17.262,-21.548,0.0594,234.269,-19.948,-19.501,-23.604,2666.864,0.5009,32.983,0,0,0,0
2269,5,-16.492,-39.164,-38.425,-13.636,0.4849,507.33,-5.038,-14.801,-30.294,-5.969,0.334,54.725,-72.783,48.116,-67.884,1009.893,0.8898,47.074,1,0,0,1
1018,10,-0.292,-19.442,-36.116,2.586,0.3541,210.733,9.508,-49.573,10.085,9.119,0.1227,4.091,28.348,34.861,26.95,4691.844,0.3042,59.508,1,0,1,0
1529,3,-19.575,-24.594,-28.557,-19.547,0.37,243.015,-5.864,0.706,-45.112,-7.434,0.3373,131.1,-16.786,-24.702,-25.911,517.963,1.0,53.838,0,0,0,1
2572,3,-23.085,-22.995,-37.442,-23.06,0.5529,250.807,-1.085,-33.862,7.409,4.265,0.189,125.908,19.767,-104.317,17.191,4511.492,0.6615,69.779,1,1,1,1
4181,5,-31.702,-75.43,-37.7,-32.726,0.7914,251.554,-6.689,-20.824,-22.929,-6.427,0.4088,57.585,1.795,-122.243,2.913,5485.85,0.5814,73.101,1,0,0,1
3221,5,30.675,-45.815,31.425,28.401,0.1763,398.077,9.992,11.579,-8.61,10.347,0.0163,118.907,1.92,-111.304,-13.942,2402.548,0.5285,28.758,0,0,0,0
4580,5,-1.106,-45.107,-26.666,1.313,0.4448,540.566,21.046,2.509,-23.164,21.247,0.1182,348.872,-25.463,-6.108,-5.521,4719.959,0.3119,31.059,0,0,0,0
362,10,-18.224,4.102,69.874,-17.27,0.0733,214.279,-8.058,-8.666,-61.113,-5.228,0.0694,493.925,21.288,-144.445,18.311,6652.019,0.1422,25.961,1,0,0,0
390,5,-12.625,-50.443,-79.264,-15.084,0.1969,351.727,-3.056,-12.26,5.322,-0.309,0.283,229.215,-49.015,-151.229,-56.955,2535.484,0.5122,60.102,1,0,0,1
754,10,-11.535,5.438,-72.985,-10.954,0.0127,117.629,0.79,7.466,-26.166,0.459,0.0942,561.345,-70.433,-137.798,-74.759,1958.322,0.2706,0.0,0,0,0,0
3844,5,0.326,-3.079,-24.299,3.703,0.0463,98.017,4.959,0.757,47.166,3.455,0.2251,369.918,8.052,30.937,-0.49,6855.241,0.1512,0.0,0,0,0,0
1214,10,5.412,-1.261,-25.393,7.37,0.0,247.474,11.362,4.575,33.694,14.542,0.1154,429.851,0.21,112.506,0.545,2913.259,0.3053,29.244,0,1,0,0
4123,5,-0.233,-3.053,-15.282,-3.037,0.0913,768.071,4.46,3.458,-17.325,3.428,0.2557,171.884,-7.587,75.202,-12.638,3787.843,0.2314,31.022,0,0,0,0
4880,10,-18.522,-48.087,-30.597,-14.091,0.4325,238.623,-3.254,-11.529,-17.177,-2.985,0.2713,14.958,-11.139,30.118,-16.922,5380.998,0.6143,80.12,1,0,0,1
4364,3,-10.351,-18.789,-68.312,-8.928,0.4556,345.836,-16.3,-21.349,-32.027,-14.578,0.3436,147.3,-16.96,4.013,-22.63,4469.474,0.9332,77.731,0,0,1,1
3058,3,-0.819,-2.148,-3.811,2.728,0.0991,404.632,-18.589,-19.035,2.568,-15.393,0.0587,277.738,-21.817,153.484,-36.971,3708.556,0.2092,17.364,0,0,0,0
257,3,-19.842,-34.78,-68.292,-18.441,0.7778,254.897,-14.016,-6.207,-35.827,-14.286,0.3998,154.165,-4.886,-215.133,-0.536,975.639,0.6285,90.704,1,1,1,1
3548,10,-17.496,-12.92,31.028,-17.829,0.0005,469.15,-1.577,-31.848,59.453,-2.176,0.0763,192.777,-16.016,-53.56,-13.953,3243.319,0.2576,0.0,1,0,1,0
215,5,11.353,-7.349,-34.783,9.922,0.2256,185.033,-23.615,7.413,41.181,-24.367,0.0,268.242,-9.51,80.646,6.633,5752.162,0.3144,16.409,0,0,0,0
929,5,-21.43,-34.584,-17.02,-24.911,0.4705,404.865,-12.961,-14.59,-33.755,-12.887,0.3119,100.307,-44.711,-87.812,-36.164,289.619,0.6887,84.103,1,0,0,1
109,5,11.091,4.526,-15.436,11.652,0.0,745.075,10.627,-28.508,-11.892,13.792,0.0179,377.118,74.033,97.579,69.734,1591.709,0.2727,2.186,0,0,0,0
4976,5,-22.364,-68.65,-38.655,-23.304,0.4384,183.573,-18.584,-29.237,7.508,-14.876,0.4081,173.867,48.606,-89.342,44.534,2593.54,0.578,57.966,1,0,1,1
4065,3,-19.552,-14.965,38.804,-18.004,0.0133,768.526,-20.653,-4.555,17.945,-17.981,0.0,381.806,-56.357,152.077,-63.75,4814.011,0.1912,9.75,0,0,0,0
1840,5,-1.063,-51.392,-12.637,0.523,0.4545,444.741,3.201,-25.157,-45.544,-0.405,0.1018,6.249,-35.448,-136.136,-22.104,4935.168,0.4229,58.388,1,0,1,1
3046,10,-12.045,-43.656,-46.042,-12.954,0.2033,619.118,-7.814,-9.693,-17.906,-6.706,0.0196,177.858,14.394,-188.545,13.693,4525.473,0.167,0.0,1,0,0,0
797,3,-9.533,-8.222,39.771,-10.315,0.0,321.807,5.843,-13.077,25.857,5.959,0.0417,600.191,5.528,-48.979,-1.265,5609.447,0.2057,0.0,0,0,0,0
1019,5,-14.732,11.396,33.269,-14.01,0.0,554.562,7.195,2.759,-46.87,6.484,0.0372,113.343,-67.319,57.249,-80.148,4823.85,0.6203,32.706,0,0,0,0
935,10,-36.778,32.349,16.514,-38.163,0.0596,324.534,4.095,3.266,-7.155,2.938,0.0213,289.995,-1.487,-46.03,8.277,4466.711,0.2923,24.189,0,0,0,0
1287,3,5.942,-17.507,-22.881,6.308,0.1088,159.508,2.407,38.519,-6.193,0.792,0.0255,395.162,17.936,13.729,4.736,6968.26,0.2237,0.0,0,0,0,0
1604,5,-15.591,-47.781,-60.864,-18.814,0.9367,35.442,-10.158,-21.577,-14.494,-9.495,0.4596,292.634,-77.028,-76.744,-73.953,5621.016,0.6989,100.0,1,1,0,1
4081,10,-6.137,-12.571,23.395,-5.146,0.0858,374.065,9.641,-16.909,18.366,8.124,0.0004,192.645,13.513,-64.041,3.54,3661.528,0.0,0.0,0,0,0,0
2895,5,-3.487,1.023,-8.057,-2.811,0.0,591.76,10.395,-9.597,19.398,9.166,0.1377,130.81,-6.983,86.321,-4.414,3446.111,0.0761,0.0,0,0,0,0
4286,3,-6.699,-5.03,57.107,-7.664,0.0215,647.615,5.984,-17.294,-9.8,4.95,0.0,289.985,21.353,-9.754,22.602,5055.047,0.0,0.0,1,0,0,0
695,5,-30.753,-47.304,-19.251,-29.6,0.7308,42.806,-7.983,-32.862,-16.227,-7.948,0.2794,188.459,-103.81,63.022,-108.784,1276.276,1.0,31.97,0,0,1,1
402,3,-19.95,-34.982,-31.993,-23.232,0.1163,215.679,-10.317,-23.851,1.32,-11.25,0.2739,29.63,-84.841,-95.158,-83.007,3852.172,0.4088,22.212,1,1,0,1
2354,5,-19.95,-60.685,-49.191,-18.908,0.4793,462.838,-6.852,-15.037,-18.165,-4.222,0.4202,56.02,26.098,-7.53,21.491,4711.794,0.6591,41.282,1,0,0,1
1219,10,-0.002,-29.461,-64.771,-2.577,0.3424,618.532,-14.413,-1.505,2.082,-12.76,0.0422,400.276,25.97,99.448,25.012,4015.741,0.5649,87.224,0,0,0,0
1109,5,-9.334,-22.468,-12.184,-9.185,0.0,383.605,-1.605,41.186,-43.204,-1.318,0.0,211.175,27.117,-114.736,19.149,8005.156,0.0503,21.582,1,0,0,0
930,5,5.361,18.971,-32.328,7.579,0.0,770.692,-1.499,-31.032,-21.534,-0.083,0.2733,82.12,10.043,34.76,3.935,1816.17,0.5072,23.382,0,0,0,0
1650,5,-12.651,-3.335,-100.0,-10.403,0.4176,109.244,-19.454,-12.419,7.818,-20.861,0.103,186.657,-78.775,-180.441,-78.593,3566.322,0.7435,89.303,1,0,0,1
830,3,23.974,44.57,-11.891,22.095,0.0368,301.275,9.628,-32.527,12.666,9.351,0.0,386.713,-116.003,-100.167,-119.362,392.575,0.2361,24.37,0,0,0,0
4670,10,-19.917,-70.461,-32.701,-20.472,0.637,392.609,-6.035,-35.099,2.996,-8.811,0.3657,89.848,-55.902,-190.431,-60.367,2872.348,0.6037,68.476,1,0,0,1
4973,5,6.318,-20.187,-6.918,4.519,0.0531,559.926,9.969,5.271,26.384,11.63,0.0,342.896,2.028,-92.26,7.978,7873.765,0.3857,15.275,0,0,0,0
3272,10,35.131,27.699,1.537,35.629,0.0925,700.011,9.937,7.126,56.192,9.493,0.1465,559.293,-52.261,38.895,-55.08,6715.914,0.1372,8.733,0,0,0,0
1873,10,16.392,-21.105,-33.935,17.359,0.043,399.448,19.293,-44.986,24.52,19.46,0.154,213.43,30.342,115.332,36.855,1439.613,0.1413,43.977,1,0,0,0
3872,5,-2.411,-32.067,-3.89,-2.741,0.0843,567.68,-29.899,3.851,33.05,-26.767,0.0,317.814,-0.05,37.453,-2.698,3584.378,0.4466,25.867,0,1,0,0
2365,3,-16.415,0.925,36.403,-15.127,0.0397,354.533,-24.249,5.902,12.413,-25.761,0.0,332.955,14.531,178.847,23.685,1717.424,0.3678,7.743,0,0,0,0
2983,10,11.515,0.662,17.778,15.099,0.1326,354.479,12.492,6.399,-11.781,12.513,0.1082,287.996,-11.055,16.817,-17.858,9111.494,0.0,14.556,0,0,0,0
609,3,14.365,-12.472,14.871,13.857,0.0,248.753,5.098,9.27,44.806,6.962,0.0887,397.688,-7.063,-110.081,-15.453,3427.117,0.1929,21.461,0,0,0,0
4238,10,-2.707,-12.137,-41.569,-7.584,0.2098,503.74,-14.03,7.239,63.043,-17.694,0.0359,61.039,-23.333,-0.517,-20.868,6835.369,0.1948,29.586,0,0,0,0
2198,10,-20.166,-29.727,-21.71,-22.151,0.484,185.792,3.312,-10.727,-19.998,2.21,0.1848,88.534,-26.097,-68.037,-28.465,4936.566,0.838,65.86,1,0,0,1
3356,5,-12.917,-35.026,-47.456,-12.008,0.844,538.822,-19.056,-5.554,-31.849,-20.563,0.2807,9.928,-37.231,31.671,-28.765,3127.784,0.5624,60.23,1,0,0,1
2332,3,11.386,2.428,44.189,8.286,0.0017,461.642,2.07,0.752,11.634,3.309,0.036,194.153,-20.426,-11.622,-20.71,3075.844,0.0554,46.908,0,0,0,0
2049,3,24.38,71.717,100.0,24.673,0.0775,455.112,7.186,4.942,-18.603,6.853,0.0544,433.105,-3.54,-19.115,-7.985,9398.07,0.1599,22.908,0,0,0,0
4480,10,-4.686,9.832,22.428,-2.735,0.1401,614.838,1.661,-1.021,-11.761,0.725,0.0,186.718,-38.796,-48.601,-33.865,2081.569,0.2044,0.0,0,0,0,0
419,3,14.894,-26.609,-15.122,15.276,0.3132,443.652,2.782,-12.665,25.98,2.04,0.0,563.768,-32.908,63.361,-18.17,411.197,0.4498,11.867,0,0,0,0
4355,5,-30.335,18.809,4.815,-31.245,0.1286,336.063,-1.958,21.393,3.537,-3.067,0.1391,45.515,23.286,-76.865,32.664,2037.989,0.4104,7.496,0,0,0,0
629,3,34.305,20.99,12.137,33.228,0.0,474.839,2.193,12.265,53.908,1.896,0.0982,252.083,13.782,-79.406,10.671,2461.776,0.276,20.117,0,0,0,0
1715,3,2.903,-14.181,-84.484,1.644,0.0693,159.191,-34.046,14.957,5.286,-32.117,0.0,350.196,18.896,39.162,12.643,666.038,0.2019,33.088,0,0,1,0
2880,5,-32.372,-28.841,-63.159,-29.905,0.7801,301.855,-0.198,-26.001,-31.278,-2.192,0.3313,103.301,-3.613,26.97,-17.042,1686.609,0.4721,73.443,1,0,1,1
2777,3,-15.203,10.928,35.338,-15.084,0.0394,539.589,-4.589,3.632,-56.895,-2.845,0.279,533.434,-52.4,-104.433,-53.736,4156.971,0.3358,20.207,0,0,0,0
3976,3,-31.238,-29.762,-34.266,-32.308,0.3271,181.24,-1.364,8.768,-28.67,-0.083,0.0,20.012,-8.515,-88.079,-18.623,6667.044,0.3679,58.612,0,0,0,0
122,3,8.939,-16.383,-84.483,7.947,0.0643,477.938,-7.516,14.765,-12.432,-10.065,0.163,242.111,17.125,-80.867,37.423,3375.607,0.0281,0.0,0,0,0,0
809,3,-1.498,5.536,57.628,-3.783,0.1177,590.824,-14.707,-3.881,-10.214,-15.379,0.0084,247.516,-21.373,90.786,-26.145,941.169,0.0459,8.006,0,0,0,0
291,10,13.837,51.268,1.171,14.174,0.3146,76.005,1.686,27.026,-21.674,1.497,0.0903,127.75,-14.905,123.975,-27.274,6559.769,0.3843,0.0,0,0,0,0
3187,10,26.827,-16.406,3.489,29.25,0.1693,634.644,5.432,3.796,-27.531,6.235,0.0361,135.561,17.421,-15.416,19.262,1213.469,0.1162,11.425,0,1,0,0
1074,3,1.376,-18.346,-26.099,4.314,0.3535,396.097,-12.81,-16.356,-24.127,-13.975,0.3373,176.074,-56.192,68.526,-64.011,4620.411,0.8896,59.693,0,0,1,1
4416,10,8.182,3.298,-22.746,8.193,0.0566,166.09,-8.961,25.76,20.855,-5.514,0.0,276.141,-10.39,21.984,-18.761,5741.479,0.0,2.931,0,0,0,0
2940,5,-18.961,-3.152,5.566,-15.943,0.1622,780.395,-15.766,-28.414,-13.306,-12.662,0.2156,340.534,-2.5,51.599,-10.644,2223.791,0.357,21.662,0,0,0,0
4934,10,0.375,18.425,60.174,1.234,0.0,136.576,18.344,-20.25,-11.107,17.711,0.0827,191.577,27.348,1.482,15.506,4860.942,0.4569,16.801,0,0,0,0
3943,3,3.746,-36.908,-33.257,5.207,0.1484,107.906,1.115,-1.112,-0.821,-0.81,0.0276,471.338,35.141,-75.548,30.255,2293.413,0.2602,9.057,0,0,0,0
3839,5,-6.784,-57.953,-100.0,-7.236,0.4745,326.124,-10.238,-6.931,-4.766,-11.002,0.2284,35.505,-1.901,70.212,5.345,7847.868,0.7787,62.123,1,0,0,1
805,5,12.445,24.778,1.403,13.205,0.0,284.922,-1.794,-2.75,-25.719,-0.832,0.054,19.858,-25.299,10.586,-28.948,1360.323,0.2113,32.684,0,0,0,0
4564,10,-9.078,-16.522,-5.671,-7.541,0.7379,169.181,-3.404,-16.446,-29.519,-2.138,0.6897,151.788,-1.513,105.888,-5.464,2323.797,0.7845,49.757,1,0,0,1
2448,10,-22.366,-4.699,-22.02,-21.053,0.1299,299.893,-7.777,-20.256,57.069,-5.973,0.1698,155.811,-10.135,157.8,-1.177,4640.524,0.0,0.0,0,0,0,0
4518,10,8.014,2.445,-39.115,9.037,0.115,560.878,11.548,7.565,-4.553,10.983,0.0426,164.77,17.106,78.931,24.181,294.523,0.2345,18.651,1,0,0,0
3305,3,-11.219,4.459,14.349,-10.615,0.1295,764.996,13.368,-36.047,53.708,8.924,0.0335,271.645,-1.186,-85.397,-6.827,4293.652,0.2029,26.345,1,0,0,0
2404,3,-14.144,-13.699,-5.007,-12.247,0.0,93.756,11.224,-8.434,23.334,10.27,0.0,74.125,39.757,-54.749,30.973,4418.099,0.2176,0.0,0,0,0,0
333,5,2.573,37.968,-16.438,4.124,0.2301,332.01,-3.668,15.524,21.675,-5.07,0.0743,299.556,-24.98,0.792,-20.403,3085.069,0.0622,11.974,0,0,0,0
1071,10,-5.298,-4.752,17.434,-4.22,0.0757,410.165,0.953,25.634,5.136,2.281,0.174,233.693,-7.685,4.326,-5.384,2623.466,0.1726,9.73,1,0,0,0
716,10,8.861,52.503,29.478,12.595,0.0,531.322,-1.341,-9.948,24.902,-5.4,0.1966,23.225,30.639,-111.37,34.427,1806.944,0.0,31.305,0,0,0,0
4331,5,-7.749,-12.597,-84.899,-6.642,0.4971,387.723,9.28,-10.765,-42.038,9.173,0.619,152.498,-31.369,-3.832,-30.592,3994.128,0.7251,58.432,1,0,0,1
1251,3,-28.476,-69.218,-10.717,-29.242,0.1062,24.065,1.539,-22.665,-42.637,-1.165,0.3712,241.966,-16.282,-62.46,-5.401,770.336,0.2806,84.506,1,0,1,1
1276,3,-13.823,-29.714,-81.545,-18.691,0.5728,174.386,-7.775,-6.522,-24.621,-6.159,0.4105,141.822,-7.366,-150.079,-4.638,1926.476,0.6337,67.524,1,0,0,1
588,5,-3.52,27.689,-22.699,-2.192,0.0,324.658,18.204,-10.027,44.307,16.762,0.1911,154.759,-0.042,-70.442,2.548,8391.563,0.15,3.56,0,0,0,0
1706,10,-10.139,-26.312,-46.754,-11.354,0.0769,274.63,-18.276,-2.412,-14.247,-17.557,0.0494,659.82,8.631,-89.839,11.013,5394.815,0.0,0.0,0,0,0,0
1228,3,20.83,17.939,-39.424,21.616,0.161,558.618,2.063,1.432,-1.03,2.758,0.0567,167.522,-34.677,-26.108,-18.05,5018.403,0.4291,26.376,0,0,0,0
2025,3,-27.789,-14.833,-77.378,-28.658,0.597,204.044,5.085,-35.287,-7.219,4.049,0.0,205.985,17.062,-107.123,30.192,3052.626,0.8205,94.273,1,0,0,1
4349,5,-17.33,17.089,-26.045,-14.343,0.0,279.68,-17.667,38.624,29.47,-20.639,0.036,308.285,-21.794,-39.757,-24.572,2549.975,0.5696,34.463,0,1,0,0
4497,3,2.93,-0.894,56.915,4.39,0.1075,605.311,4.121,0.226,-16.392,3.582,0.0,218.38,-28.859,52.731,-30.581,1571.043,0.3368,13.956,0,0,0,0
2851,10,9.683,22.895,20.312,8.124,0.0116,403.681,0.222,21.432,6.594,-0.717,0.1925,165.632,-47.17,144.84,-33.977,4319.918,0.3602,19.932,0,0,0,0
2997,3,22.638,-2.47,-0.18,23.21,0.0267,296.088,24.601,-16.943,40.443,25.002,0.1889,176.892,-54.206,-83.942,-68.293,1094.322,0.1199,0.0,0,0,0,0
1879,5,-19.48,-31.093,-62.597,-18.166,0.4318,313.411,-17.327,-0.742,-28.169,-19.473,0.276,113.137,-39.649,76.637,-38.32,5835.237,0.6191,91.461,0,1,0,1
772,5,23.142,-2.765,6.26,24.398,0.0014,290.527,2.431,10.771,14.733,1.31,0.1677,191.101,-1.015,-107.083,-3.953,3382.341,0.0,30.945,0,0,0,0
2271,10,0.556,25.509,17.659,0.769,0.1923,635.481,0.725,16.836,-16.596,2.083,0.1272,194.483,-50.826,193.279,-63.738,946.19,0.0665,22.272,0,0,0,0
457,5,-5.25,37.589,34.914,-8.134,0.043,497.079,-8.693,14.88,44.818,-4.534,0.0,184.245,-28.998,118.227,-27.151,6483.967,0.144,0.0,0,0,0,0
393,10,-35.145,-36.003,-54.034,-32.418,0.5502,82.504,-11.797,-26.276,-52.987,-11.409,0.0936,71.192,-12.112,-39.503,-6.759,278.563,0.6379,65.757,0,0,0,1
3239,5,-17.178,-24.75,2.449,-18.103,0.1359,600.139,-3.831,21.895,17.631,-7.056,0.0562,175.164,-16.89,78.814,-29.742,2604.122,0.102,17.693,0,0,0,0
2360,10,-25.459,-18.815,31.939,-23.482,0.0734,509.206,5.947,-17.378,-62.888,4.323,0.0004,379.303,-3.038,-139.049,-2.477,2593.427,0.2229,19.696,0,0,0,0
1878,3,8.482,-32.876,-31.927,8.622,0.3029,164.105,-29.797,0.798,-4.905,-28.001,0.1795,201.732,48.899,-11.287,48.986,1134.433,0.4825,32.877,0,0,0,0
170,5,-8.235,26.865,-54.724,-4.36,0.0203,374.852,-16.39,-5.957,14.363,-14.061,0.103,378.202,38.607,95.407,46.199,4025.767,0.3633,23.702,0,0,0,0
2328,5,-13.596,56.558,-55.895,-14.473,0.0093,576.49,-7.484,16.859,4.918,-8.867,0.0,156.125,11.697,88.406,31.956,4838.779,0.0946,25.796,0,0,0,0
1831,3,35.058,-3.103,-26.273,36.315,0.1222,580.956,-18.682,-50.586,8.221,-21.487,0.2071,0.517,46.084,111.316,32.355,1226.743,0.0,14.383,0,0,0,0
4551,3,-16.86,-34.104,-33.03,-15.949,0.1247,312.989,3.963,-20.766,45.065,3.971,0.1287,396.752,-20.736,73.544,-28.396,3435.724,0.0412,13.27,0,0,0,0
4764,10,-8.013,1.376,-6.028,-8.957,0.1424,391.485,-0.807,-10.214,57.897,-0.687,0.0126,41.81,49.894,-15.888,52.518,8165.231,0.1724,25.523,0,0,0,0
3595,3,4.124,10.784,23.703,3.908,0.1915,429.185,25.286,6.563,20.595,23.333,0.0992,483.799,-46.225,9.762,-47.759,4259.472,0.0,25.78,0,0,0,0
2239,10,-14.642,-29.409,-54.086,-14.825,0.8608,3.735,-2.379,-1.06,-71.749,-2.918,0.2266,183.604,-63.131,-56.111,-72.588,4002.432,0.7215,85.815,1,0,0,1
2969,3,-18.172,-52.064,-73.123,-11.636,0.3709,203.546,-8.722,-1.832,-33.148,-9.759,0.3322,262.831,24.596,161.306,30.168,2697.175,0.5222,74.14,1,1,1,1
3672,5,-9.372,-42.75,31.058,-8.137,0.0413,294.25,-7.075,-3.129,-31.882,-5.106,0.1308,264.517,-50.104,7.0,-55.565,2434.215,0.0,49.148,0,0,0,0
1032,10,-13.494,-38.479,-76.29,-12.633,0.6973,323.045,-6.316,-5.361,-39.321,-5.721,0.3166,295.341,-28.675,-111.018,-40.527,2429.742,0.9184,86.074,1,0,0,1
2335,3,-30.891,17.873,-24.165,-28.66,0.0,311.398,6.532,0.59,45.735,3.976,0.042,296.624,7.856,99.379,-6.49,7104.731,0.5104,9.01,0,0,0,0
3106,5,26.316,17.019,11.086,25.783,0.1056,227.321,10.288,13.143,-42.39,13.251,0.0,342.058,-1.526,2.197,-16.732,3344.299,0.3457,16.288,0,0,0,0
4421,5,-7.674,20.584,20.774,-5.656,0.1801,171.886,2.617,18.812,-11.829,-0.021,0.1243,355.143,-20.798,147.889,-20.207,5582.701,0.3485,18.106,0,0,0,0
3096,10,7.065,-31.552,-15.493,7.382,0.5727,721.912,7.235,26.931,-5.415,6.814,0.2245,398.283,-12.793,-106.804,-7.124,1507.526,0.0631,43.824,0,0,0,0
2238,5,-11.978,-62.284,-63.969,-10.003,0.4062,122.245,-11.294,-22.418,-17.879,-10.389,0.2686,139.742,18.254,55.493,20.329,810.911,0.6349,69.768,1,0,1,1
64,10,4.403,33.029,13.088,5.981,0.1128,766.823,13.069,28.89,3.663,12.211,0.0993,316.658,43.62,-48.904,43.331,4677.425,0.0273,9.152,0,0,0,0
1729,5,1.54,4.808,28.431,-0.08,0.0691,419.859,-12.153,-15.133,39.734,-16.155,0.0,6.048,43.025,-76.896,44.639,3797.482,0.2478,0.0,0,0,0,0
739,10,-1.88,-4.929,-17.384,-2.019,0.0736,433.023,12.972,-10.405,15.439,14.732,0.0563,70.869,-53.077,-18.489,-70.361,7132.608,0.4172,1.828,0,0,0,0
4058,5,-8.29,-16.898,-37.337,-8.153,0.3361,255.807,10.472,-28.003,-60.567,11.402,0.0549,96.891,-63.09,38.025,-44.444,2371.631,0.8162,96.263,1,0,0,1
166,3,14.34,-23.609,-41.94,13.391,0.0,518.318,23.041,20.015,77.162,23.472,0.1511,361.284,1.423,-71.777,-3.89,4979.434,0.0,3.58,0,0,0,0
1869,5,-0.97,24.288,-2.022,1.799,0.0203,529.202,-4.881,-1.52,34.355,-4.816,0.0,535.547,14.806,197.749,4.839,7089.34,0.3952,21.484,0,0,0,0
4665,5,-13.94,-34.482,-59.237,-14.923,1.0,178.049,-2.896,-38.563,-13.281,-4.493,0.0,317.802,10.803,-32.008,11.024,792.147,0.817,36.99,1,1,1,1
2835,10,23.045,3.041,28.927,24.907,0.0,16.287,1.3,-20.078,-41.695,2.067,0.107,21.583,-28.952,75.912,-24.287,5272.93,0.2459,18.169,0,0,0,0
3371,10,15.546,-26.055,14.842,17.544,0.0,374.911,4.904,-34.739,-33.908,6.364,0.0,375.837,64.156,91.479,67.323,3269.389,0.3005,23.562,0,0,0,0
214,10,-28.894,-66.969,-72.504,-26.432,0.632,295.893,-12.587,-18.0,-12.265,-11.478,0.4883,52.925,17.058,180.872,22.19,482.361,0.7889,70.207,1,0,0,1
61,3,-7.854,-33.307,-27.743,-8.766,0.1135,536.455,-18.986,14.545,-35.053,-18.554,0.0156,539.472,-31.526,-0.318,-35.825,7169.787,0.0,0.0,0,0,0,0
75,10,-3.044,-54.425,14.029,-2.918,0.0295,418.773,-6.537,-39.606,-21.625,-8.147,0.2575,277.498,-30.841,195.206,-35.881,544.816,0.1107,9.357,0,0,0,0
1053,5,-8.037,-51.311,-47.919,-9.054,0.5681,127.27,-21.498,13.497,-16.68,-22.918,0.312,190.036,29.15,-80.96,37.874,8139.784,0.494,75.647,1,0,0,1
4818,5,-10.261,-12.293,11.717,-9.066,0.1849,623.724,11.688,-3.888,28.777,12.084,0.0,335.782,-2.407,15.514,12.721,1440.486,0.1449,38.715,0,0,0,0
3201,5,0.775,-10.341,-60.773,1.901,0.2478,170.23,-12.138,-24.154,18.621,-10.796,0.1765,199.235,28.454,28.412,30.862,3861.084,0.2255,16.031,0,0,0,0
2944,5,-3.26,-47.86,-16.343,-3.836,0.6355,372.57,-7.734,16.272,-14.77,-8.816,0.4353,109.279,43.973,-160.709,35.207,4817.649,0.7735,79.51,1,0,0,1
4157,10,22.248,-49.638,0.669,24.311,0.0,43.133,-1.672,33.466,-11.395,-2.086,0.0,626.551,-13.164,29.615,-10.604,1198.821,0.2103,0.0,0,0,0,0
243,10,-4.138,19.461,14.39,-2.792,0.0,91.207,8.023,-1.824,26.515,7.075,0.0,181.997,-23.894,-9.173,-30.729,5949.58,0.3086,39.36,0,0,0,0
956,5,-36.19,19.623,71.658,-38.462,0.1198,416.361,-0.092,19.836,-34.285,1.624,0.1424,129.211,6.125,19.166,10.79,4632.471,0.2714,47.219,0,0,0,0
3387,3,-31.555,-43.714,-58.455,-30.677,0.5731,184.253,-4.018,-24.437,-26.695,-4.308,0.3719,181.901,54.041,60.396,56.947,2552.473,0.84,79.624,1,0,0,1
3079,3,-10.007,-18.036,-23.702,-10.749,0.238,334.558,8.859,16.701,10.467,6.43,0.0,354.69,54.387,132.461,59.046,4662.942,0.2163,14.641,0,0,0,0
792,3,-30.719,-45.414,-73.717,-33.163,0.4515,29.142,-12.682,-1.731,-32.281,-12.341,0.3343,81.505,-1.615,-180.819,-5.148,4004.647,0.4514,70.371,0,0,0,1
94,5,-20.858,-16.812,-22.94,-21.171,0.6138,100.265,-9.816,-17.749,-14.271,-9.091,0.0392,131.753,36.745,-139.845,41.356,3703.559,0.8794,34.932,1,0,1,1
3502,5,0.499,17.538,-63.594,-1.03,0.181,367.122,12.243,-21.924,-6.213,11.41,0.0742,535.484,69.704,195.404,81.316,2788.267,0.2413,0.0,0,0,0,0
3900,5,-3.125,31.524,-23.643,-2.65,0.0,445.405,8.437,8.891,47.715,8.942,0.2591,545.577,41.315,-0.902,31.35,3472.442,0.2446,5.405,0,0,0,0
4710,5,-7.93,46.934,21.745,-6.281,0.1539,409.354,0.923,-19.665,-4.647,1.051,0.0206,32.744,1.694,-55.927,5.965,3840.361,0.2757,0.0,0,0,0,0
2289,3,-28.193,-39.973,-100.0,-28.756,0.5169,214.767,4.964,-18.752,-30.123,5.544,0.2818,174.589,17.105,-174.359,14.713,2595.341,0.8059,29.525,0,0,0,1
3021,3,-13.662,-47.659,-74.72,-11.184,0.0413,785.102,-25.86,-30.38,24.732,-26.226,0.1719,573.708,18.418,89.007,12.762,8635.219,0.4361,25.577,0,0,0,0
4362,3,13.326,-0.921,-75.631,14.073,0.2713,440.415,-6.187,-19.838,19.587,-8.114,0.1581,148.44,-50.931,-61.699,-60.045,782.336,0.4527,4.916,1,0,0,0
1440,10,3.416,13.793,5.906,2.919,0.2165,474.954,19.809,-21.94,45.465,18.348,0.0157,455.019,7.406,31.675,19.952,6302.37,0.2341,32.294,0,0,1,0
2353,3,-21.613,-35.379,-73.516,-23.921,0.4159,174.986,-14.821,-24.989,-16.473,-15.62,0.3358,270.568,-22.277,86.058,-38.47,2984.26,0.7229,88.336,0,1,0,1
2819,10,-8.894,-8.042,7.56,-7.565,0.1486,204.515,-11.861,-6.754,61.11,-10.933,0.0791,495.171,15.043,26.998,4.816,2109.192,0.3498,15.583,0,0,0,0
2731,3,-13.996,15.678,-56.108,-14.389,0.1186,389.111,-7.455,10.128,-31.998,-9.23,0.0991,434.823,44.871,69.954,45.939,431.517,0.2591,26.883,0,0,0,0
2898,3,7.618,2.518,-54.552,7.907,0.0942,287.999,17.767,13.354,29.306,15.237,0.1039,436.949,-15.906,138.358,-9.693,265.431,0.2442,0.0,0,0,0,0
2461,10,5.81,-14.59,-6.84,3.139,0.0819,257.067,-4.051,-1.625,-16.003,0.064,0.0123,363.36,24.81,150.394,31.281,6065.329,0.2676,29.091,0,0,0,0
2253,3,15.048,-0.144,17.813,14.335,0.068,170.842,33.165,11.682,-26.814,31.767,0.102,325.619,-20.511,-15.194,-10.358,259.504,0.0,36.773,1,0,0,0
1201,10,14.623,-17.07,24.026,13.226,0.0867,380.382,3.916,-8.995,-54.329,3.517,0.2636,189.035,-3.898,-123.292,-6.131,4069.882,0.3087,3.979,0,0,0,0
1346,10,-20.428,-17.209,40.037,-22.425,0.0974,166.312,12.223,5.041,-13.666,13.964,0.0707,425.873,12.055,31.526,-3.51,4075.355,0.1023,61.315,0,1,0,0
2288,3,0.464,-17.392,20.022,1.857,0.0529,393.154,-25.088,-20.628,21.419,-25.419,0.048,105.139,5.25,-80.686,-2.187,2017.479,0.1896,48.478,0,0,0,0
1455,10,16.28,3.944,62.074,14.953,0.1359,304.026,3.988,32.179,4.745,1.968,0.0068,456.363,-14.272,200.45,-12.921,3581.857,0.0543,9.992,0,0,0,0
1844,3,3.032,-0.292,-1.13,1.119,0.1391,1013.331,-13.905,-27.462,-41.514,-11.579,0.0,142.321,2.757,73.112,5.675,2333.501,0.2758,13.81,1,0,0,0
3107,3,-10.185,-47.954,-22.348,-6.314,0.6192,134.173,-19.369,-42.503,-3.288,-20.298,0.3205,176.498,22.743,137.833,29.212,5148.294,0.805,48.568,1,0,1,1
1583,10,16.96,-8.942,-13.069,19.936,0.0035,357.134,3.829,-7.186,-9.009,2.365,0.0246,176.001,19.153,-100.787,24.289,1499.827,0.1829,0.0,0,0,0,0
35,3,7.652,2.841,-9.436,9.092,0.0752,514.877,17.262,-25.267,-38.46,17.769,0.0641,344.436,32.264,120.994,27.931,5307.918,0.2619,20.343,0,0,0,0
1934,5,-10.695,-19.913,-10.941,-15.18,0.321,280.376,8.678,-16.771,-23.99,5.692,0.1782,206.325,-4.754,-19.347,0.866,187.981,0.6541,45.39,1,0,0,1
3949,5,-13.65,-6.052,9.26,-15.561,0.0494,506.764,12.479,9.163,26.136,9.705,0.0,465.631,11.445,-222.449,2.357,2021.941,0.241,16.035,0,0,0,0
66,10,-11.086,-27.479,2.349,-13.275,0.6048,189.225,-0.475,-22.001,-36.2,2.795,0.4606,124.001,-33.489,-99.883,-28.949,6206.22,0.6232,71.319,1,0,0,1
4883,10,12.158,14.972,16.276,12.418,0.0965,418.31,-16.043,7.804,31.265,-13.766,0.043,323.823,45.587,-109.278,43.506,2814.501,0.2833,6.454,0,0,0,0
3689,5,-11.077,-61.483,-67.421,-10.266,0.599,129.447,-8.219,3.788,-39.006,-10.692,0.4688,37.203,-10.401,-48.084,-4.577,374.361,0.832,58.316,1,0,0,1
2395,10,25.345,-12.269,-8.439,26.634,0.0,175.685,7.563,-1.802,-48.643,8.66,0.0147,332.846,39.751,38.381,38.123,4576.474,0.1895,32.845,0,0,0,0
909,3,-4.223,-54.192,-63.692,-4.222,0.0135,218.494,11.443,3.245,-27.739,11.323,0.0939,547.305,18.706,-34.609,27.098,7033.661,0.039,18.605,0,0,0,0
1364,10,-23.164,-10.27,-88.807,-19.324,0.4719,213.132,-14.71,-8.25,-21.581,-12.043,0.511,185.843,-36.893,-252.964,-35.785,3599.09,0.4866,53.256,1,0,0,1
2885,5,-8.29,-35.767,-100.0,-7.876,0.6226,291.58,-14.796,-24.878,-61.002,-13.702,0.3061,103.774,-69.582,-148.453,-71.226,2756.0,1.0,77.626,0,0,0,1
784,5,-30.957,-39.736,-8.553,-31.262,0.2205,292.704,1.801,-3.771,-4.845,1.894,0.5138,148.514,-44.062,-74.401,-43.802,3874.687,0.6048,39.3,0,0,0,1
2410,3,4.961,35.302,29.311,6.906,0.1508,390.051,10.049,-8.361,-18.756,10.779,0.116,225.533,-2.943,-9.545,-3.131,1841.478,0.1678,20.985,0,0,0,0
2006,5,-13.541,11.81,-6.767,-15.926,0.2834,464.525,-1.941,-30.731,-57.413,-1.534,0.0168,79.979,-73.618,-25.268,-76.396,2999.898,0.4009,34.008,0,0,0,0
1153,3,-13.94,-16.589,-9.715,-15.625,0.3609,499.493,-22.908,-27.433,-48.082,-23.375,0.1751,66.716,14.954,-32.624,14.619,1768.164,0.9994,48.687,1,0,0,1
636,3,-9.312,-48.292,-14.086,-8.568,0.1034,232.819,-31.03,-8.57,-11.657,-32.031,0.0,534.529,2.775,113.518,12.672,2475.764,0.1645,25.558,0,0,0,0
4004,5,-4.576,2.274,19.681,-4.348,0.0072,304.919,-1.491,8.437,-15.123,-2.0,0.1338,267.916,-12.06,-76.385,-23.968,1831.84,0.0344,18.827,0,0,0,0
3535,10,-1.3,-17.855,-13.47,-0.449,0.0698,181.773,3.768,-4.619,3.21,3.464,0.154,267.01,12.91,-32.687,11.917,4864.952,0.1904,0.0,0,0,0,0
2161,5,-24.118,31.672,-17.755,-24.901,0.0,153.895,-6.247,-11.432,17.829,-2.777,0.1005,294.113,69.038,-5.316,66.028,3157.242,0.2292,30.831,0,0,0,0
3766,3,-15.342,20.08,3.399,-14.268,0.2399,224.551,2.327,2.976,3.901,1.983,0.0717,95.633,22.36,-54.49,21.237,3802.795,0.2145,18.843,0,0,0,0
2132,5,7.335,-22.024,36.216,7.015,0.0,259.125,-12.219,1.014,-16.856,-9.95,0.0166,306.611,-8.9,-84.42,-14.523,848.601,0.2204,27.174,0,0,0,0
218,3,-21.455,3.537,64.584,-22.999,0.0635,662.529,46.389,22.169,71.83,45.564,0.1272,305.816,-1.773,47.063,5.485,6891.488,0.1096,11.21,0,0,0,0
566,10,28.043,-24.255,-0.134,27.995,0.1383,512.893,-20.858,31.71,0.857,-18.384,0.0309,462.721,-8.195,-6.359,-10.032,5023.296,0.3671,0.905,0,0,0,0
1386,5,15.748,-5.066,59.567,13.453,0.1275,646.937,10.735,-15.608,27.221,14.16,0.0568,421.331,62.79,-144.343,60.233,7730.834,0.3573,27.473,0,1,0,0
2298,5,-24.677,-33.238,-48.371,-24.621,0.6391,122.636,-10.44,-20.417,-17.275,-9.383,0.6828,50.619,-61.048,-6.265,-63.423,3305.825,1.0,99.416,0,0,0,1
1159,3,5.512,-22.617,-7.308,4.31,0.218,131.023,12.323,44.673,32.417,11.449,0.0155,42.159,23.152,63.522,24.751,1904.989,0.0,20.651,0,0,0,0
3935,3,-25.078,-12.185,-100.0,-26.661,0.8821,125.024,-15.158,-32.043,-1.143,-14.084,0.2828,32.19,-36.593,2.22,-43.901,3611.4,0.7022,35.605,0,1,0,1
625,3,22.647,-23.937,-63.476,24.039,0.44,213.619,10.409,-13.824,-10.521,12.553,0.0102,130.913,51.087,-74.218,47.361,7643.269,0.6582,72.51,0,1,0,0
3312,3,-3.083,-11.484,30.056,-5.639,0.0656,325.162,-17.246,29.43,-29.23,-15.587,0.0542,256.787,27.333,69.509,21.638,6741.341,0.0973,0.0,0,0,0,0
3342,3,-4.676,-33.589,-25.363,-1.744,0.1729,166.6,-10.861,-13.112,26.293,-11.958,0.0,265.634,38.782,120.353,45.842,3458.477,0.0736,17.613,0,0,0,0
3730,10,-25.138,-4.681,-24.861,-24.25,0.0,344.831,-0.255,-10.439,18.484,-1.514,0.0,403.743,-20.339,120.054,-29.043,7180.609,0.0376,35.022,0,0,0,0
845,10,10.285,18.144,-45.812,10.15,0.0493,457.439,-12.469,-14.586,18.83,-12.986,0.0567,263.257,-12.516,122.434,-17.093,6054.244,0.0997,17.949,0,0,0,0
3132,5,-5.218,-43.839,-50.59,-3.604,0.3828,35.258,-9.951,7.837,3.173,-9.318,0.063,173.076,14.517,94.461,23.006,1754.9,0.3526,47.027,0,0,0,0
1790,5,1.989,11.661,7.528,-0.621,0.2043,360.952,-14.942,-25.331,18.118,-15.395,0.0,440.787,9.509,7.452,3.608,4322.326,0.0674,10.305,0,0,0,0
2362,5,8.69,3.319,-19.696,6.826,0.0,346.09,-3.508,16.978,-48.8,-0.29,0.0,403.378,-48.707,93.584,-52.694,8934.857,0.3071,11.586,0,0,0,0
1898,3,-35.184,-19.312,-100.0,-34.712,0.0735,159.803,9.484,8.715,-15.374,8.865,0.2046,203.017,15.847,-47.664,8.753,2515.602,0.2458,11.851,0,0,1,0
1435,5,12.17,5.165,51.745,14.903,0.0933,681.326,17.798,-11.261,11.051,17.015,0.2175,564.683,-54.006,13.421,-51.615,679.157,0.3228,5.244,1,0,0,0
4728,3,1.144,-7.941,8.371,-0.258,0.0069,148.322,6.468,14.686,-23.466,6.935,0.0397,92.061,-57.008,105.852,-68.605,4156.348,0.172,22.857,0,0,0,0
1612,10,23.057,30.713,-24.304,19.881,0.0,537.162,7.073,5.897,44.047,8.19,0.1112,214.818,-4.816,-31.365,3.742,6263.776,0.218,0.0,0,0,0,0
2425,5,-14.871,23.318,69.707,-16.458,0.3112,361.635,-4.964,-0.875,9.067,-4.108,0.0702,442.863,-0.098,25.709,-2.448,2034.974,0.0,28.587,0,0,0,0
4581,3,3.65,-54.414,-54.046,3.693,0.2351,303.995,-18.754,-5.921,4.409,-18.978,0.1484,421.132,-22.4,51.43,-26.037,501.527,0.4953,28.668,1,0,0,0
4672,10,-20.904,-19.862,-89.51,-22.703,0.8916,147.721,10.824,-3.278,-2.145,12.559,0.3076,129.625,16.116,-24.46,7.517,2728.532,0.8832,97.548,1,0,0,1
2494,10,-11.864,19.657,15.968,-9.277,0.0509,433.864,-13.031,-13.024,-40.884,-15.603,0.1465,390.659,-22.523,26.708,-10.158,1022.322,0.2237,0.0,0,0,0,0
4967,3,-19.274,-45.195,-80.465,-18.56,0.5242,136.114,-9.752,-3.082,9.274,-9.018,0.5877,109.683,-36.285,-39.982,-37.402,3810.963,0.6235,56.347,0,0,0,1
3978,5,-23.208,-38.463,-50.304,-19.044,0.4077,349.73,-1.81,-28.72,-5.396,-3.452,0.6104,173.48,-8.895,-13.96,-13.448,1263.634,0.5746,95.121,1,0,0,1
1103,10,-13.776,-59.516,-35.759,-16.77,0.4058,262.197,-4.989,-34.656,-41.062,-7.348,0.5028,113.21,-36.089,-79.011,-38.885,4826.521,1.0,47.154,1,0,0,1
3119,5,16.225,-35.494,32.483,18.318,0.026,310.695,11.803,2.323,-12.302,10.91,0.0,479.513,-26.984,134.624,-27.187,646.606,0.4232,8.22,0,0,0,0
3175,3,9.585,5.924,-4.105,10.284,0.239,460.315,7.589,10.142,-32.555,6.424,0.1485,403.867,-38.118,158.775,-50.593,282.867,0.0,20.514,0,0,0,0
4785,5,12.77,-12.856,44.275,14.959,0.1146,313.524,11.254,-20.342,-25.053,8.638,0.0,60.858,-30.619,-39.347,-24.739,2723.049,0.0363,25.523,0,0,0,0
857,5,-5.399,11.005,-12.489,-3.714,0.0358,447.938,0.661,-12.721,-2.479,-0.25,0.0,235.319,-52.724,33.33,-51.465,5093.118,0.2237,10.331,0,0,0,0
1527,3,-6.699,-24.887,-91.539,-10.054,0.0,378.55,7.368,29.829,-32.917,7.537,0.0,341.289,-4.022,8.294,-0.767,5155.391,0.0888,0.0,0,0,0,0
1050,10,-22.712,-49.597,-67.52,-23.263,0.742,226.133,-9.022,-33.504,-9.487,-10.217,0.2374,44.475,72.877,-237.104,76.145,885.844,0.8783,81.229,1,0,0,1
569,3,15.168,14.377,11.892,19.061,0.2216,519.434,4.457,10.515,6.831,6.246,0.1763,407.313,0.459,-16.866,13.617,4086.768,0.2377,8.405,1,0,0,0
4092,3,-8.047,25.505,-49.151,-9.066,0.0127,158.922,26.506,11.373,9.498,28.729,0.2624,96.549,27.966,131.22,26.039,4905.475,0.2468,15.106,0,0,0,0
309,5,-19.472,37.784,-11.31,-18.205,0.0011,653.841,-14.482,-29.191,-46.415,-13.412,0.0,127.016,27.128,-24.722,30.384,4476.167,0.0454,27.75,0,0,0,0
3363,5,-9.427,-3.577,-42.553,-8.657,0.5656,95.509,4.908,11.4,-7.282,6.569,0.1367,246.968,73.621,0.361,76.803,737.56,0.6788,97.505,1,0,0,1
4222,10,-8.936,-30.178,-51.12,-7.9,0.1049,319.579,6.705,-18.884,-21.392,5.686,0.0,134.518,26.31,145.745,30.691,2538.721,0.1783,17.114,0,0,0,0
3456,3,1.534,15.722,63.091,-0.988,0.2565,185.415,3.481,-32.706,-41.834,2.097,0.0917,252.058,25.61,59.201,2.207,1662.088,0.0888,5.933,0,0,0,0
4166,5,10.135,33.107,4.253,8.789,0.0,487.825,-13.836,-21.035,45.028,-9.99,0.0276,239.702,13.026,51.869,12.603,3085.82,0.2508,22.365,0,0,0,0
70,3,1.4,18.682,14.347,2.15,0.0968,414.482,-3.862,-40.388,-37.524,-2.655,0.0449,287.336,21.397,-107.557,14.665,1558.494,0.3755,26.547,0,0,0,0
1451,10,20.776,8.691,8.904,18.166,0.0987,124.205,14.094,23.934,2.032,13.384,0.0,356.571,-4.416,-143.132,2.124,3033.43,0.3036,23.929,0,0,0,0
4467,10,-9.33,8.258,29.825,-9.548,0.0,220.988,-8.3,-4.917,48.066,-8.976,0.0,298.418,32.515,107.034,27.303,3689.811,0.3321,0.0,0,0,0,0
4396,10,-14.567,-22.418,-87.349,-16.531,0.5618,232.889,-2.378,-9.044,-41.264,-4.521,0.6426,265.094,-0.013,13.718,-6.221,1920.382,0.8319,71.354,0,0,0,1
3009,5,-10.608,-8.203,-46.947,-10.099,0.2693,490.169,3.755,-16.636,-38.303,0.609,0.0994,292.434,98.331,-186.293,79.469,2981.123,0.1283,18.453,0,0,0,0
4027,10,7.418,29.051,-25.845,8.548,0.0735,268.884,-4.046,2.09,15.547,-4.069,0.1672,478.033,-23.582,-4.539,-42.272,1003.277,0.2256,29.588,0,0,0,0
1656,3,-11.06,-34.012,18.383,-10.263,0.2254,794.838,1.692,-10.74,-6.597,1.055,0.0038,335.245,-54.189,-85.864,-48.243,33.575,0.0124,5.778,0,0,0,0
4613,5,-9.061,-30.972,-8.146,-8.143,0.7242,266.23,-15.447,-4.863,-58.568,-14.099,0.1956,246.73,-99.122,-113.928,-92.004,3204.281,0.8171,35.586,0,1,0,1
4382,10,31.45,5.1,-32.774,33.001,0.0486,491.653,-0.37,20.38,-23.687,-0.705,0.1188,291.968,-34.839,53.238,-38.513,1918.581,0.2688,32.161,0,0,0,0
3103,3,-9.086,-0.596,-7.449,-9.082,0.1077,345.444,-10.313,-8.353,-42.029,-10.576,0.0326,512.325,31.709,35.941,20.138,77.37,0.2603,23.556,0,0,0,0
2230,3,-17.466,-16.941,-18.567,-18.468,0.1013,586.814,2.469,-21.981,22.583,3.97,0.0,335.836,31.204,101.081,28.699,4624.27,0.3053,14.09,0,0,0,0
1024,5,4.297,24.395,57.069,4.552,0.0,249.89,10.958,9.613,-29.006,10.342,0.1378,344.777,29.386,-11.981,34.439,5387.436,0.0416,0.0,0,0,0,0
3375,10,11.712,-29.77,-20.378,13.56,0.4562,390.542,-12.718,38.718,35.954,-13.302,0.1291,368.272,-34.42,-3.95,-27.822,6592.159,0.4748,69.168,1,0,0,0
328,5,14.184,24.159,56.96,14.044,0.2368,337.249,-5.853,27.154,7.561,-6.812,0.093,168.147,18.026,23.22,10.762,3493.095,0.3769,8.485,0,0,0,0
1781,3,-16.324,-60.755,-76.076,-16.277,0.6627,127.563,-9.742,-27.37,-31.022,-13.813,0.6338,82.905,64.372,-97.128,62.117,276.369,0.8358,97.761,0,0,1,1
4134,3,-13.985,12.768,-11.73,-18.861,0.168,492.551,8.128,12.772,39.731,9.877,0.1189,108.663,-4.49,-52.136,-6.034,4408.764,0.2226,22.014,0,0,0,0
4132,3,-21.754,2.232,-14.464,-24.952,0.0,126.339,-12.696,-1.568,-33.596,-14.519,0.0486,507.374,-71.737,-156.21,-62.019,2951.15,0.1982,0.0,0,0,0,0
65,5,-13.484,13.248,24.472,-11.938,0.1447,217.579,-5.976,-24.667,-50.891,-7.224,0.073,542.319,-76.276,146.985,-86.146,4526.348,0.5527,28.6,0,0,0,0
2419,3,-3.809,1.245,-12.319,-2.693,0.0248,625.901,15.345,16.629,23.592,13.802,0.0947,140.071,7.999,107.697,13.88,2989.337,0.3156,21.267,0,0,0,0
2988,10,-0.105,-3.354,-32.026,1.635,0.0,15.391,-9.192,-17.169,18.983,-8.214,0.0545,211.848,25.804,-6.209,28.978,5200.06,0.1998,1.406,0,1,0,0
2178,5,-5.973,23.63,5.666,-8.871,0.1639,462.48,11.402,17.153,-0.343,12.459,0.1586,475.295,-26.297,-77.251,-34.243,7207.147,0.2433,11.389,0,0,0,0
3415,10,-16.009,-11.778,-20.06,-19.68,0.6651,341.232,-11.289,-17.29,-12.277,-12.24,0.1015,225.165,-18.745,27.015,-24.073,695.929,0.8525,80.294,1,0,0,1
2499,3,-8.644,-36.356,-27.223,-14.672,0.7306,103.117,-5.583,-18.24,-55.266,-7.824,0.4257,61.375,-63.533,-21.419,-60.447,96.654,0.5466,6.276,0,1,0,1
1906,3,-28.052,-71.43,-63.97,-27.303,0.5179,184.705,-9.08,2.269,-46.709,-11.029,0.1814,142.169,-111.21,153.008,-105.426,1950.447,0.7172,58.536,1,0,0,1
2606,10,0.744,-5.538,-32.878,1.345,0.1829,288.769,6.679,17.435,-9.477,3.901,0.0,54.1,-0.527,-4.995,2.13,3291.718,0.0,22.121,0,0,0,0
4742,3,-25.868,-51.818,-81.967,-30.672,0.5747,23.972,-5.73,6.416,-25.065,-5.74,0.4673,1.947,13.608,-80.744,16.849,309.931,0.7396,34.694,1,0,0,1
1798,10,-8.735,45.407,-24.344,-10.16,0.1441,239.734,-2.96,-46.396,-33.179,-4.478,0.1506,131.287,-18.749,18.454,-28.527,5664.095,0.277,22.52,0,0,0,0
3248,3,-9.726,-29.841,-14.495,-8.03,0.2655,572.902,-1.076,-30.724,-53.018,-0.462,0.0,471.672,23.028,-117.186,17.374,2880.499,0.0163,16.301,0,0,0,0
2549,3,-7.476,-11.054,-7.432,-10.03,0.2499,358.513,10.995,26.097,86.924,8.267,0.0964,174.853,-1.259,189.106,-8.366,6130.761,0.3088,26.214,0,0,0,0
3647,10,-8.971,-7.629,39.319,-8.481,0.1006,218.737,9.066,-20.045,17.509,9.264,0.0,115.184,17.89,-6.693,20.961,5331.648,0.2325,19.861,0,0,0,0
2195,3,-3.422,-10.308,-28.006,-2.523,0.3176,713.119,-5.834,6.752,-10.784,-8.671,0.1982,526.655,-26.403,-8.498,-22.331,3621.13,0.1396,3.255,0,0,0,0
549,10,23.834,-51.038,66.011,21.947,0.1131,648.475,1.421,27.591,2.254,0.894,0.0,392.612,17.67,16.13,24.051,2370.929,0.2466,19.393,0,0,0,0
2620,10,-23.488,-44.456,-2.28,-22.216,0.656,69.188,1.31,-9.58,-12.918,-0.781,0.0243,178.007,-24.313,24.61,-31.046,3793.456,0.7272,34.713,0,0,0,1
2622,5,15.875,9.064,43.788,20.977,0.149,145.427,1.614,-29.646,10.917,2.54,0.1022,304.98,-23.159,170.488,-31.247,1602.864,0.237,0.0,0,0,0,0
2432,3,-5.687,18.588,59.072,-5.675,0.0,444.868,1.986,6.59,17.781,1.565,0.1773,182.24,-4.227,-51.82,-3.869,6511.524,0.4141,0.0,0,0,1,0
4491,3,-16.829,-22.944,0.645,-17.686,0.2856,349.136,28.501,5.221,9.652,23.716,0.0917,671.814,-33.071,55.266,-33.138,4561.407,0.3545,22.322,0,0,0,0
914,5,-17.944,-28.384,-82.772,-17.388,0.6439,0.411,-13.321,-1.464,-21.439,-12.687,0.2663,124.203,-31.348,11.977,-30.378,1623.246,0.6879,61.959,1,0,0,1
2556,3,-9.164,-41.163,-7.099,-10.209,0.2406,328.008,-8.551,-2.249,-38.369,-10.121,0.0201,157.347,-2.083,-111.072,2.696,5027.802,0.042,0.0,0,0,0,0
3015,5,-5.684,26.468,-39.524,-8.314,0.0028,649.919,-18.395,7.607,58.388,-16.575,0.1921,430.337,-39.626,150.405,-41.062,1678.733,0.1972,22.501,0,0,0,0
4813,10,-22.103,-3.531,-49.354,-19.742,0.2257,137.549,6.057,-39.941,-1.8,3.302,0.1726,347.433,-15.211,12.834,-14.912,3870.446,0.1291,34.86,0,0,0,0
2528,5,-19.627,45.132,-2.053,-21.001,0.112,429.575,-7.561,3.807,12.629,-7.396,0.1179,31.879,-35.896,22.364,-40.938,3419.753,0.3484,25.218,0,0,0,0
4791,10,-16.893,-52.789,-32.377,-14.561,0.5816,143.329,-8.408,-15.516,-10.068,-11.371,0.3582,98.552,-97.278,74.691,-105.276,538.854,0.7697,92.577,1,0,0,1
2224,10,-23.592,-24.57,-57.65,-23.556,0.3957,15.063,-12.368,-15.154,-1.096,-12.447,0.0285,165.84,29.472,-182.947,20.089,1876.907,0.7345,77.426,1,0,0,1
320,10,2.211,-15.38,-31.4,5.19,0.1237,389.512,1.559,42.163,34.425,2.183,0.1361,370.243,3.451,-61.215,-3.438,3959.191,0.4255,22.009,0,0,0,0
2497,10,-13.473,-59.897,-0.423,-14.911,0.506,375.269,-11.102,-17.158,-31.607,-10.538,0.1217,23.117,2.1,45.519,7.264,1307.565,0.6525,23.584,1,0,0,1
4712,5,-4.914,-17.098,-42.3,-3.824,0.3809,373.44,18.965,29.569,-12.871,17.938,0.0163,380.829,-10.11,28.323,-11.553,4045.057,0.1989,64.639,0,0,0,0
2719,3,12.522,-18.812,-26.948,14.63,0.1428,397.654,-9.261,-8.577,7.024,-9.686,0.004,327.552,-19.848,-60.337,-15.198,1441.578,0.1425,21.052,0,0,0,0
4886,5,-16.249,-25.453,-41.658,-16.86,0.0242,422.25,-19.229,4.682,9.629,-20.547,0.315,472.963,-49.285,-22.315,-47.747,3855.463,0.4599,36.686,0,0,0,0
4623,10,-4.766,3.905,15.736,-1.418,0.0408,589.702,-5.022,-9.618,-37.373,-4.544,0.0,224.798,-34.213,-99.106,-44.768,2848.302,0.0933,0.0,1,0,0,0
1589,10,-7.767,-61.373,-11.642,-8.697,0.183,319.277,3.394,-5.702,-18.733,2.635,0.4099,77.767,-44.069,-110.156,-39.807,1181.685,0.731,90.845,1,0,0,1
2613,10,-21.367,-26.422,-14.347,-21.715,0.3831,405.207,2.867,-16.078,-25.034,-0.231,0.1829,476.831,-55.521,-148.705,-57.89,7645.008,0.6859,17.259,1,0,0,0
4633,5,-7.418,-25.703,-75.565,-7.38,0.6063,206.963,-12.293,-30.32,-14.176,-9.517,0.6899,87.946,-13.456,61.787,-15.683,7694.745,0.3639,38.936,0,1,0,1
4002,5,-9.93,-58.072,-74.267,-9.311,0.761,333.987,-6.626,-27.281,-6.957,-6.766,0.2874,107.073,15.824,-211.595,9.81,1479.137,1.0,73.216,1,0,0,1
3557,5,21.647,-26.412,-29.792,22.138,0.1321,417.679,6.612,-16.084,-19.428,7.124,0.1678,331.268,63.625,14.837,67.617,4526.884,0.3626,35.779,1,0,0,0
3310,3,-22.919,-27.803,-31.555,-21.517,0.4368,360.375,-3.631,-7.721,-34.139,-3.638,0.13,311.898,-59.42,-91.643,-55.645,2720.07,0.5145,100.0,0,1,0,1
4904,5,-8.738,70.963,-20.666,-6.86,0.1552,472.194,-21.615,-12.188,-54.151,-20.651,0.2354,365.354,11.655,140.08,13.851,6783.196,0.2283,22.694,0,0,0,0
4891,10,-25.874,13.107,22.359,-27.918,0.0,291.981,1.71,-1.598,-21.281,-0.337,0.0175,269.707,43.425,131.332,66.154,1984.793,0.0,22.683,0,0,0,0
3940,10,-36.944,-44.879,-11.017,-38.228,0.8144,408.461,-3.774,-45.445,-14.256,-2.077,0.3393,253.184,-0.489,114.657,4.398,691.539,0.8962,42.037,0,0,0,1
4590,5,-31.607,12.318,-7.94,-31.835,0.0,305.061,2.867,18.035,3.113,5.284,0.0,532.743,17.53,20.632,28.633,2571.785,0.15,25.657,1,0,0,0
2109,5,4.933,3.6,6.475,4.591,0.119,831.237,4.08,35.781,15.464,5.088,0.1028,575.45,-6.54,-13.923,-5.508,4188.487,0.2143,9.419,1,0,0,0
4543,10,17.833,-21.703,46.08,16.936,0.1897,300.569,-5.318,12.302,24.402,-4.782,0.0967,318.805,19.475,-43.865,27.738,4149.29,0.0,0.0,0,0,1,0
2099,3,-17.681,-33.809,-54.133,-13.056,0.6828,81.336,-24.81,-10.943,-47.837,-24.342,0.5039,270.234,-9.809,-84.273,-10.718,263.157,0.8354,100.0,1,1,0,1
2296,5,6.849,-15.329,-44.596,6.737,0.1805,319.236,0.159,0.577,43.302,2.993,0.0803,520.685,-4.953,18.434,-10.166,1458.051,0.0,2.137,0,0,0,0
3177,3,5.742,37.649,-23.214,10.387,0.0,258.367,2.26,31.039,-22.015,5.989,0.1117,204.776,14.633,64.975,9.093,5721.265,0.1859,24.546,0,0,0,0
322,10,3.074,-13.795,-36.588,5.171,0.2681,365.573,9.407,12.829,-49.317,6.539,0.0,204.658,-18.805,169.3,-3.715,3429.072,0.1652,66.354,0,0,0,0
3211,10,-36.131,-27.037,-71.705,-35.657,0.7181,105.049,-12.695,-18.821,-21.36,-14.515,0.2226,206.829,-38.487,152.225,-21.342,1129.611,0.7112,77.8,1,1,0,1
4545,3,-2.806,-18.618,5.315,-1.487,0.0454,719.016,-17.853,9.237,8.224,-19.714,0.1052,92.418,-14.303,-48.118,-11.119,3793.895,0.0853,25.095,0,0,0,0
3251,10,-7.487,45.838,0.976,-8.704,0.0,305.526,3.405,-14.385,-8.23,4.087,0.0507,302.569,-65.67,5.868,-68.655,1297.371,0.1896,35.628,0,0,0,0
2082,5,-13.832,-11.135,-27.826,-14.527,0.4747,278.892,-4.284,-21.044,55.482,-2.471,0.171,324.949,-1.777,-4.581,11.417,4496.026,0.5259,67.913,1,0,0,0
2301,10,9.747,-1.872,-7.256,9.45,0.234,545.092,2.303,-20.662,-26.771,4.985,0.1011,370.873,24.681,86.806,15.972,3289.98,0.1394,10.281,0,0,0,0
3442,10,-34.612,-52.219,-57.661,-33.544,0.3249,170.293,-12.91,3.07,-49.592,-9.507,0.3848,167.143,-14.792,-88.957,-7.989,5998.3,0.5789,56.265,1,0,1,1
4439,5,-0.192,-8.048,-55.36,1.314,0.3963,300.003,2.649,-7.311,-9.533,0.847,0.1025,371.242,-31.698,52.877,-20.489,3760.787,0.523,22.266,0,0,0,0
1809,10,17.628,-27.175,-35.266,16.072,0.2425,300.58,21.966,-15.919,-20.618,24.778,0.0213,218.786,-31.374,-75.015,-21.609,3655.092,0.2337,64.956,0,0,0,0
4848,10,14.085,-20.476,-5.573,14.847,0.2002,418.839,-7.719,-8.637,9.609,-11.476,0.0303,210.939,-37.595,164.938,-36.986,3653.322,0.0,0.0,1,0,0,0
1269,5,-41.092,-58.459,-67.458,-42.957,0.359,87.351,-7.863,-20.974,-39.82,-7.73,0.5879,131.54,36.865,-260.617,39.601,5788.774,0.7167,93.512,0,0,0,1
3954,3,-9.99,-16.429,-100.0,-9.928,0.9889,381.012,-5.071,-30.079,0.119,-3.325,0.4782,103.155,31.04,-68.972,35.555,2871.878,0.3137,89.549,0,0,0,1
951,3,4.151,1.928,24.941,0.833,0.0,292.922,13.426,-7.714,3.258,10.291,0.0882,181.893,0.689,112.068,-2.719,4210.65,0.5555,7.283,0,0,0,0
2367,10,10.055,19.352,34.65,3.351,0.0,371.901,7.508,-4.18,10.375,10.009,0.2298,326.648,-58.606,108.783,-58.863,4245.589,0.0395,30.409,0,0,1,0
3690,3,-30.199,-21.783,-39.145,-27.88,0.591,43.624,-13.123,4.231,-11.804,-16.221,0.4304,143.533,-50.445,147.959,-56.257,4636.603,0.7181,100.0,1,0,0,1
1538,3,-9.227,-56.417,-28.637,-11.918,0.7424,230.85,-8.514,-32.909,3.795,-7.425,0.2165,159.109,-26.344,-4.603,-26.409,4098.711,1.0,72.069,0,0,0,1
2703,10,10.888,39.006,-25.448,8.043,0.0,279.391,17.825,-21.29,44.215,19.517,0.2612,26.846,-15.446,-223.344,-23.391,6030.555,0.2234,26.091,0,0,0,0
2737,5,-7.667,-38.271,20.668,-8.526,0.0,45.195,25.015,10.707,46.514,23.641,0.1218,418.796,1.635,48.39,0.815,3322.866,0.0,46.202,0,0,0,0
2750,3,19.563,-17.257,84.497,16.709,0.0,257.977,10.762,-3.808,-8.033,10.042,0.0,456.507,14.773,59.974,14.096,37.948,0.1377,23.001,0,0,0,0
4037,5,-27.443,-44.787,-75.722,-28.186,0.4262,198.349,-4.982,-2.288,-9.073,-5.105,0.2575,212.354,-36.65,106.99,-18.027,2385.536,0.5398,77.512,1,0,0,1
2,5,-19.03,1.258,4.132,-20.356,0.0,501.326,2.178,-8.543,-40.506,1.27,0.145,290.203,-10.641,-163.112,-18.222,1110.904,0.0,24.756,0,0,0,0
1348,3,13.161,-22.039,-5.486,10.088,0.1893,529.602,-15.772,-5.317,-38.043,-15.693,0.0173,238.466,18.95,-66.842,4.957,1800.991,0.2329,13.845,0,0,0,0
4648,5,-11.747,42.185,11.926,-11.357,0.2613,370.36,-3.165,-7.574,-63.623,-2.944,0.0249,361.247,12.84,-0.289,18.389,3925.28,0.0902,8.295,0,0,0,0
4367,10,-23.612,-64.267,-72.914,-25.491,0.5607,243.579,-12.452,-22.946,-36.133,-10.819,0.6113,228.336,-58.753,-68.933,-55.928,5035.838,0.7423,91.344,0,1,0,1
4399,3,-13.108,-53.003,-6.136,-11.386,0.032,391.544,21.195,11.114,-23.704,23.393,0.0571,339.54,7.822,68.486,13.363,1803.726,0.0905,1.759,0,0,0,0
146,3,-1.603,35.012,14.963,-2.6,0.0,363.942,-8.286,-20.224,2.834,-7.738,0.1024,95.667,-34.069,92.395,-33.68,6336.839,0.308,3.886,1,0,0,0
2581,5,-19.796,-46.726,-70.565,-20.302,0.8376,250.076,-6.324,-35.401,-35.069,-4.52,0.1631,239.073,-5.524,-43.24,5.998,2203.293,0.7911,71.603,0,0,0,1
1086,10,-0.627,-4.453,36.496,1.545,0.1152,582.515,4.591,13.534,-28.139,6.556,0.0,152.908,-29.357,-26.596,-24.468,3132.017,0.3227,0.0,0,0,0,0
1923,10,4.188,-24.627,-7.3,1.409,0.0272,541.854,16.65,-1.579,30.673,14.95,0.0639,144.367,23.328,-66.951,29.46,7478.358,0.1275,45.69,0,0,0,0
2690,3,5.462,-24.504,-36.333,9.667,0.0091,578.351,5.071,21.435,15.604,3.82,0.105,198.517,-56.471,-118.023,-63.248,2936.782,0.3318,40.212,1,0,0,0
210,10,10.562,-6.075,46.323,12.244,0.1224,455.148,0.958,-30.82,56.878,-1.498,0.1789,419.78,-15.459,-185.845,-25.547,4157.887,0.0,13.583,0,0,0,0
3790,3,-23.56,6.8,14.616,-23.306,0.1209,599.876,-4.529,-27.422,-30.628,-1.364,0.1473,412.33,48.64,-1.775,50.431,2899.984,0.0,15.956,0,0,0,0
4932,10,-35.829,-78.069,-41.707,-31.763,0.3588,322.627,-8.686,-16.837,-21.71,-5.185,0.4866,206.184,-65.299,-84.099,-65.064,7749.051,0.7743,51.682,1,0,1,1
3984,5,-17.829,-34.778,-44.0,-14.409,0.4862,395.379,-4.203,-7.801,-23.244,-3.267,0.343,195.838,-0.76,-52.711,-1.834,867.657,0.8174,76.453,1,0,0,1
2730,3,-10.688,11.192,-52.623,-9.608,0.149,394.868,30.561,-7.851,-44.125,28.926,0.1192,239.393,-12.465,120.77,-16.782,1965.641,0.3475,0.0,0,0,0,0
284,3,12.505,27.268,-38.014,10.502,0.0123,395.563,-4.976,1.528,-3.276,0.352,0.1264,267.102,21.139,87.24,22.848,3901.844,0.0,16.616,0,0,0,0
288,10,-26.823,-41.611,-14.488,-27.08,0.2837,154.375,-11.113,-4.555,7.144,-11.485,0.0566,294.107,33.206,-324.116,35.519,6025.734,0.6536,100.0,1,0,0,1
4920,10,7.773,1.989,-10.293,7.621,0.286,698.105,-4.285,-18.863,-3.172,-5.564,0.0662,493.797,12.333,4.845,3.941,7960.911,0.0933,26.464,0,0,0,0
4224,5,23.818,-17.686,18.242,24.321,0.0936,460.979,11.82,16.04,-10.86,12.861,0.006,391.749,-49.992,37.095,-49.737,3242.883,0.3029,18.761,0,0,0,0
2484,10,-11.816,-44.071,-16.03,-13.004,0.4649,48.168,1.977,-34.624,-5.634,2.495,0.3309,113.816,-62.266,-80.698,-61.143,2085.271,0.4328,44.575,1,0,1,1
312,10,10.795,-63.23,18.948,11.848,0.1288,94.374,1.488,-0.122,-6.442,4.374,0.0529,832.767,47.775,31.277,40.067,1029.371,0.4603,0.0,0,0,0,0
531,5,-15.944,-39.831,-64.154,-17.048,0.6059,186.159,-11.654,-10.8,-36.184,-12.853,0.3047,57.619,-34.155,39.69,-37.866,4581.637,0.8089,80.19,1,0,0,1
3255,10,-34.907,-26.574,-66.849,-31.261,0.4197,427.679,-15.435,-48.728,-26.671,-16.679,0.2517,230.564,-91.3,-428.397,-95.739,5573.458,0.7749,99.176,1,0,0,1
4251,5,-6.661,11.422,45.286,-10.548,0.0236,223.31,-6.936,-25.728,-8.218,-9.316,0.0266,501.31,9.657,70.25,11.36,1015.829,0.4002,20.953,0,0,0,0
4645,3,15.341,2.705,27.874,15.326,0.0,662.564,11.48,7.323,-16.076,8.784,0.1386,306.59,38.167,-195.216,44.802,2471.507,0.1064,25.167,0,0,0,0
349,3,-24.404,2.488,30.456,-21.984,0.1077,397.163,-10.372,-28.418,-25.813,-9.278,0.0046,83.783,0.147,165.593,-8.156,2279.513,0.0224,35.772,0,0,0,0
2520,5,-1.842,58.955,40.119,3.742,0.0,410.393,-18.793,-27.461,-8.199,-17.804,0.0424,548.785,2.699,-19.679,-2.276,5170.419,0.0777,27.45,0,0,0,0
4203,10,-25.695,-32.217,-23.491,-26.123,0.3645,161.635,-14.916,-22.732,-7.081,-14.71,0.5127,140.556,-57.548,-97.992,-57.917,2292.558,0.9325,24.07,1,0,0,1
1929,10,-15.683,-31.925,-36.034,-17.218,0.7204,21.164,-2.659,-15.756,-34.935,-1.797,0.0,278.797,-53.669,-108.582,-51.879,6277.08,0.4637,56.205,0,1,0,1
310,3,-5.183,-14.542,-18.142,-4.48,0.0635,855.492,7.445,-38.778,28.3,6.322,0.12,235.862,31.534,-25.895,37.573,2732.033,0.1059,38.025,0,0,0,0
2329,5,17.63,-31.826,-35.418,16.936,0.4787,366.695,1.53,-10.612,50.273,1.338,0.0,194.351,46.082,-42.949,50.453,7641.419,0.4623,80.471,0,0,0,0
2720,10,-18.065,-22.548,9.423,-20.52,0.1292,137.007,5.952,-25.518,27.765,6.541,0.0,338.598,29.975,182.259,31.843,6195.126,0.2786,15.839,0,0,0,0
137,10,-28.911,-28.5,10.608,-31.548,0.0179,413.98,15.738,43.006,-40.36,14.645,0.0299,570.585,-8.519,56.239,-10.136,2414.561,0.1809,28.242,0,0,0,0
4304,10,22.746,-0.286,8.557,24.807,0.0684,523.643,-16.972,19.096,-2.253,-16.236,0.012,217.519,29.431,50.676,26.788,265.862,0.3255,24.598,0,0,0,0
2512,5,10.578,18.467,32.816,8.204,0.0976,332.367,15.443,6.731,19.548,14.117,0.0062,107.542,29.079,111.414,27.772,1272.094,0.2345,5.899,0,0,0,0
1916,10,-2.156,-13.413,-49.871,-3.245,0.0921,487.204,-7.707,-11.034,53.365,-7.089,0.0358,19.677,-21.617,-47.689,1.868,524.841,0.3287,16.988,0,0,0,0
2959,3,-17.51,-49.42,-17.513,-18.64,0.6286,303.618,-3.139,-34.07,-13.973,-4.584,0.5138,161.081,-4.279,-118.628,-0.151,2746.475,0.9722,85.265,0,0,0,1
1765,3,5.74,-1.731,-11.922,7.852,0.0408,371.783,-11.382,-19.81,35.504,-10.82,0.1035,151.113,2.006,35.151,4.262,821.854,0.004,0.0,0,0,0,0
2280,10,-18.707,-5.723,-0.27,-17.632,0.1472,618.37,1.262,-8.705,38.635,3.438,0.1104,618.264,31.15,-42.397,23.822,5243.483,0.4524,14.313,0,1,0,0
1828,10,-0.634,-12.517,-42.836,-0.081,0.0553,364.823,-10.645,1.8,4.682,-9.856,0.3618,146.613,-31.519,-18.369,-37.636,6476.88,0.0488,16.911,0,0,0,0
3461,5,-10.938,13.663,85.663,-13.483,0.1073,231.256,-18.172,10.223,32.007,-19.931,0.0,307.774,53.839,25.286,51.176,717.308,0.5235,27.307,0,0,0,0
1146,10,10.65,-14.117,-26.498,9.417,0.5104,589.573,-5.841,5.061,-9.628,-11.097,0.0,284.077,-67.366,139.176,-77.874,1871.678,0.3607,52.543,0,0,0,0
2586,5,-23.257,-33.691,-14.79,-21.84,0.4379,461.406,-19.335,2.279,-40.183,-20.059,0.239,257.49,5.883,-85.638,5.505,1903.816,0.5993,39.221,1,1,1,1
2671,5,-7.141,6.558,-61.322,-7.987,0.1333,470.587,16.455,6.889,26.9,14.798,0.0214,338.555,4.162,-73.757,11.308,788.999,0.325,0.0,0,0,0,0
2086,10,-15.193,-59.842,-8.024,-15.159,0.5408,141.604,-14.653,-5.641,-38.262,-12.573,0.4677,181.929,33.803,217.569,44.335,3026.168,0.8977,69.557,0,0,0,1
2641,3,15.379,3.281,17.251,15.844,0.0238,495.682,-12.648,3.929,-41.803,-10.438,0.0831,246.946,-27.995,-3.283,-40.332,6365.151,0.3789,14.3,0,0,0,0
506,5,37.578,-22.829,14.206,38.076,0.0,303.983,1.302,3.017,16.389,-0.257,0.0863,387.305,3.643,46.049,-5.265,6276.055,0.5236,3.197,0,0,0,0
2971,5,-10.201,-3.003,-17.681,-12.424,0.1073,156.173,-0.037,12.439,-30.094,-0.224,0.1845,208.333,-32.668,-152.073,-30.761,5414.781,0.0235,17.713,0,0,0,0
2827,5,-1.527,16.958,-3.961,0.15,0.0447,117.767,1.861,27.828,20.163,1.747,0.1406,408.62,5.028,-131.499,0.81,7207.373,0.2152,24.781,0,0,0,0
2628,10,6.383,-3.647,4.157,6.223,0.2532,474.45,14.882,33.017,-52.556,15.185,0.1699,457.866,9.928,120.307,14.419,3658.904,0.3196,3.069,0,0,0,0
238,10,-1.87,-9.769,-58.939,-4.974,0.0918,483.844,4.874,14.364,0.749,6.127,0.0266,114.137,4.75,12.306,2.892,799.413,0.1152,0.0,0,0,0,0
468,5,8.116,1.0,-40.787,7.515,0.0025,667.705,-5.438,-13.674,-80.712,-9.448,0.1546,307.706,-16.579,-32.695,-19.168,5489.893,0.1972,12.725,0,0,0,0
4156,5,7.105,0.791,35.054,7.668,0.0694,667.218,-15.237,-4.051,8.786,-14.413,0.0433,424.321,51.381,-36.149,48.262,1476.836,0.0,42.092,0,0,0,0
3373,10,-24.307,-50.926,-47.212,-24.46,0.1304,226.95,-6.223,-23.416,23.458,-4.916,0.0761,154.944,0.673,143.525,-0.617,4483.252,0.464,10.391,0,0,0,0
4352,5,-24.297,-51.688,-63.845,-25.249,0.6519,173.308,-12.043,-22.489,-31.679,-10.536,0.1536,124.751,-108.513,40.989,-97.217,5998.831,0.887,77.75,0,0,1,1
485,3,-30.022,-22.439,-12.349,-26.432,0.1502,456.49,10.07,-44.488,-67.246,9.191,0.0,360.418,7.001,65.529,8.567,7518.775,0.6068,17.257,0,0,0,0
3767,3,10.104,51.264,-7.52,8.141,0.0,866.992,9.524,-1.507,24.984,10.508,0.1331,442.811,-46.117,-177.489,-46.02,798.965,0.3452,11.968,0,0,0,0
2689,10,-17.662,37.23,29.584,-15.763,0.1659,316.015,-13.928,-19.469,-10.594,-10.271,0.0,293.053,39.746,69.488,40.618,7498.579,0.6115,19.618,0,0,0,0
2514,10,-6.831,10.912,1.399,-10.041,0.0059,429.806,-0.826,0.993,-43.379,-2.46,0.0,447.475,32.44,57.615,31.015,4637.193,0.0939,25.479,0,0,0,0
3278,5,-30.056,-42.027,-27.048,-29.135,0.3878,71.09,-18.286,-41.479,-15.593,-19.589,0.1746,149.425,36.555,-130.465,31.974,2884.454,0.8548,80.671,1,0,0,1
4737,3,-5.279,-0.526,39.121,-2.681,0.2837,517.056,-0.097,-4.55,3.415,-0.302,0.0868,394.0,32.599,276.332,34.237,7082.626,0.0665,18.967,0,0,0,0
3478,5,-8.508,-17.832,-80.523,-10.944,0.6843,39.594,-6.384,5.729,-28.63,-8.199,0.4233,139.242,65.593,-4.996,61.246,1136.324,0.9089,40.278,1,0,0,1
249,10,-17.537,-10.494,-10.979,-17.989,0.1273,366.633,11.127,8.07,-52.45,13.658,0.1449,247.978,-4.203,-143.285,6.159,2206.149,0.0,23.705,0,0,1,0
2291,3,8.79,-0.287,-25.314,7.234,0.2296,139.432,3.452,-38.049,36.691,4.46,0.0,556.719,0.395,-20.907,17.075,4106.438,0.1876,8.318,0,0,0,0
2566,10,24.713,-27.409,-41.957,23.466,0.4289,490.496,-6.878,-12.074,-13.465,-7.383,0.0057,546.799,2.446,-273.52,11.922,3394.568,0.4124,59.314,0,0,0,0
869,3,4.843,-16.091,-28.773,4.008,0.0413,100.181,-22.337,13.497,-28.891,-20.823,0.0999,170.334,-6.245,-14.504,-3.787,1502.97,0.185,22.61,0,0,0,0
1548,3,-11.671,-24.913,-69.991,-11.178,0.2351,306.29,-5.43,-39.699,-27.967,-3.403,0.4719,70.793,-58.615,-143.717,-64.322,901.339,0.6725,90.762,1,0,1,1
473,10,-11.013,11.174,-55.078,-12.749,0.0,541.512,-9.305,-9.273,-7.301,-6.856,0.2577,143.019,-31.072,47.426,-24.23,1747.227,0.0581,22.45,0,0,0,0
3956,3,-1.148,9.809,46.92,-2.203,0.2497,330.097,5.243,-0.801,18.913,3.881,0.0,201.72,-15.319,15.949,-17.166,1121.512,0.2981,17.565,0,0,0,0
4971,10,14.76,13.7,24.137,11.993,0.0,429.373,-1.056,-6.822,-25.693,1.86,0.1454,427.121,-2.357,-16.502,-3.468,4516.299,0.1575,5.269,0,0,0,0
2517,3,-3.023,11.351,28.988,-1.777,0.1514,553.36,-0.178,-2.265,-19.991,0.149,0.0197,102.164,5.1,48.055,1.179,2539.927,0.0,0.775,0,0,0,0
2600,10,-2.116,-28.74,9.3,-1.607,0.0898,433.948,-6.807,-19.843,28.41,-7.074,0.0451,148.375,-61.958,74.721,-68.591,5302.793,0.4013,17.058,1,0,0,0
4056,5,-26.956,-57.626,-27.676,-26.987,0.5292,225.193,-20.372,-15.921,-44.602,-21.432,0.508,168.14,0.454,52.579,-5.66,2079.983,0.8287,49.303,1,1,0,1
1297,5,-8.94,-21.926,17.49,-10.477,0.1289,29.963,-4.179,12.044,-53.836,-6.603,0.2038,7.149,20.022,29.898,20.018,2868.385,0.2532,2.843,0,0,0,0
3793,5,-15.688,-63.962,-71.037,-17.793,0.3935,313.417,-4.07,11.569,-61.908,-6.181,0.4269,257.607,24.081,-26.995,39.172,2982.311,0.7852,79.64,0,1,0,1
4118,3,-26.23,-32.376,-61.766,-27.274,0.5125,131.121,-7.846,14.394,-11.133,-7.053,0.0634,210.323,5.02,-21.747,1.742,7995.017,0.8261,45.513,0,0,0,1
187,10,-1.759,3.336,19.332,-3.66,0.1873,548.817,-8.1,-13.816,-25.995,-5.383,0.1682,58.327,-31.601,-20.715,-32.179,4909.673,0.4253,10.572,0,0,0,0
824,3,7.775,19.694,5.359,9.275,0.0,797.321,17.278,-15.767,-20.585,16.668,0.1344,217.051,-45.927,-13.948,-58.378,1257.151,0.4006,19.459,1,0,0,0
3040,5,-12.494,20.217,-30.427,-11.223,0.0279,509.041,-3.278,-15.629,1.168,-3.245,0.1431,212.995,-15.149,142.718,-26.508,5079.37,0.1729,24.091,0,0,0,0
2399,10,-23.19,15.519,77.258,-24.734,0.0046,590.866,0.563,20.108,5.698,-3.353,0.0,303.668,-31.827,33.279,-39.686,4271.886,0.1739,1.001,0,0,0,0
2732,3,17.605,6.996,-14.122,23.663,0.1065,528.486,16.826,7.186,22.871,18.121,0.0248,335.197,-19.77,-72.179,-12.49,1385.113,0.2461,6.494,0,0,0,0
2355,5,7.803,-29.557,-27.722,10.502,0.1327,269.977,-0.229,2.102,-12.361,-1.726,0.0,128.624,47.489,-84.596,53.591,5442.68,0.5577,5.545,0,0,0,0
1104,3,3.682,-15.843,46.304,0.899,0.25,740.193,14.534,29.946,-39.772,16.042,0.1659,485.766,0.343,76.181,-12.417,3725.129,0.0611,36.217,0,0,0,0
2466,10,8.288,-22.844,39.057,5.969,0.2471,243.974,10.655,45.594,-70.072,8.079,0.0,256.597,22.879,-147.79,22.093,7509.259,0.1004,0.0,0,0,0,0
2187,10,-12.616,-15.312,39.276,-11.606,0.0,266.102,-0.391,-2.005,-58.217,1.907,0.0,287.672,19.155,76.787,35.869,1515.382,0.0,8.649,0,0,0,0
4508,5,-14.97,-22.258,25.017,-13.561,0.1465,47.546,9.244,19.516,16.539,10.353,0.1277,135.807,25.557,67.162,31.739,4672.912,0.0813,14.274,0,1,0,0
1602,10,6.996,13.995,-4.473,4.611,0.2462,205.94,-2.812,-9.527,-25.271,-0.639,0.1123,515.242,-11.628,20.209,-14.314,7547.685,0.4046,3.165,0,0,0,0
3817,5,1.408,-21.853,33.109,1.206,0.2131,295.556,12.489,37.103,-17.214,13.865,0.0151,456.83,-15.677,-92.88,-9.932,1708.127,0.0844,23.252,0,0,0,0
1746,5,-26.839,1.567,-11.969,-28.421,0.0,515.998,2.331,-29.709,-15.163,-0.989,0.067,454.969,7.702,-160.854,20.545,3108.559,0.0011,0.0,0,0,0,0
4046,3,-10.004,-78.776,-50.877,-11.192,0.382,434.661,-15.708,-4.243,-9.025,-16.619,0.3463,323.841,-9.627,17.14,-16.646,2891.099,0.6144,76.54,1,0,0,1
3951,5,5.754,-51.071,36.531,4.137,0.0897,491.773,-9.369,12.817,12.967,-4.964,0.0821,28.599,11.857,-266.38,23.949,1896.005,0.4358,34.185,0,0,0,0
705,5,2.857,-25.755,54.964,4.145,0.0,389.419,4.176,0.117,-15.342,5.395,0.0477,127.416,-29.381,57.6,-26.583,6696.203,0.2563,0.426,0,0,0,0
1933,5,-18.254,-1.44,-18.103,-15.69,0.2032,253.437,-16.82,-12.403,37.203,-20.439,0.0745,268.218,-94.058,-143.25,-98.175,2448.224,0.0,20.578,0,0,1,0
3864,5,-15.647,-6.58,-55.958,-17.382,0.7664,205.592,-7.631,-16.508,-41.032,-10.167,0.0179,162.757,-49.292,-22.349,-51.741,5505.141,0.7347,48.666,1,0,0,1
4210,10,16.374,12.442,32.598,16.198,0.0525,452.764,7.998,-12.882,50.055,8.797,0.1682,370.893,-23.969,-52.926,-19.387,928.905,0.2181,21.279,0,0,0,0
1230,5,-2.11,7.739,10.737,-4.289,0.0361,196.255,-13.484,-4.342,29.413,-16.661,0.0,453.638,35.874,25.283,46.19,729.485,0.5113,31.477,0,0,0,0
2175,5,8.782,31.85,-41.418,6.01,0.1045,506.432,5.325,27.956,-39.54,7.022,0.1344,280.984,29.867,-109.063,24.179,2436.572,0.2046,0.0,0,0,0,0
3750,10,-5.168,-27.877,57.48,-7.826,0.0,360.223,-17.905,17.15,-36.364,-14.423,0.0517,387.676,20.325,-24.895,19.813,5226.682,0.2833,0.0,0,0,0,0
2564,3,-24.194,-8.844,8.121,-23.528,0.0274,316.397,7.749,1.785,46.871,6.493,0.0557,247.7,-30.388,-100.024,-30.703,5171.239,0.2761,21.948,1,0,0,0
2223,10,10.237,-2.603,-13.478,8.599,0.0,352.857,18.0,-3.118,-1.544,20.308,0.0392,114.228,31.894,117.135,25.861,494.853,0.2665,7.962,0,0,0,0
4473,5,-22.66,-59.648,-24.446,-27.504,0.6986,246.09,-2.114,-20.816,-23.341,-2.428,0.1569,294.441,75.759,-78.737,80.83,4566.983,0.7413,61.719,0,0,1,1
18,3,-7.256,-16.365,56.002,-10.943,0.1189,439.198,-16.501,-30.517,-18.67,-14.693,0.0713,216.739,68.09,78.902,64.125,4165.271,0.3936,25.922,0,0,0,0
444,3,-12.108,-50.821,-9.611,-10.734,0.5855,197.232,-4.867,-21.343,-23.066,-5.822,0.1926,108.117,7.783,-156.507,11.774,2176.733,0.6955,42.241,1,0,0,1
4549,3,-5.739,20.979,-34.943,-7.365,0.0,286.946,-8.436,-21.358,17.92,-5.471,0.12,164.684,-29.586,75.186,-30.313,6302.869,0.4258,5.685,0,0,0,0
4029,10,-0.735,10.171,-39.342,-0.318,0.0914,321.695,-16.012,21.154,19.749,-16.227,0.2122,345.295,59.8,-64.858,55.693,1276.107,0.3317,20.526,0,0,0,0
357,3,-29.35,-48.688,-42.645,-29.875,0.3392,373.817,-11.096,22.42,10.134,-9.424,0.0527,432.533,-8.952,-82.36,-8.483,4785.173,0.3611,37.682,1,0,0,0
3213,5,-27.673,-45.92,-18.656,-29.414,0.7727,314.705,-7.067,-12.575,-27.331,-5.686,0.49,493.163,5.815,-112.171,3.79,4369.129,0.5586,82.25,1,0,0,1
1381,10,-32.225,-33.854,-47.441,-33.893,0.4974,159.266,-0.243,-11.19,-21.033,1.224,0.1987,83.686,36.352,-180.118,36.103,5403.097,0.8973,100.0,1,1,1,1
4942,5,-10.664,-37.746,-67.146,-12.928,0.5904,211.273,-1.763,-34.966,-26.053,-0.739,0.0457,154.761,-60.05,-51.814,-74.611,1178.693,0.7885,94.399,1,0,0,1
2557,10,15.991,-25.455,29.212,19.658,0.065,516.508,2.033,7.571,44.176,3.998,0.1031,220.517,32.434,162.735,22.815,3952.414,0.0,20.4,0,0,0,0
1974,3,-23.21,-18.758,-84.716,-23.302,0.6942,229.414,-25.993,-51.77,-30.709,-29.363,0.1982,80.451,-43.33,-181.728,-20.574,3037.378,0.7141,70.452,1,0,0,1
829,5,10.48,-13.089,-29.556,8.741,0.0,184.354,-23.683,5.683,-11.356,-23.637,0.0,346.77,-26.868,154.917,-23.849,4631.076,0.1339,14.782,1,1,0,0
3497,3,-10.901,-61.745,-54.847,-12.511,0.9225,34.697,-11.679,-27.639,-0.712,-13.983,0.1279,163.985,-96.118,-137.883,-98.048,3198.041,1.0,72.708,1,0,0,1
4787,5,20.213,-44.754,-39.202,18.686,0.1009,343.647,-15.902,4.374,-0.269,-15.308,0.1654,413.285,2.703,-140.343,11.522,2983.639,0.3505,6.995,0,0,0,0
2982,5,4.425,28.976,-41.236,5.847,0.0512,630.913,12.506,-11.336,-11.491,13.383,0.181,272.311,14.867,-79.859,17.191,719.321,0.4039,30.261,0,0,0,0
3229,5,-7.119,-47.525,9.889,-8.008,0.4074,312.307,-16.424,-8.058,-8.666,-16.613,0.1315,134.146,12.237,-144.643,11.205,2162.399,0.7554,81.986,0,0,0,1
1564,5,-3.118,-34.212,-37.285,-0.712,0.2647,493.538,11.631,-33.183,13.883,12.176,0.0,228.997,22.118,133.598,9.329,343.503,0.5046,50.605,0,0,0,0
737,10,-12.088,5.987,24.445,-9.389,0.1827,425.498,10.096,11.212,-17.774,11.191,0.2263,227.337,30.966,-51.82,16.996,5441.299,0.24,8.001,0,0,0,0
1742,3,-4.057,-39.019,-50.244,-3.811,0.7725,289.799,-11.206,-14.516,-19.254,-8.476,0.0535,315.511,37.093,-58.969,50.64,3142.763,0.5508,74.091,1,1,0,1
1516,5,-19.775,-23.183,4.888,-22.34,0.0476,283.95,-7.744,37.514,19.837,-6.01,0.1225,331.396,-2.624,181.773,10.307,6646.973,0.3593,6.996,0,0,0,0
990,10,25.122,-23.141,-28.705,24.639,0.4566,331.956,26.837,24.411,-16.609,28.312,0.0,275.434,-5.185,-109.838,-5.08,5475.259,0.3836,34.339,0,1,0,0
2807,3,-8.987,3.259,-9.804,-8.284,0.0763,633.523,1.622,-15.831,11.476,3.451,0.1317,230.566,2.675,-101.767,-5.377,6918.891,0.3198,16.912,0,0,0,0
1038,3,-34.203,-32.648,-25.633,-32.916,0.8018,127.352,1.186,12.203,9.921,4.235,0.3489,153.013,-2.234,35.294,2.906,9470.401,0.5521,75.346,0,0,0,1
2926,3,-0.574,-36.495,-55.366,1.614,0.1347,498.234,-4.379,-13.036,41.229,-1.952,0.1441,307.345,28.686,-34.915,32.679,2109.802,0.3883,70.323,0,0,0,0
28,10,-8.816,21.9,-5.644,-13.899,0.0,88.974,0.111,24.347,13.664,-2.413,0.1683,359.591,-35.732,14.441,-33.479,4720.196,0.0939,20.291,0,0,0,0
2706,10,-7.651,27.128,-81.155,-8.582,0.2206,766.302,-3.218,-2.569,12.076,-3.945,0.0,71.353,39.926,79.67,32.224,6531.378,0.184,4.221,0,1,0,0
4711,5,-21.42,-51.167,-81.231,-23.621,0.6958,365.217,17.154,-26.566,-47.922,14.625,0.2271,259.163,46.968,88.207,46.374,980.764,0.623,98.131,1,0,0,1
1140,3,-21.888,-24.042,-45.301,-22.351,0.6626,433.87,-0.416,-1.602,-3.139,-1.158,0.3776,184.121,-62.852,-224.777,-58.415,558.072,0.5022,62.92,1,1,0,1
4639,5,14.301,-40.328,32.12,13.412,0.0,587.387,11.056,39.437,15.682,11.044,0.068,494.888,36.472,46.733,29.58,4874.248,0.2378,22.598,1,0,0,0
2539,3,2.195,9.953,-9.324,1.413,0.0491,350.602,19.638,-8.106,44.896,17.578,0.2434,332.545,48.316,-4.529,53.067,2099.619,0.2085,30.565,0,0,0,0
1235,3,-15.856,-13.751,27.215,-16.176,0.001,259.026,-2.02,-24.374,-18.095,-2.877,0.0,16.563,50.702,-4.329,46.07,3603.994,0.0,9.421,1,0,0,0
3326,10,-2.082,-63.572,-57.41,-3.989,0.6301,321.437,-6.026,-22.569,-18.088,-9.135,0.144,215.582,49.166,-114.419,64.352,1095.789,0.2914,96.17,1,0,1,1
3431,3,6.06,-18.109,-30.987,5.407,0.5038,426.557,24.75,26.044,42.754,25.381,0.0198,463.462,26.703,161.853,31.597,1522.423,0.2457,10.638,1,0,0,0
3737,3,-24.14,-49.684,-70.919,-24.227,0.2764,318.883,-20.788,-9.194,-36.522,-20.673,0.2313,194.43,-25.697,-26.733,-39.822,1135.06,0.9492,77.153,1,0,1,1
1242,5,9.646,27.784,47.381,10.183,0.0413,369.426,16.477,9.742,73.788,14.462,0.0,155.399,-44.013,-273.812,-46.014,5487.668,0.0,0.0,0,0,0,0
2611,5,5.426,-23.651,-4.694,8.592,0.1454,147.74,12.145,-3.75,-17.971,10.278,0.1808,422.289,5.031,3.957,-13.096,3332.245,0.1943,11.374,0,0,0,0
2313,5,8.56,-16.04,-66.019,13.281,0.0127,301.907,-6.601,-28.507,47.666,-5.73,0.1586,238.516,29.986,27.238,23.641,5622.916,0.3009,33.458,0,0,0,0
3128,10,12.166,18.497,14.921,13.765,0.0,511.985,3.945,10.137,3.857,2.542,0.0229,297.058,-19.543,144.968,-17.33,110.792,0.1156,30.087,0,0,0,0
212,10,22.817,-14.57,11.717,22.637,0.3352,393.904,6.589,-12.044,-11.985,8.977,0.0205,89.475,35.492,4.995,55.754,1122.224,0.4334,9.082,0,1,0,0
3320,3,9.174,-1.612,32.193,7.517,0.0025,484.175,5.816,-7.901,11.147,8.141,0.1187,341.891,-16.275,-62.71,-27.475,4992.187,0.1627,32.32,0,0,0,0
1951,3,-19.021,-18.889,-98.775,-21.944,0.6002,240.33,-27.939,-14.6,-16.071,-28.493,0.0636,124.043,-29.403,36.414,-25.564,3037.616,0.8071,98.518,1,0,0,1
1764,3,19.823,20.264,22.621,21.993,0.1161,482.737,6.711,36.475,-16.448,8.354,0.0103,240.854,54.573,65.535,67.506,3029.873,0.1915,45.306,0,0,0,0
264,5,17.585,-3.179,-5.902,19.194,0.002,244.052,2.108,5.864,-42.683,-1.132,0.0747,251.754,-29.324,35.095,-21.178,3539.363,0.2671,13.782,0,0,0,0
4447,3,-6.192,-24.358,33.798,-5.639,0.1002,373.587,1.592,-28.182,41.192,-1.612,0.0,19.331,3.209,-39.952,-10.83,21.116,0.048,9.769,1,0,0,0
1139,5,18.083,2.12,-22.579,19.871,0.0254,43.981,-10.104,4.328,-11.347,-9.136,0.1036,273.265,-27.77,-23.591,-32.519,3822.356,0.1663,16.38,0,0,0,0
4366,5,18.49,23.996,-39.426,19.227,0.0824,451.086,12.625,10.182,41.084,13.506,0.103,479.899,-34.941,-72.412,-47.164,3209.326,0.2134,9.139,0,1,0,0
3392,3,-6.396,-15.837,17.946,-9.918,0.1744,364.552,-3.374,22.696,-18.663,-2.737,0.0282,43.23,13.761,-103.469,3.612,6429.809,0.0,26.365,0,0,0,0
3102,10,-3.274,-17.678,-4.525,-2.118,0.0904,352.181,-15.043,-18.292,15.514,-15.114,0.0,518.949,3.87,-102.317,-4.11,3667.756,0.1455,0.0,0,0,0,0
3732,10,-32.45,-27.603,18.894,-33.775,0.0,648.785,9.84,-21.999,17.523,6.859,0.1427,194.724,8.357,61.638,6.968,2650.985,0.0681,0.0,0,0,0,0
3912,10,-20.965,-43.712,-53.735,-16.515,0.6963,421.081,-8.384,0.294,-27.37,-7.195,0.4301,100.544,-17.663,-115.553,-26.629,3925.739,0.5804,39.658,1,0,1,1
3474,5,-3.814,-53.884,26.673,-6.269,0.156,420.535,-14.451,-0.687,18.515,-14.362,0.0193,349.688,-23.273,251.873,-23.532,152.28,0.2911,11.14,0,0,0,0
3204,10,-28.249,29.223,4.987,-29.508,0.1082,417.117,-4.776,2.234,11.382,-5.495,0.0023,238.056,-43.104,-133.715,-43.695,5295.447,0.2095,25.324,0,0,0,0
1815,10,-8.492,-32.812,-18.377,-8.919,0.6815,332.195,-7.85,-14.513,-39.147,-9.511,0.3313,68.037,-45.713,-4.722,-42.288,437.971,0.7498,39.184,0,0,0,1
1375,10,-4.075,6.895,63.053,-5.214,0.1034,306.503,5.629,-5.248,-20.931,4.383,0.0,448.968,-12.229,68.691,-17.45,3885.722,0.1241,14.37,0,0,0,0
3032,5,-16.614,-4.297,64.557,-17.256,0.1343,413.668,-4.843,9.499,-0.398,-5.355,0.0559,254.47,38.323,-5.755,49.084,1187.702,0.4616,30.179,0,0,0,0
1062,5,-1.933,-54.677,8.413,-2.163,0.1029,208.815,2.67,-1.611,-6.26,2.572,0.0155,447.46,2.918,82.909,-7.258,5171.409,0.0,20.38,0,0,0,0
4225,5,-10.979,-40.068,-55.052,-13.701,0.4958,506.638,-7.294,-24.615,16.31,-10.726,0.103,164.789,84.448,-159.265,89.288,4926.767,0.4648,64.398,0,0,0,0
499,3,-2.06,-35.027,-63.494,2.714,0.1619,273.129,-1.002,-22.417,10.284,-1.117,0.1651,62.014,-46.17,93.756,-46.021,1151.634,0.4986,98.075,0,1,0,1
3357,3,-1.089,-14.226,-42.419,-1.315,0.4324,482.953,-0.539,19.272,-38.307,-0.043,0.0,20.697,-52.212,-172.862,-51.152,9767.767,0.2904,53.114,1,0,0,0
3307,5,11.134,3.989,33.038,11.424,0.1452,374.184,17.759,-32.925,18.483,14.126,0.03,510.262,7.471,188.563,10.24,965.019,0.1254,17.106,0,0,0,0
659,10,11.961,22.882,3.488,13.255,0.0641,171.435,20.035,-6.043,-40.281,22.905,0.0,218.053,34.401,89.81,31.808,981.547,0.2458,22.962,0,0,0,0
3321,10,5.015,2.71,18.69,6.426,0.0579,133.249,8.824,-32.63,15.567,10.342,0.1653,409.23,-40.867,-21.326,-51.127,153.053,0.1922,0.0,1,0,1,0
4227,3,20.052,-52.48,-23.267,23.137,0.4892,494.823,22.718,-30.757,32.595,22.473,0.0,367.453,-67.635,63.337,-80.246,4234.098,0.3578,40.512,0,0,0,0
706,3,-17.308,-37.328,-35.356,-15.484,0.5953,78.308,-3.764,-21.503,-21.879,-2.483,0.5314,227.951,49.161,-148.724,50.32,319.171,0.7767,69.408,0,0,1,1
1313,5,-32.024,-16.313,-8.813,-30.879,0.4061,284.054,-14.803,-25.816,1.432,-12.275,0.2532,24.377,-5.596,-101.747,-10.857,4886.321,0.7087,71.625,1,0,1,1
4664,3,-23.511,24.587,-7.643,-27.668,0.0718,478.987,0.257,-21.914,21.652,-3.402,0.1029,184.924,-14.529,-97.426,-16.267,857.808,0.0,11.099,0,0,0,0
3385,10,13.307,-41.47,-61.874,17.354,0.0023,588.632,-6.888,-31.731,13.611,-4.172,0.092,330.72,-36.494,-13.954,-27.211,7014.048,0.096,8.205,0,0,0,0
1335,3,-11.817,-56.604,-77.111,-11.541,0.5661,300.387,-1.862,-19.89,-12.554,-2.706,0.2222,213.157,30.617,-105.252,24.623,4155.438,0.6887,62.106,1,0,0,1
2022,3,-15.716,-40.704,-94.105,-14.395,0.3492,289.291,-4.569,-21.688,-43.329,-7.888,0.1113,33.807,64.002,-76.09,70.586,2450.278,0.5695,70.822,0,0,0,1
3259,10,22.41,-11.207,-14.075,20.599,0.192,303.643,-5.113,-29.455,29.425,-3.749,0.2189,375.391,-13.3,20.767,-8.095,3808.989,0.4645,39.68,0,0,0,0
1998,10,-24.764,37.055,23.881,-28.169,0.1346,305.047,-11.945,-6.377,-11.399,-12.659,0.1142,76.806,-23.877,-14.505,-21.36,4255.191,0.2392,17.411,0,0,0,0
3191,10,4.793,-15.685,29.906,7.619,0.1146,408.066,9.136,17.953,18.778,8.265,0.0535,103.075,46.717,-31.323,44.286,4793.769,0.0821,27.247,0,0,0,0
439,3,-21.975,-12.968,-48.824,-20.137,0.0,771.255,32.132,-38.61,-7.38,35.619,0.0136,253.339,27.568,64.18,22.127,6475.918,0.0,15.706,0,0,0,0
3022,10,-22.39,-34.903,-39.104,-23.809,0.0,290.864,1.584,-14.386,-34.296,2.658,0.0142,508.554,21.355,40.589,15.157,1979.87,0.2682,22.344,0,0,0,0
1894,10,19.868,-4.12,26.991,19.717,0.1112,400.586,23.821,27.726,-54.25,24.306,0.1623,265.813,32.759,60.52,35.475,7073.589,0.1791,21.772,0,1,0,0
4316,10,7.61,-24.76,11.549,10.432,0.1238,123.637,5.524,9.505,-38.519,6.493,0.0,423.416,-26.087,80.324,-24.803,6665.428,0.3001,23.522,0,0,0,0
438,5,-24.489,-35.253,-45.041,-24.088,0.5145,249.215,-5.557,-24.102,-1.234,-4.297,0.3218,326.364,1.61,-79.531,-2.283,3384.196,0.6805,48.977,0,0,1,1
3784,10,-10.003,42.887,-40.64,-10.671,0.2698,379.66,-2.072,20.389,-26.16,-3.687,0.0253,414.704,-74.281,-132.64,-81.869,1677.593,0.4558,2.041,0,0,0,0
4544,5,-9.725,-88.24,-41.188,-11.251,0.6995,100.101,-9.052,6.411,-14.383,-10.054,0.0102,134.266,2.647,49.11,14.724,2531.287,0.7328,70.942,1,0,0,1
4831,10,-19.583,-25.307,-85.961,-19.98,0.6768,208.56,7.761,-11.501,-6.875,9.285,0.0956,215.125,-71.557,187.31,-75.063,682.505,0.8656,38.572,1,1,0,1
4654,3,-2.238,11.129,-16.558,2.546,0.1802,245.072,0.129,-0.74,20.729,0.225,0.1127,61.573,21.779,-0.986,28.681,2529.936,0.0,9.511,0,0,0,0
97,3,7.734,-1.002,-41.489,7.528,0.1265,550.31,6.774,-14.015,21.082,4.194,0.1277,641.835,-46.355,62.089,-48.443,6022.97,0.2166,0.0,0,0,0,0
3591,5,0.036,32.457,67.113,0.062,0.1781,439.891,6.522,1.226,71.654,7.907,0.1376,288.721,30.081,131.521,21.177,581.54,0.0,17.255,0,0,1,0
4244,5,8.044,36.057,100.0,9.24,0.0,561.874,-11.181,-10.821,-25.084,-11.154,0.0706,81.268,73.861,-1.87,67.677,5906.212,0.1344,6.903,0,0,0,0
2511,10,-27.927,-82.51,-23.345,-28.195,0.6691,210.669,-10.09,-19.744,-6.037,-8.724,0.4001,185.482,-27.542,113.155,-41.391,2078.669,0.7898,90.096,0,1,1,1
949,3,-25.503,-23.6,-47.35,-28.799,0.3794,406.399,-11.273,-29.512,-22.9,-7.129,0.3908,155.356,49.285,42.124,36.186,545.551,0.9197,100.0,1,0,1,1
985,3,-14.501,-34.922,-45.135,-14.814,0.7141,155.17,-10.942,-5.921,-17.879,-9.409,0.0367,151.628,61.524,-31.383,55.644,2481.614,0.8325,94.557,0,0,0,1
2809,3,-11.39,15.601,75.003,-10.696,0.0745,384.778,7.638,13.765,10.765,6.875,0.0,180.287,-31.952,158.496,-29.931,6175.445,0.4431,24.855,0,0,0,0
1089,10,-6.279,6.929,-1.454,-4.064,0.0,243.78,-17.595,-5.868,14.718,-19.634,0.0844,223.062,2.667,-60.417,5.654,6356.746,0.1859,4.88,0,0,0,0
1268,3,-10.235,-14.227,27.971,-11.688,0.0061,191.532,-10.922,-7.198,32.943,-8.491,0.0,87.784,-50.576,82.439,-37.185,1620.461,0.4468,19.162,0,0,0,0
4853,3,-18.517,-48.777,-29.507,-17.102,0.6287,171.125,-12.118,-21.082,-19.304,-10.477,0.2866,229.373,66.917,30.526,66.305,2858.373,0.8239,36.827,1,0,1,1
2053,3,-10.821,19.961,9.798,-8.483,0.0504,644.672,18.988,7.78,7.854,17.626,0.0,358.205,47.335,109.568,47.064,7007.741,0.3188,9.989,0,0,0,0
3836,5,24.575,-14.588,-77.763,24.059,0.0568,275.749,8.101,-22.1,1.128,7.756,0.0,324.537,-15.155,-39.608,-9.914,2292.38,0.1527,11.014,0,0,0,0
472,3,-30.545,-61.173,-80.019,-31.984,0.7011,265.871,-18.564,-23.812,-32.435,-18.577,0.3845,58.957,-84.959,-52.938,-84.402,5420.238,0.7318,83.402,1,1,0,1
789,10,-20.414,-6.034,-51.158,-23.081,0.7245,338.495,-14.083,-18.421,-45.521,-13.213,0.5304,80.79,33.249,-65.883,40.076,3657.28,0.6464,67.716,0,0,0,1
1415,3,25.03,-42.306,-11.337,23.279,0.0287,380.488,-21.996,14.767,61.323,-22.404,0.0,254.773,16.583,-57.613,16.233,7651.696,0.3957,13.303,0,0,0,0
3762,10,-7.601,11.167,-48.233,-7.425,0.0791,412.351,19.015,32.289,-17.499,23.316,0.0743,62.721,-30.175,114.272,-4.556,2092.556,0.0,0.0,0,0,0,0
2304,10,7.078,-32.689,21.374,7.709,0.0,332.35,9.496,-0.91,-28.666,6.343,0.0,318.821,-37.005,-85.234,-51.316,3809.866,0.4526,7.242,0,0,0,0
4336,5,9.867,10.564,-1.441,11.204,0.0898,348.291,4.209,-24.954,40.746,5.84,0.0425,53.453,-48.222,-14.648,-49.386,6963.804,0.1491,31.556,0,0,0,0
1811,5,-6.831,-60.871,-79.681,-6.887,0.6498,173.285,-12.498,-6.371,-37.232,-11.597,0.1035,212.788,-73.705,-170.425,-73.683,1851.447,0.8833,85.535,1,0,0,1
2058,5,-4.322,-5.725,-17.488,-3.242,0.0,416.637,16.405,-4.794,56.593,17.253,0.0804,254.061,12.711,120.928,9.195,3967.676,0.2463,17.791,0,0,0,0
1197,10,-0.881,-13.59,42.904,0.891,0.0251,219.107,-17.99,22.559,-0.171,-14.51,0.0,0.519,5.54,31.403,0.175,4046.684,0.074,7.424,1,0,0,0
1387,10,-9.933,25.982,-80.733,-9.24,0.1229,648.747,7.639,-18.05,-19.006,7.0,0.0606,462.228,43.62,26.515,43.415,4930.337,0.3306,28.329,0,0,0,0
1340,5,-10.998,14.068,-39.123,-10.843,0.0,777.776,1.914,4.717,19.215,5.177,0.1642,488.181,-24.725,27.205,-29.54,2583.881,0.1766,14.323,0,0,0,0
2176,3,-2.839,2.989,-62.018,-5.923,0.0535,754.277,5.471,28.477,-9.708,6.704,0.1825,284.321,-80.16,-19.231,-101.139,5587.754,0.2003,14.521,0,0,0,0
1084,3,24.621,-7.737,-3.712,23.14,0.1241,293.774,7.072,14.893,35.636,3.364,0.0,258.697,19.734,80.66,20.16,4682.343,0.2033,25.638,0,0,0,0
1734,5,-20.998,-37.914,-57.422,-18.646,0.6271,310.062,-3.305,-0.252,-23.939,-3.608,0.3601,13.597,-42.33,-130.144,-43.662,3758.18,0.6049,57.799,1,0,0,1
840,10,-23.1,-37.052,-54.611,-23.086,0.4398,391.986,-11.505,-2.312,-57.814,-10.127,0.3587,89.463,-62.256,-9.468,-82.376,2404.912,1.0,44.95,1,0,0,1
3481,10,-13.105,-19.391,-100.0,-14.94,0.661,221.15,-10.172,-11.634,-41.931,-10.972,0.2456,1.236,-64.023,-245.678,-67.614,3692.455,0.6247,64.005,1,1,0,1
834,5,-16.351,-11.092,27.289,-11.629,0.132,356.834,-0.364,-39.399,-27.195,-0.843,0.107,545.415,-74.108,19.29,-96.683,6822.716,0.2914,12.672,1,0,0,0
2345,3,7.123,7.939,-14.029,8.3,0.0597,330.829,-0.213,3.921,2.813,4.783,0.0,186.217,64.74,-2.939,65.12,6050.189,0.1905,0.0,0,0,0,0
4165,3,-13.1,-64.254,-23.602,-14.443,0.8211,401.85,-20.237,-25.326,-20.008,-20.03,0.5276,51.486,-3.671,30.061,2.622,1334.717,0.8075,51.737,1,0,0,1
2473,5,-20.061,-63.086,-57.52,-21.506,0.6289,346.599,-13.692,-12.504,-33.976,-14.968,0.3624,415.526,-67.663,201.326,-65.149,5214.159,0.4397,52.563,0,0,1,1
553,5,-6.456,-21.472,-54.119,-7.204,1.0,77.23,-21.068,-3.519,-18.693,-19.505,0.1083,87.618,5.079,-253.992,3.28,3447.194,0.5535,87.554,1,0,0,1
673,3,2.506,-9.397,-18.761,8.506,0.0516,609.61,-2.735,-5.066,-4.21,-3.005,0.0,495.775,-33.891,20.1,-32.305,2231.316,0.1977,17.906,0,0,0,0
864,3,-31.878,41.274,8.618,-34.31,0.1222,501.41,1.256,-11.746,-53.28,-1.762,0.1514,149.777,1.092,24.02,-0.009,3089.253,0.4402,25.314,0,1,0,0
3587,5,7.304,-0.763,-49.654,8.603,0.0,583.214,-7.029,41.772,-0.109,-6.753,0.1106,440.211,-9.183,142.629,-9.596,882.611,0.1924,11.974,0,0,0,0
3230,5,-4.658,22.986,17.927,-5.103,0.0227,498.731,-0.711,-27.045,2.392,0.039,0.0008,310.965,63.94,-46.533,72.688,2381.601,0.2543,30.169,0,0,0,0
3140,5,-24.31,-22.266,-20.099,-19.528,0.4101,236.141,-0.811,-22.788,-6.717,-0.718,0.0193,47.759,18.323,26.453,26.189,3268.672,0.7689,42.293,1,0,1,1
4337,10,10.035,-8.229,1.685,9.509,0.0,427.326,2.165,5.438,-25.46,4.703,0.1074,199.958,-6.384,-117.285,-1.889,3107.469,0.1393,0.0,0,0,0,0
4548,10,-19.074,-21.286,-32.282,-19.572,0.8429,326.806,-11.546,-40.838,-34.341,-10.478,0.33,116.948,-60.752,38.33,-64.022,2934.815,0.5254,71.793,1,0,0,1
2648,5,-18.769,-25.444,-43.48,-19.026,0.3961,243.577,-25.766,-26.159,-7.137,-24.012,0.084,66.874,-29.212,-139.269,-30.655,5772.055,0.6939,35.629,1,0,1,1
3778,10,-16.45,-43.57,-62.078,-15.779,0.6152,227.123,-4.275,-42.315,-21.963,-5.704,0.2301,166.293,-2.756,81.846,-21.827,5137.761,0.7266,74.931,1,1,0,1
1127,3,38.42,-42.121,20.042,38.562,0.0,387.89,-14.16,2.123,-37.281,-12.504,0.0271,235.802,13.256,-82.448,10.827,1230.438,0.287,3.723,0,0,0,0
3117,5,-15.246,32.356,-46.582,-13.152,0.0926,547.875,11.678,12.346,-32.527,9.116,0.0,26.922,16.321,-144.009,10.121,4878.046,0.5754,19.359,0,0,0,0
1366,5,-29.271,22.203,-15.408,-30.387,0.2222,410.996,18.893,-14.08,10.07,19.584,0.2538,275.124,10.972,67.869,7.384,3661.804,0.1001,12.208,0,0,0,0
1289,10,-9.523,27.92,-61.165,-13.451,0.1167,160.472,1.374,2.952,-67.284,2.17,0.0,147.887,29.694,-11.907,44.049,1814.64,0.3191,8.449,1,0,0,0
1129,3,41.574,40.124,-37.5,42.1,0.0099,77.515,-3.44,23.011,12.184,-2.161,0.1235,179.739,52.695,-249.101,53.103,1490.958,0.2544,25.904,0,0,0,0
3479,3,5.328,14.309,45.978,6.745,0.0097,609.598,-7.396,-21.781,-64.696,-8.669,0.2,156.977,-5.193,-88.207,3.56,1568.861,0.3144,2.917,0,0,1,0
4718,3,-7.523,-33.014,-28.075,-8.537,0.6853,120.566,-13.614,-20.41,-34.869,-14.568,0.316,269.367,31.654,115.782,31.7,618.216,0.7675,51.639,1,0,1,1
4403,3,11.146,51.565,-34.569,11.458,0.0986,538.472,-20.369,2.066,19.067,-14.894,0.0,234.475,29.139,-65.849,23.326,615.821,0.0,22.237,0,0,0,0
4892,10,-29.171,-47.329,-88.795,-28.131,0.4268,59.086,-4.53,1.278,-32.806,-4.376,0.7364,180.003,48.254,73.057,41.146,3896.223,0.6502,76.011,0,0,0,1
4514,3,-20.136,-18.777,16.435,-21.526,0.1416,469.302,0.013,-28.651,11.039,-0.416,0.0381,607.964,23.821,-16.868,27.894,4029.829,0.4236,10.996,0,1,0,0
4589,3,-1.449,19.228,-13.78,-0.881,0.0,182.244,-0.392,17.066,-1.337,-3.085,0.0,173.986,-24.038,128.581,-22.816,2561.227,0.2087,11.026,0,0,0,0
4618,5,-16.048,4.11,-4.011,-20.925,0.0728,252.05,-13.039,7.327,7.861,-15.942,0.1336,496.274,-14.396,26.982,-14.337,2422.981,0.3358,10.407,0,0,0,0
1282,3,-10.262,1.333,34.212,-7.687,0.0473,455.397,-8.116,9.599,0.867,-6.528,0.0786,306.646,1.322,25.351,-4.094,545.846,0.1125,10.122,0,0,0,0
2092,10,-19.515,34.531,39.419,-19.556,0.2072,399.763,4.987,37.562,-22.701,4.716,0.1793,249.372,47.561,-61.402,60.977,917.681,0.099,7.738,0,0,0,0
3418,5,12.458,-7.239,-40.237,12.381,0.2966,144.078,3.978,7.509,18.4,5.348,0.0034,7.566,-51.671,-82.066,-27.663,517.531,0.3997,32.682,0,0,0,0
4204,5,-23.124,-48.036,-7.518,-22.468,0.4058,274.861,-5.792,-20.778,-40.992,-6.746,0.0743,126.553,-91.087,-75.672,-83.671,4407.524,0.7695,37.013,1,0,0,1
557,10,0.98,-2.521,37.516,-5.282,0.1923,765.762,-14.952,31.653,23.683,-16.044,0.0913,221.816,-73.34,-170.285,-73.934,2985.168,0.3041,17.333,0,0,0,0
132,10,12.945,-38.503,-17.47,13.557,0.0216,828.271,14.187,-2.298,41.847,14.26,0.2006,353.507,27.278,61.147,28.458,2417.45,0.3087,17.687,1,0,0,0
779,10,-9.054,-17.671,-53.256,-9.192,0.6434,183.956,24.759,-27.679,33.221,27.824,0.1069,385.787,67.035,64.095,73.001,506.853,0.3049,65.283,0,1,0,0
1725,10,15.543,-6.318,-20.387,13.699,0.1786,332.895,-5.991,-10.609,23.691,-9.371,0.0,782.815,-48.858,-255.128,-47.981,5035.756,0.1799,14.483,0,0,0,0
4677,3,-16.85,-42.697,-32.562,-19.842,0.0431,472.137,13.471,-22.538,28.925,10.755,0.0994,327.831,31.255,94.32,42.011,3776.512,0.5505,31.513,0,0,0,0
4034,10,-12.562,-67.094,-65.113,-10.933,0.3604,198.307,-11.755,-48.312,-35.428,-10.638,0.0,121.993,-67.011,-145.819,-74.148,2599.84,0.6803,43.37,1,0,0,1
2264,5,-13.27,12.641,11.568,-13.563,0.0921,150.723,-1.819,-10.491,-19.029,-6.344,0.1396,524.76,6.067,-109.624,1.446,2039.092,0.1638,28.971,0,0,0,0
4066,5,-6.099,-19.32,-51.244,-7.028,0.0177,454.621,19.322,6.559,-62.513,17.862,0.1158,147.724,-7.432,-46.485,-5.067,1306.514,0.4046,8.372,0,0,0,0
46,5,13.028,-14.526,-13.752,14.424,0.1142,205.974,1.478,-16.077,-30.182,2.383,0.0,169.119,13.805,12.969,10.476,217.456,0.2564,19.889,0,0,0,0
1069,3,15.283,6.238,-7.775,18.814,0.0622,649.309,2.442,32.671,-26.172,2.614,0.0638,354.353,-27.338,73.778,-30.736,3036.997,0.1791,7.917,0,0,0,0
242,5,-1.691,-12.209,27.413,-3.386,0.0231,219.685,15.17,-4.072,14.625,16.601,0.0,459.79,-9.824,-135.089,-6.361,2202.513,0.1341,17.562,0,0,0,0
741,5,9.502,-79.861,-14.554,8.748,0.5733,443.66,1.515,-20.6,-42.701,1.813,0.3316,197.943,-4.67,-214.577,-1.259,1078.35,0.5943,35.462,1,0,1,1
3630,3,-6.511,-15.201,-66.026,-6.37,0.2376,407.359,-14.752,42.892,-15.151,-14.782,0.0198,596.521,57.909,-11.242,51.728,1573.654,0.5978,41.484,0,0,0,0
2760,10,2.303,44.11,4.478,3.183,0.0427,104.459,-6.389,-32.405,0.446,-5.756,0.0,571.2,23.09,116.802,26.121,6466.463,0.1651,9.073,0,0,0,0
127,5,-25.173,-54.607,-50.973,-24.302,0.6698,133.877,-3.044,-11.456,-53.743,-2.062,0.2366,18.24,-28.059,-78.994,-27.114,3723.538,0.7078,82.249,1,0,0,1
2255,10,-22.89,-75.782,-0.971,-21.944,0.4184,388.12,-4.88,-18.133,-33.244,-5.91,0.4789,187.176,-16.72,-124.127,-12.564,4707.334,0.8047,92.771,1,1,0,1
4343,5,-7.202,-42.937,-40.02,-8.675,0.8739,232.962,-3.241,-15.024,-61.28,-4.503,0.4031,97.14,26.558,-216.911,25.474,5142.74,0.5983,64.741,1,1,0,1
559,5,12.421,38.392,18.938,12.973,0.0,417.945,-14.244,8.064,-34.264,-12.674,0.1609,420.593,27.372,-41.028,40.61,8604.749,0.4442,37.975,0,1,0,0
721,5,-10.089,-14.453,26.218,-13.958,0.1496,459.072,-5.326,-0.911,70.86,-4.566,0.214,81.559,-6.203,94.585,-0.81,4456.56,0.0,0.0,0,0,1,0
4240,3,-6.289,-40.911,-64.206,-5.342,0.1278,325.442,-9.949,-3.65,-26.027,-10.866,0.2693,36.995,-100.924,-27.603,-108.452,1970.4,0.9825,89.134,1,0,0,1
676,10,-30.783,-38.152,-20.307,-30.99,0.1895,380.323,15.606,23.528,25.764,12.657,0.02,412.868,-5.128,100.355,-9.818,2399.297,0.3282,26.982,0,0,1,0
1671,10,-3.905,2.41,6.183,-3.595,0.1555,369.63,-8.865,0.949,20.938,-9.924,0.0959,331.866,53.224,-112.686,55.522,5220.392,0.198,43.667,0,0,0,0
2322,3,14.945,45.227,-38.988,12.872,0.2188,420.307,1.399,-25.836,10.273,-0.914,0.0222,247.792,-19.324,8.573,-20.418,3031.243,0.3081,4.413,0,0,0,0
2762,3,-5.587,10.526,-4.3,-4.271,0.01,584.949,10.644,-22.851,0.549,7.059,0.029,416.281,-36.361,-50.152,-26.964,2430.68,0.2843,17.634,0,0,0,0
4312,10,6.924,10.004,35.858,7.65,0.0,431.458,9.455,-8.468,2.485,8.755,0.084,142.356,-26.734,157.987,-16.434,6095.669,0.1307,2.969,0,0,0,0
1563,10,-30.109,-41.181,-19.418,-29.726,0.6575,152.425,-16.536,-17.128,-63.333,-15.353,0.2991,137.685,76.578,9.339,80.031,1846.622,0.6537,86.883,1,0,0,1
3744,3,-36.634,-42.994,-23.019,-34.511,0.411,224.04,-8.595,-24.661,-7.99,-9.478,0.1974,81.211,11.104,67.567,7.918,6099.753,0.9091,94.173,1,0,1,1
2518,5,-20.365,64.612,-17.337,-23.43,0.11,56.972,-0.605,-30.3,15.56,2.41,0.0543,399.133,-20.577,-3.071,-18.852,4365.758,0.2182,0.0,0,0,0,0
2341,10,-19.862,1.982,-2.421,-16.513,0.1067,357.306,10.435,26.076,-28.329,9.209,0.0,331.485,45.16,30.231,39.85,1852.626,0.4314,12.8,0,0,0,0
2403,10,-7.152,-41.313,-19.953,-4.065,0.0937,589.542,-2.366,-9.619,-11.858,-0.171,0.0716,417.429,45.378,181.198,26.021,923.926,0.0635,12.112,0,0,0,0
4021,10,-13.547,-2.575,-51.556,-16.813,0.4733,364.096,-16.848,-21.726,-20.375,-13.447,0.1455,73.829,15.704,87.106,11.645,0.787,0.7425,53.578,0,1,0,1
4223,3,-13.217,-41.131,-79.496,-9.109,0.6002,79.428,0.821,-25.951,-18.763,0.791,0.2283,51.567,47.676,99.222,41.934,7217.386,0.6461,84.6,0,0,0,1
4990,3,1.387,-17.182,-57.836,4.288,0.023,266.976,-19.831,-15.633,-10.988,-22.355,0.0581,546.439,30.778,-78.846,35.75,954.918,0.0,41.321,0,0,0,0
497,5,-2.744,-54.53,-22.28,-0.298,0.5693,181.092,6.12,-1.656,-25.017,3.08,0.234,37.813,-8.932,-135.256,-13.789,937.434,0.729,86.951,1,1,0,1
1102,10,-5.289,-47.424,20.117,-4.645,0.0852,468.221,0.285,-39.779,12.945,-0.413,0.0,503.939,27.218,-49.701,30.279,3086.873,0.0944,26.285,0,0,0,0
4136,3,-12.621,-65.713,-53.051,-13.369,0.3776,127.969,-5.636,-10.482,-4.669,-5.099,0.4195,101.232,-14.069,10.01,-7.654,2691.812,0.9447,67.794,1,0,1,1
3061,3,-20.574,-47.038,-63.953,-23.127,0.6576,155.539,-3.291,-44.362,-27.952,-5.531,0.2287,300.17,77.919,-192.683,81.248,83.298,0.479,88.3,1,1,0,1
3816,10,-13.429,1.843,65.245,-10.72,0.0148,591.85,1.5,-7.327,-15.193,3.232,0.0642,163.539,-69.732,-178.872,-74.921,1653.567,0.1765,13.102,0,0,0,0
3687,10,-23.487,-36.295,-17.829,-26.172,0.3129,428.718,-15.395,-15.132,-16.078,-15.94,0.2184,189.274,28.959,-189.758,31.714,3031.208,0.7053,74.287,1,1,1,1
616,5,-5.921,-37.753,-32.033,-7.016,0.5219,209.188,-12.227,-9.833,12.919,-15.152,0.0,326.135,12.935,-24.539,11.677,3513.905,0.0543,41.995,0,0,0,0
253,10,3.727,-40.224,-34.844,3.771,0.1048,389.279,-1.647,22.864,-11.009,1.375,0.0841,420.224,-34.493,-45.346,-44.34,1671.131,0.4863,0.0,0,0,0,0
3593,10,-17.465,-48.511,-49.233,-15.46,0.4579,55.95,-2.983,-22.074,-16.932,-3.818,0.0,47.459,-11.118,-35.468,-13.139,4185.761,1.0,74.581,0,0,0,1
3274,3,7.659,-41.071,68.356,7.676,0.181,340.769,-10.516,-40.317,-14.379,-7.646,0.2347,412.686,-54.588,2.277,-60.922,3674.105,0.1568,13.781,0,0,0,0
4154,3,-0.903,-7.069,-94.982,-0.103,0.4001,198.992,-8.342,-11.072,-12.958,-9.123,0.273,216.077,2.131,77.544,20.875,2059.187,0.519,65.755,1,0,0,1
1257,10,-19.485,-25.998,-37.745,-21.499,0.9422,308.749,-17.277,-20.653,-10.448,-18.656,0.0,73.242,11.095,-146.233,12.269,1704.31,0.5947,74.285,1,0,0,1
3111,3,-20.223,-33.268,-78.869,-23.67,0.3988,242.127,-9.984,-21.402,-23.476,-8.626,0.0939,168.982,-85.924,-29.551,-100.969,1625.621,0.6825,73.827,1,0,0,1
3370,3,14.529,-33.932,9.034,17.622,0.0,135.511,6.901,9.473,30.057,7.351,0.0113,157.701,-69.097,120.394,-71.538,5066.036,0.2408,6.714,0,0,0,0
3319,5,15.506,5.899,-36.959,12.838,0.112,303.473,-12.504,-12.308,14.762,-13.009,0.0041,386.818,35.483,96.804,40.339,3206.82,0.2819,0.0,0,0,0,0
642,10,-8.911,-15.729,-40.908,-9.437,0.7423,158.495,-13.548,29.573,-23.674,-11.89,0.0612,115.741,-100.941,-115.958,-93.777,6272.5,0.5442,64.755,1,0,0,1
3609,3,10.699,-2.349,-7.618,10.748,0.0,589.336,-6.727,8.408,-14.845,-7.152,0.0,167.564,-17.532,-21.606,-21.974,1986.73,0.2734,11.678,0,0,0,0
2105,10,5.661,-30.428,-60.491,6.312,0.0,215.08,2.216,14.513,16.187,3.548,0.1204,359.263,23.044,109.026,26.208,299.178,0.2037,26.244,0,0,0,0
3393,10,33.02,-15.507,-15.654,31.353,0.1013,172.496,-7.68,-21.108,-11.01,-9.606,0.007,452.12,-44.593,48.231,-45.584,4557.55,0.4074,13.008,0,0,0,0
4574,10,-31.965,-34.137,-14.881,-31.176,0.6956,289.338,-1.142,-1.006,-29.326,-1.194,0.172,204.218,-67.756,-138.178,-68.043,2149.204,0.8139,33.928,0,0,1,1
4981,10,28.621,-16.33,39.277,28.325,0.0474,368.919,15.483,13.705,14.154,14.909,0.0,620.587,5.963,85.064,-1.456,3508.987,0.2554,13.609,0,0,0,0
1495,10,-28.657,11.386,-6.915,-32.472,0.2115,200.053,-3.998,21.947,16.763,-4.952,0.0,425.149,56.254,-40.427,59.231,5670.235,0.1462,20.564,0,0,0,0
883,5,-16.022,-22.41,70.602,-14.041,0.016,319.817,15.271,4.353,22.412,13.629,0.2065,108.919,68.355,-46.022,84.703,8712.958,0.2346,11.328,0,0,0,0
3869,5,-17.894,-30.002,-61.258,-17.434,0.7221,173.193,-25.569,-19.968,-51.021,-27.256,0.3292,122.202,-36.142,-119.787,-28.6,62.29,0.7343,91.535,0,0,1,1
3237,5,-4.747,29.997,-26.774,-1.68,0.1239,418.41,-26.091,4.326,8.174,-23.559,0.0214,371.241,27.918,35.441,30.923,479.207,0.1076,0.0,0,1,0,0
711,5,-21.427,-16.644,-82.225,-20.344,0.7752,129.342,-8.795,-21.514,-29.283,-7.788,0.6396,134.472,-55.37,33.327,-59.284,2159.41,1.0,100.0,1,0,0,1
2242,10,-10.678,29.865,100.0,-12.184,0.0602,776.923,4.849,35.131,-23.446,3.519,0.1344,275.147,-49.915,37.636,-41.121,4839.86,0.1698,20.343,0,0,0,0
406,3,-15.498,-45.176,-62.223,-14.552,1.0,176.981,0.297,-22.657,-9.309,2.624,0.3498,346.415,51.289,-266.938,48.74,3611.916,0.7046,48.876,1,0,0,1
4872,3,-20.383,-25.895,-88.717,-21.136,0.8989,281.062,-10.687,-15.312,-41.625,-11.756,0.2325,40.825,21.624,-46.458,23.026,3441.069,0.8837,69.76,1,0,1,1
1694,10,-24.465,-51.594,-31.035,-23.473,0.3007,366.798,-4.701,-15.594,-29.011,-6.082,0.3816,447.244,-47.406,-34.752,-44.937,3908.852,1.0,62.497,0,0,0,1
1157,10,3.948,-48.461,64.919,3.627,0.1208,219.302,-8.647,14.463,3.125,-10.569,0.0,359.998,54.906,51.038,59.41,3210.133,0.2318,33.95,0,0,0,0
1754,5,-23.511,-57.751,-13.958,-20.433,0.7549,123.69,-8.298,-1.793,-10.689,-6.672,0.463,122.895,30.006,-203.966,25.003,2745.86,0.8012,89.195,0,0,0,1
4750,10,12.207,-22.572,22.646,9.406,0.106,189.676,-3.579,26.23,20.415,-3.8,0.0193,306.749,36.322,-42.311,29.004,6242.702,0.2213,1.535,0,0,0,0
2838,5,-22.446,-62.62,-20.771,-18.678,0.3935,337.957,-4.442,-7.269,-26.59,-5.937,0.0545,334.01,-17.367,46.938,-10.471,639.754,1.0,77.815,1,1,0,1
1681,5,-13.236,-79.324,-24.71,-11.972,0.5837,447.984,1.749,-16.809,-49.62,3.433,0.2231,46.994,2.606,-72.278,-5.135,1811.198,0.976,31.189,1,0,1,1
3277,3,-17.633,-15.582,-4.788,-15.228,0.0383,519.809,20.745,-11.23,-16.032,18.4,0.0,407.175,-17.987,29.206,-23.24,1499.991,0.247,9.99,0,0,0,0
321,3,8.176,-25.757,-33.253,8.141,0.5208,241.409,0.956,24.774,32.521,-3.139,0.0,81.792,46.83,-4.907,41.915,4325.719,0.7139,17.29,0,0,0,0
1818,5,7.243,-2.911,-11.414,9.127,0.0,566.87,-2.818,-3.186,-2.644,0.128,0.0049,412.596,32.056,36.417,30.317,7254.026,0.2511,13.837,0,0,0,0
1972,5,-5.832,-15.789,-49.905,-2.064,0.0309,392.195,-7.146,24.401,-51.425,-9.569,0.1058,193.84,-20.062,-142.645,-9.968,4804.177,0.4736,11.26,0,0,0,0
1751,10,-14.743,-48.261,-43.401,-17.133,0.3994,359.934,-4.816,-35.491,-3.716,-7.171,0.3086,218.547,-73.455,-94.358,-84.531,3564.728,0.9291,64.013,1,0,1,1
141,5,-20.315,30.171,-27.961,-22.246,0.0712,502.221,-16.542,-5.725,-30.599,-14.095,0.0938,247.82,-18.421,-169.629,-19.114,2190.859,0.5014,0.0,0,0,0,0
3538,5,-14.9,9.571,13.154,-14.846,0.0,276.451,4.536,-2.669,-4.673,4.492,0.0359,325.28,-42.344,-15.467,-54.041,789.226,0.1776,29.507,0,0,0,0
1755,5,7.325,62.185,78.503,5.537,0.1173,339.018,4.404,-17.866,-3.899,6.598,0.0762,252.097,76.725,14.325,69.515,4374.454,0.4283,17.398,0,0,0,0
437,10,-7.873,-20.837,-15.32,-10.136,0.069,451.82,-1.859,-7.293,-10.028,-3.016,0.0,425.23,59.342,25.498,70.592,1122.509,0.1573,24.59,0,0,0,0
4951,5,-15.241,56.243,-5.559,-15.243,0.1944,176.373,7.536,-21.963,-2.763,7.493,0.0,388.262,14.454,-63.694,13.316,1339.934,0.3593,5.453,1,0,1,0
3081,3,-21.448,10.499,-79.142,-21.619,0.0488,439.658,2.86,32.307,39.01,4.164,0.1196,261.278,-4.783,84.555,4.862,4422.1,0.1763,21.82,0,0,0,0
1493,5,-3.752,7.421,19.381,-6.271,0.0487,237.82,6.135,-9.859,-11.174,7.736,0.0,245.189,43.136,-132.866,50.33,3500.838,0.1883,36.422,0,0,0,0
1510,3,8.245,-15.051,49.381,5.429,0.0,398.095,4.533,4.721,-5.174,8.044,0.1915,435.137,-70.353,42.111,-79.934,2082.236,0.152,0.0,0,0,0,0
4261,3,0.041,-23.887,-30.601,0.853,0.4146,40.612,3.723,-10.392,-39.302,4.564,0.2229,197.786,35.229,18.284,39.224,117.493,0.6612,31.132,1,0,0,1
2619,10,9.526,15.535,-6.716,10.756,0.0698,189.053,-1.743,-4.227,-18.637,-3.705,0.0,476.42,47.117,125.593,69.836,2884.316,0.2076,20.804,0,0,0,0
4631,5,-7.076,1.106,31.643,-5.389,0.0,152.302,10.592,4.82,42.109,12.058,0.0,318.631,-44.744,111.063,-35.232,1474.572,0.0,28.345,0,0,0,0
221,10,-1.358,-28.058,-57.403,-2.692,0.4821,303.503,-4.523,-8.419,-9.347,-1.509,0.5027,88.942,-13.39,-15.215,-18.747,2459.429,1.0,76.309,0,1,0,1
3856,10,9.66,7.561,-21.465,10.82,0.0,676.706,20.258,4.418,-28.612,21.397,0.0,548.602,-18.308,99.677,-19.892,3615.232,0.3556,16.627,0,0,0,0
697,10,-4.69,48.592,-14.848,-0.349,0.0985,597.858,-8.946,2.352,51.158,-7.505,0.0904,411.469,-4.76,105.771,-20.005,7454.667,0.0903,4.196,0,0,0,0
780,10,-7.167,33.089,-1.903,-11.135,0.227,473.853,-25.126,-9.067,-21.18,-26.661,0.1299,524.542,-61.718,-163.152,-76.236,2056.914,0.2586,8.143,0,0,0,0
3632,10,4.701,31.485,28.396,5.567,0.2243,603.156,4.169,30.945,-12.685,2.93,0.1339,93.865,16.14,24.234,25.697,1762.848,0.3438,29.088,0,0,0,0
2417,3,-10.885,-19.906,-38.839,-12.03,0.0068,192.452,-8.089,-10.237,-62.035,-10.807,0.5413,155.271,-20.904,-92.934,-5.309,651.844,0.5973,38.025,1,0,0,1
1072,3,-12.797,18.243,-1.487,-17.833,0.0,192.752,-2.095,26.732,14.112,-0.845,0.0,316.48,23.906,-123.205,15.015,1638.402,0.0587,0.0,0,0,0,0
3843,5,-5.113,-3.058,0.964,-1.759,0.1817,4.766,-10.574,-26.373,-23.694,-13.051,0.0,394.68,66.156,34.512,79.443,1144.092,0.0837,19.192,0,0,0,0
2462,5,11.389,15.75,-33.218,9.344,0.1237,490.551,11.983,-4.769,-54.565,13.459,0.0,214.563,-6.346,-17.354,-7.159,2556.823,0.1388,35.628,0,0,0,0
4632,5,17.351,-2.835,-41.003,17.502,0.1667,280.272,-8.213,-10.631,13.017,-9.03,0.0095,483.859,30.75,0.929,21.631,4769.21,0.1772,23.804,0,0,1,0
2202,3,3.608,22.551,-4.872,2.833,0.0,375.74,0.693,12.301,-32.017,5.62,0.0481,82.443,-3.74,46.828,-6.49,873.907,0.1696,6.441,0,0,0,0
4079,3,-18.702,25.221,12.173,-18.058,0.0856,373.814,19.687,1.172,24.535,16.56,0.0,3.6,8.954,-35.777,20.02,9349.703,0.236,19.729,0,0,0,0
783,10,-19.555,-40.318,-49.878,-19.523,0.674,238.524,-12.648,-22.542,-38.311,-11.423,0.4447,153.567,-16.231,-99.146,-25.334,3035.375,0.8738,81.934,0,0,0,1
4963,5,-28.065,-46.511,-81.902,-28.493,0.6701,55.185,-6.734,-0.843,-42.373,-6.717,0.1987,51.488,-64.034,192.973,-73.488,2618.894,0.5104,90.022,0,0,0,1
3611,10,37.569,15.052,-51.247,37.44,0.1405,547.922,28.425,21.514,-1.39,32.241,0.0225,245.118,-46.068,-85.153,-44.09,1554.391,0.3234,25.869,0,0,0,0
199,10,-15.612,-30.36,-49.414,-18.687,0.4956,343.797,-12.036,-26.255,-51.18,-9.171,0.3191,101.324,31.88,136.54,34.992,2120.366,1.0,62.357,0,0,0,1
3454,10,14.58,37.34,-21.394,12.583,0.1573,643.656,3.254,-31.446,-57.13,-1.978,0.1789,60.033,-52.527,10.235,-58.597,4897.224,0.0,31.316,0,0,0,0
3957,5,-14.821,-2.816,-22.921,-18.595,0.3565,297.815,-6.172,-8.582,7.662,-3.693,0.0,323.126,12.035,112.107,12.042,5087.491,0.411,54.179,0,1,0,0
2393,5,4.733,-1.413,53.708,3.662,0.064,123.344,12.61,-3.723,6.473,12.22,0.181,147.874,-24.899,25.541,-30.18,5488.719,0.0,24.828,1,0,0,0
3924,5,-32.16,-26.476,-18.106,-31.896,0.4676,233.484,-11.186,-30.156,-15.532,-10.553,0.5641,25.071,-59.0,-75.439,-61.987,6304.767,0.9326,53.164,1,0,0,1
4952,5,1.951,-36.776,-48.703,7.603,0.4412,385.28,-12.009,-52.407,17.444,-11.144,0.0922,266.122,-10.491,-109.677,-19.56,1012.544,0.6362,68.574,0,0,0,0
283,5,-13.927,-18.59,13.146,-12.366,0.0,623.948,16.967,8.106,-21.936,14.965,0.0387,642.225,28.619,-49.882,22.426,7610.274,0.0069,12.858,0,0,1,0
3842,10,-5.541,-27.949,-8.672,-7.751,0.3381,753.9,12.759,-39.006,-45.947,12.43,0.0,522.005,-9.296,-7.697,1.438,4847.623,0.2357,53.092,0,0,0,0
3496,10,5.755,-15.433,-14.341,3.765,0.119,383.426,-18.132,4.637,5.911,-20.842,0.0887,327.749,28.995,-85.379,36.766,4395.077,0.3291,23.791,0,0,0,0
584,3,-39.39,12.788,-99.861,-39.455,0.4887,304.339,1.588,-4.19,-50.736,-1.709,0.6376,209.822,-56.797,-42.195,-69.021,4631.77,0.9946,45.805,1,0,1,1
126,5,-18.712,-16.174,-34.779,-17.138,0.0746,677.778,-6.606,12.915,-19.203,-6.791,0.0,12.774,-50.08,234.49,-60.147,5015.568,0.1787,23.331,0,0,0,0
1851,10,5.624,13.339,56.412,6.459,0.0,220.129,-6.815,5.324,76.309,-9.457,0.0,162.681,-23.208,128.499,-13.777,3055.299,0.1603,15.214,0,0,0,0
2745,5,31.658,24.133,16.821,31.992,0.0411,229.991,14.434,17.482,1.437,16.094,0.0182,397.388,36.249,-60.823,43.791,1675.85,0.1887,20.398,0,0,0,0
4559,5,-15.903,-3.035,-67.879,-14.835,0.6517,287.809,0.488,-4.757,-1.677,-1.012,0.2839,226.047,-0.293,72.862,-1.36,3245.811,0.4345,51.25,0,1,0,1
4087,5,-27.282,-36.693,-96.202,-29.425,0.4408,241.784,-8.997,-29.064,15.584,-7.657,0.3391,4.898,-13.085,-104.294,-12.397,5134.312,0.9929,62.841,0,0,1,1
854,5,-0.485,-31.518,-26.356,1.511,0.0788,423.241,3.647,-4.519,-49.934,2.723,0.2238,247.553,-40.402,-15.003,-39.753,3717.952,0.0422,0.0,0,0,0,0
994,10,-14.897,-6.332,-98.814,-14.163,0.231,517.021,-1.133,49.135,44.517,-1.681,0.0,86.016,-59.609,42.708,-63.431,4848.459,0.1431,24.046,0,0,0,0
4992,10,1.478,25.288,9.274,-0.538,0.0112,469.713,4.71,-26.009,-7.613,4.343,0.0348,29.439,-1.651,117.784,12.778,2633.922,0.163,20.212,0,0,0,0
1355,5,-14.841,-39.404,-55.057,-17.371,0.5625,16.922,-1.256,-0.88,-3.929,-1.03,0.3277,185.705,34.119,83.025,36.744,5522.49,0.6739,69.46,0,1,0,1
4540,3,-4.067,18.327,-28.926,-5.63,0.0222,158.317,-12.154,14.514,39.096,-16.833,0.0,262.707,-30.056,99.91,-28.155,6020.99,0.0,5.384,0,0,0,0
2590,5,10.838,39.051,22.382,9.094,0.1118,228.079,-5.263,-15.598,69.84,-1.77,0.0,449.04,8.35,-51.803,20.92,787.578,0.0883,0.0,0,0,0,0
3659,5,-18.829,-29.319,-46.295,-17.655,0.4083,234.314,-6.421,-10.283,-27.179,-4.582,0.0275,610.989,-54.867,-11.033,-60.665,4209.475,0.3096,73.67,0,0,0,0
304,10,-19.367,-65.832,-24.624,-19.634,0.7076,329.874,6.941,-20.036,-51.648,6.614,0.3543,205.808,48.283,-103.622,48.444,1943.207,0.4996,41.274,0,0,0,1
2211,10,-4.957,-10.282,-52.786,-6.579,0.155,247.327,3.638,-21.866,-4.534,4.596,0.1431,386.297,-10.648,-49.071,-8.506,5456.721,0.3193,45.651,0,0,0,0
3519,3,32.568,4.974,36.38,34.064,0.0343,423.52,17.609,-10.352,-11.322,17.625,0.0,622.511,36.073,-219.829,44.178,4243.977,0.1842,11.791,0,0,0,0
615,10,-28.256,-37.789,-36.076,-30.127,0.722,191.028,-19.454,-34.501,-28.949,-22.33,0.1226,106.955,-35.28,-96.05,-43.705,5662.605,0.7356,70.129,0,0,1,1
3539,10,-5.119,-35.215,48.27,-8.196,0.0,307.85,4.392,14.067,-31.127,2.475,0.0478,204.82,15.161,35.85,8.096,558.627,0.1867,48.842,1,0,0,0
3653,3,5.437,-2.604,43.235,4.009,0.0,538.988,-17.792,-9.766,11.967,-15.804,0.0,278.679,38.804,23.665,47.028,3877.411,0.243,15.752,0,0,0,0
2811,10,30.42,-8.811,51.84,31.854,0.0,448.894,-2.812,-54.272,20.82,-2.257,0.0,351.613,-21.353,-77.646,-32.283,3656.843,0.111,0.318,1,1,0,0
1373,5,16.668,-29.546,-4.283,14.271,0.1474,504.624,16.132,-8.439,47.439,12.006,0.0878,473.747,23.045,10.518,16.242,6146.743,0.0,7.9,0,0,0,0
1758,10,-9.725,-6.42,-21.867,-9.346,0.3307,296.118,5.292,15.291,-19.959,6.867,0.1618,373.265,39.748,3.496,30.708,2168.266,0.0188,29.581,0,0,0,0
631,10,-21.053,-61.675,-87.817,-22.385,0.3781,174.144,-15.864,20.121,6.297,-12.749,0.0,210.735,6.678,-87.038,15.411,4235.486,0.5634,70.909,0,0,0,1
1762,5,-14.394,-25.943,-3.376,-14.255,0.0876,486.801,7.982,3.87,33.188,8.34,0.0918,24.242,-11.146,29.639,-3.572,5920.409,0.4189,7.921,1,0,0,0
1361,5,23.593,34.994,-1.336,23.607,0.0,675.97,3.061,-29.638,2.932,4.993,0.1175,363.54,4.47,-67.315,-2.109,2473.226,0.324,13.508,0,0,0,0
385,3,12.764,36.736,4.782,12.069,0.0939,294.489,-15.642,-10.528,2.941,-13.292,0.097,130.006,48.214,39.153,52.484,3563.47,0.2468,0.0,0,0,0,0
862,3,9.915,-1.619,21.973,10.867,0.0,284.182,-8.223,-1.291,1.563,-8.506,0.0,383.415,30.062,-44.348,28.395,1779.734,0.0172,11.598,0,0,0,0
551,3,7.43,-0.031,16.528,6.121,0.1499,273.879,-27.65,15.612,4.766,-27.07,0.2429,422.772,-80.611,93.892,-75.131,4175.526,0.1746,0.0,0,0,0,0
1547,10,-24.438,-10.382,-29.3,-22.904,0.3603,279.537,6.932,-16.044,-45.161,8.798,0.2141,185.59,21.207,-133.815,17.279,2337.356,0.4686,61.447,1,1,0,1
1950,5,-13.175,-41.124,-43.523,-13.963,0.5534,814.106,-8.427,13.933,-26.97,-6.005,0.1825,425.248,0.602,-47.683,2.295,1893.012,0.5051,59.585,0,0,0,0
1676,5,-2.04,6.751,26.911,-0.048,0.0467,462.025,-29.665,-20.531,37.596,-30.246,0.1212,416.047,32.25,-3.263,22.311,3765.341,0.3257,0.0,0,0,0,0
4145,5,2.805,20.62,-21.762,4.088,0.0,337.416,-0.981,14.354,8.516,1.013,0.1369,440.265,27.502,30.855,15.271,5789.15,0.1917,30.268,0,0,0,0
60,10,3.753,40.884,-32.465,5.222,0.0,472.126,10.824,-7.378,-41.412,8.979,0.0,253.526,-8.265,-58.45,-18.59,5062.984,0.118,4.366,0,0,0,0
2441,10,20.102,-3.912,14.233,21.38,0.0,171.654,-5.671,0.869,34.146,-6.825,0.0,296.224,-28.652,23.807,-38.463,4092.39,0.2408,0.0,1,0,1,0
4014,10,6.502,6.854,-0.336,7.442,0.0323,529.706,17.207,22.794,30.41,14.757,0.1774,325.316,51.935,67.748,52.857,3283.606,0.2652,27.696,0,0,0,0
3330,3,-23.858,57.684,7.723,-22.873,0.0736,506.528,-3.646,9.888,5.108,-2.682,0.0688,527.083,-32.065,68.339,-34.365,1380.013,0.2806,6.451,1,0,0,0
1861,3,21.163,25.363,26.369,24.915,0.0124,379.693,-4.066,19.2,57.735,-4.932,0.1699,178.827,-33.239,26.011,-45.568,3652.688,0.0,33.019,0,0,0,0
3827,3,-5.257,-40.111,22.694,-0.954,0.1626,336.56,5.246,40.743,-19.947,4.511,0.0674,261.831,-58.756,2.465,-69.283,3609.393,0.1514,0.0,1,1,0,0
303,5,12.427,26.348,-21.225,12.699,0.0156,399.425,-14.504,2.039,-17.932,-14.858,0.2757,229.426,-1.012,55.065,-1.363,1965.113,0.5378,7.283,0,0,0,0
4493,3,-8.785,-62.929,-57.808,-11.981,0.2277,126.975,-5.489,-13.302,-23.199,-7.091,0.3901,220.304,15.898,-3.99,12.984,1076.398,1.0,48.216,1,1,1,1
2568,3,-27.233,-46.401,-60.961,-25.686,0.6745,453.477,0.987,-43.106,-36.883,-2.708,0.3915,31.16,27.575,-37.845,26.389,3538.477,0.756,63.583,0,0,0,1
3998,5,-16.547,-59.09,-9.755,-18.292,0.5453,388.621,-16.739,-10.841,-31.682,-11.86,0.1436,121.662,-51.514,-89.526,-77.053,3267.694,0.905,59.489,1,0,0,1
3604,5,6.907,-14.926,9.572,11.271,0.1046,507.062,3.555,5.201,30.737,4.339,0.1217,374.716,45.388,-35.605,38.768,3313.196,0.1049,17.416,1,0,0,0
154,10,13.013,18.96,100.0,11.92,0.0,543.661,-4.121,0.346,9.141,-0.3,0.0092,196.981,10.237,4.702,11.245,5555.355,0.0,12.241,0,0,0,0
2840,3,-12.735,11.364,43.264,-13.533,0.0,59.298,-5.871,-9.31,28.445,-2.923,0.1578,89.294,78.123,94.178,80.04,859.88,0.0926,13.109,0,0,0,0
4485,10,-20.852,44.581,-22.01,-22.135,0.3284,61.31,0.231,-16.74,49.642,-1.214,0.1353,221.088,-15.795,157.757,7.128,2957.817,0.3806,26.657,0,1,0,0
771,3,-27.936,-22.186,21.469,-24.679,0.1017,116.462,-20.187,25.701,-6.357,-21.88,0.0,300.557,-2.101,12.792,4.348,8328.512,0.2062,0.0,0,0,0,0
3572,5,-29.793,22.628,19.004,-31.226,0.0336,263.644,-24.208,10.163,86.658,-24.847,0.0,215.099,-26.014,16.844,-20.297,2347.051,0.0743,17.655,0,0,1,0
3909,5,-22.676,-39.549,-55.426,-27.689,0.4816,86.856,0.1,1.02,-19.99,1.315,0.0765,257.708,-31.841,-175.492,-24.702,5510.722,0.5438,72.18,1,0,0,1
3318,3,-26.881,-31.049,-5.062,-26.707,0.5278,299.654,-22.545,-23.516,-11.736,-22.805,0.358,69.357,-66.155,-25.358,-65.538,2947.365,0.683,84.315,1,0,0,1
3383,3,-18.524,-3.682,58.578,-17.987,0.0,208.807,33.239,36.829,46.19,33.777,0.1027,214.297,32.014,26.239,34.927,6987.341,0.329,19.817,0,0,0,0
4293,3,0.652,29.199,79.885,0.093,0.196,530.229,-3.629,24.143,9.974,-7.849,0.0,399.129,-24.915,39.606,-23.904,5688.084,0.2629,12.051,0,0,0,0
3654,3,-30.801,-33.431,-79.368,-30.719,0.6823,173.778,-10.187,-26.17,-30.469,-8.538,0.2686,3.415,-1.276,-185.088,-8.263,2300.775,0.8208,90.436,0,1,0,1
403,3,-28.699,-7.549,-70.977,-29.894,0.4264,208.06,5.973,-28.047,-34.976,9.065,0.4841,115.856,32.484,9.253,39.707,1751.409,0.5846,95.998,1,0,0,1
573,10,0.935,-21.387,-46.036,1.774,0.223,547.616,7.747,19.134,47.422,6.402,0.0332,108.447,10.09,-88.143,6.517,4722.296,0.2434,35.9,0,0,0,0
1334,10,-1.075,-13.902,9.892,-2.665,0.0651,228.292,-27.986,-25.086,-11.627,-25.913,0.1253,175.193,-29.718,56.174,-43.641,454.878,0.2382,11.94,0,0,0,0
3892,5,-4.11,-7.791,-54.551,-3.468,0.104,144.84,10.828,22.886,23.785,11.504,0.0,347.131,21.626,-84.684,14.554,1657.705,0.2183,34.325,0,0,0,0
3316,3,-16.721,-3.487,-65.198,-17.759,0.7406,335.773,-17.695,-2.576,14.329,-15.35,0.4095,6.55,-35.648,-39.44,-32.312,1800.996,0.6586,86.89,1,1,0,1
3328,10,2.335,-2.563,11.401,-0.896,0.1437,485.908,-9.759,-10.762,-6.183,-8.85,0.1602,338.052,30.706,-19.123,29.569,582.727,0.1421,0.0,0,0,0,0
3031,10,-12.585,23.081,-0.615,-12.751,0.0958,443.33,19.322,3.527,25.669,15.534,0.007,381.218,-33.034,-128.673,-29.218,1136.726,0.2778,0.0,0,0,0,0
2033,10,-15.958,-9.004,-100.0,-12.529,0.334,91.165,-3.338,-17.652,-37.033,-1.853,0.2036,187.61,-14.538,-4.511,-13.384,3778.879,0.7489,79.247,0,0,0,1
1608,10,10.79,14.326,50.852,7.725,0.0,617.601,17.612,-39.737,17.514,16.913,0.1041,135.312,-43.473,104.895,-52.931,2851.689,0.0,20.356,0,0,0,0
799,5,14.463,-6.246,-48.583,13.828,0.1063,84.767,20.378,-30.162,-23.792,21.875,0.0,221.814,10.207,31.61,11.79,780.642,0.4535,4.029,1,0,0,0
533,10,-23.799,22.457,-66.792,-23.814,0.0,377.635,10.233,-13.001,7.852,12.668,0.0556,149.472,0.089,-46.058,-0.511,2971.851,0.2553,30.161,0,0,0,0
4991,3,21.273,62.5,15.283,23.352,0.0,808.461,-1.287,2.099,26.262,-0.673,0.0516,146.6,18.875,-51.558,36.024,2002.195,0.2614,13.569,0,0,0,0
3806,5,1.134,-3.633,-59.961,1.568,0.2398,649.117,-8.483,17.323,26.393,-8.498,0.0423,495.574,-50.178,24.344,-52.112,1960.207,0.0,11.584,0,0,0,0
1919,3,-8.655,-11.994,34.86,-11.403,0.0,384.345,7.298,12.131,-27.953,6.566,0.0,163.443,59.023,144.646,41.301,6016.954,0.2698,21.672,0,0,0,0
2241,5,-27.244,-46.398,-45.636,-25.796,0.9236,195.054,-13.52,-10.64,-29.967,-15.143,0.2447,69.25,3.798,-91.73,12.719,747.91,0.7972,100.0,1,0,0,1
2493,10,10.738,31.285,24.668,10.289,0.1383,105.375,12.376,-15.313,26.296,12.007,0.0069,559.754,-21.222,18.548,-32.976,2898.167,0.5525,22.429,0,0,0,0
3812,3,-21.354,-32.698,51.208,-20.728,0.0652,357.974,21.416,20.732,30.956,20.402,0.0465,492.089,-36.311,-49.667,-24.836,3469.597,0.023,1.559,0,0,1,0
1584,5,12.36,29.484,1.395,9.568,0.0352,54.445,-30.454,-26.627,2.561,-33.741,0.0845,182.393,10.778,-113.582,-6.043,1788.415,0.113,12.949,0,0,0,0
2146,3,-19.619,-43.599,-14.062,-19.599,0.843,223.933,1.476,-9.305,-19.884,3.018,0.0,188.795,-30.928,-22.707,-23.301,2148.138,0.801,56.695,1,0,0,1
1525,3,-20.565,-57.676,-56.614,-21.042,0.739,344.786,-4.028,-2.618,-22.848,-2.497,0.637,294.061,10.048,90.165,4.227,6951.709,0.7476,57.742,1,0,0,1
1399,3,4.917,-19.768,21.768,3.092,0.0333,589.831,10.77,-32.423,-14.958,9.312,0.0621,315.522,-22.555,206.913,-15.662,6217.793,0.3529,2.796,0,1,0,0
3888,10,-11.111,-36.731,-0.403,-12.036,0.9351,279.453,-3.701,-9.329,-20.711,-2.809,0.1554,72.559,-48.63,-121.391,-47.891,3308.263,0.6861,69.61,0,0,0,1
528,3,-13.372,-18.358,2.229,-11.527,0.2935,491.94,6.502,53.917,-4.152,2.612,0.186,156.329,54.47,51.844,53.444,188.5,0.0343,4.058,0,0,0,0
3716,3,-12.879,-20.682,4.827,-16.857,0.0,242.09,1.036,-9.268,-49.519,-0.808,0.1459,329.737,4.211,-11.574,8.645,8341.731,0.1775,0.0,0,0,0,0
3928,3,8.411,35.84,36.088,8.805,0.0,219.559,6.815,1.463,11.845,9.239,0.1342,364.705,15.623,94.468,21.288,3889.085,0.1579,31.719,0,0,0,0
1540,10,-7.552,-36.305,-72.164,-7.737,0.4863,293.239,-9.78,-17.015,-26.039,-9.94,0.22,215.464,24.929,-13.158,15.291,5925.832,1.0,100.0,0,0,0,1
3757,3,-18.295,-19.08,-96.606,-16.381,0.2216,393.972,-19.765,-5.65,-23.218,-18.564,0.4173,158.289,-4.736,-261.848,-4.61,5336.542,0.8632,100.0,1,0,0,1
4036,3,-14.932,2.537,23.145,-17.345,0.1962,692.768,7.336,-18.982,27.62,8.267,0.0516,277.526,18.985,-114.532,15.1,6541.472,0.2935,0.0,0,0,0,0
1485,10,31.679,12.198,59.555,31.799,0.0575,665.608,-12.802,29.362,1.182,-10.662,0.0,355.741,-2.333,-49.504,1.283,2634.606,0.0966,5.96,0,0,0,0
4965,3,12.283,5.407,28.837,13.472,0.0762,382.441,-35.046,57.175,-14.532,-37.608,0.0941,100.176,8.994,-20.745,14.447,6601.512,0.1518,0.0,0,0,0,0
774,3,-2.689,-47.322,-33.289,0.496,0.6614,62.263,-19.696,-9.847,-3.215,-20.127,0.231,107.052,-22.479,-194.403,-19.982,1614.172,0.692,32.819,1,0,0,1
89,5,-13.887,14.858,-34.911,-16.107,0.0663,466.793,-0.175,14.435,-28.824,-0.354,0.0,332.024,-64.548,-4.374,-67.154,4318.031,0.0,0.0,0,0,0,0
2537,3,13.195,14.882,-81.538,12.541,0.0,255.516,18.031,-29.401,-18.785,18.017,0.0,501.721,-2.923,-94.814,-5.071,2916.177,0.2931,21.519,0,0,0,0
2883,10,-5.371,18.246,7.215,-4.76,0.2361,482.38,-4.553,8.816,9.594,-5.917,0.0569,451.986,-53.497,-46.047,-61.96,5019.825,0.0,14.178,0,0,0,0
662,3,5.141,6.187,-8.822,5.524,0.0,361.78,-23.324,5.054,-58.081,-22.814,0.0,545.199,4.846,192.729,10.861,3376.826,0.1624,41.281,0,0,0,0
1520,3,-16.858,-8.851,-48.69,-19.359,0.0,386.28,3.786,-12.336,40.129,5.709,0.031,200.022,-40.335,34.007,-46.94,573.4,0.2177,20.043,0,0,0,0
3897,10,18.125,-45.989,9.782,17.777,0.0197,137.349,4.251,7.844,-6.396,3.367,0.3578,652.439,-50.636,128.671,-60.313,630.57,0.1148,19.234,1,0,0,0
4272,5,-15.221,-38.017,-72.112,-14.543,0.6935,246.341,-5.225,-42.104,-21.119,-8.594,0.1422,1.38,-13.822,-244.19,-22.157,5193.555,0.6767,40.951,0,0,0,1
3413,10,3.851,-16.732,28.212,3.704,0.1156,583.995,16.383,-10.32,17.121,18.456,0.0,511.646,-3.846,-50.215,5.535,2669.15,0.3231,4.468,0,0,0,0
3808,5,-5.738,-9.663,14.254,-4.038,0.0,554.025,-1.73,-1.978,-49.731,1.179,0.0601,120.699,-69.483,-4.61,-71.531,1541.122,0.29,27.168,0,0,0,0
3113,3,-15.56,-39.918,-70.758,-15.026,0.4714,223.765,1.782,-20.91,-32.315,-0.89,0.3071,277.074,31.981,-20.448,30.019,2631.482,0.8802,100.0,0,0,0,1
546,5,-11.01,-36.961,-66.085,-7.99,0.7268,177.375,-8.376,-8.357,-35.827,-7.52,0.4772,99.589,-29.975,-73.249,-30.882,2487.929,0.5851,69.79,1,0,0,1
1836,10,-1.787,-0.795,74.371,0.126,0.1075,177.268,27.552,10.866,90.013,31.947,0.0869,303.151,-14.306,71.267,-16.356,6122.471,0.0918,0.0,0,0,0,0
3686,10,5.465,37.049,16.698,6.201,0.1342,401.166,-12.527,-0.949,1.611,-12.558,0.1697,92.457,38.015,-51.816,36.958,2165.239,0.1404,35.438,0,0,0,0
3242,10,2.625,-62.602,2.221,2.499,0.0966,503.109,-21.469,12.414,50.628,-21.47,0.0,374.266,12.715,20.966,7.117,8252.197,0.1451,40.553,0,0,0,0
3920,10,-20.173,-0.725,53.206,-23.098,0.0,210.177,13.656,0.42,-39.329,13.885,0.0,107.088,16.112,-118.122,12.825,3601.26,0.1888,32.29,0,0,0,0
4422,5,-20.73,-47.134,-11.964,-21.136,0.1352,588.834,18.746,-17.032,-1.778,19.497,0.0881,103.711,-20.32,18.622,-10.54,5265.776,0.1289,0.0,0,1,0,0
3100,3,27.683,10.421,14.6,24.738,0.0212,124.949,11.074,9.324,41.186,11.285,0.1973,63.327,12.992,-57.935,22.014,79.485,0.2481,7.401,1,0,0,0
185,10,-31.336,-46.923,-35.619,-32.553,0.2182,319.282,-5.567,-20.672,-58.115,-3.936,0.4209,58.33,11.731,2.634,8.213,2979.094,0.7111,64.372,1,1,0,1
681,3,-11.23,4.997,-3.473,-10.3,0.0723,555.052,-11.883,13.303,-38.192,-13.833,0.1249,206.247,-26.486,4.634,-25.464,3917.52,0.3346,0.0,0,0,0,0
1077,3,29.634,-27.498,-41.943,30.867,0.0,259.037,5.312,26.542,9.012,2.649,0.0691,318.171,23.056,-119.699,19.064,3661.471,0.3547,39.286,0,0,0,0
4939,3,-10.789,35.585,1.999,-9.721,0.1403,14.409,14.001,11.419,21.957,16.916,0.0,200.519,43.091,-47.408,41.351,1944.829,0.0,6.031,0,0,0,0
2933,5,17.015,-12.564,-24.343,18.658,0.3907,408.201,4.834,24.623,-3.837,5.254,0.19,214.106,14.211,-21.589,26.044,3502.065,0.0,0.0,0,0,0,0
148,3,-17.354,-66.379,-47.072,-20.358,0.3733,90.817,-7.925,-13.966,-39.792,-7.398,0.6188,115.013,44.094,-165.79,49.097,2485.448,0.8309,67.45,1,0,0,1
1067,5,-25.873,-23.588,-68.596,-26.076,0.5783,302.906,2.13,0.555,4.131,2.834,0.1408,107.547,-101.561,-88.557,-107.506,1272.112,0.8722,81.334,1,0,0,1
1173,3,-15.318,23.852,46.941,-14.962,0.008,610.393,-9.9,-6.692,36.842,-8.181,0.0,271.561,31.207,76.022,30.147,2616.946,0.3212,19.344,0,0,0,0
1541,3,-6.672,-33.389,-27.913,-6.271,0.1736,595.307,11.594,22.094,-37.974,10.168,0.0168,458.883,21.794,-31.741,23.604,4591.742,0.0462,0.0,0,0,0,0
3592,10,-6.824,-7.627,-51.4,-7.364,0.345,340.557,23.802,-3.27,-43.175,21.487,0.2463,285.659,-4.854,135.097,8.808,4290.806,0.2392,38.55,0,0,0,0
2423,3,-2.423,-33.224,29.233,-1.64,0.1761,366.019,1.77,6.408,8.151,3.247,0.0,132.17,7.819,-34.228,9.029,3079.557,0.1324,11.084,0,0,0,0
1277,3,0.718,-28.92,30.497,1.341,0.1298,634.327,-17.367,9.17,-13.778,-16.637,0.2551,215.895,7.514,-75.075,11.402,2782.062,0.0,29.288,1,0,0,0
1194,5,2.384,-33.923,-60.95,2.359,0.0,470.923,7.208,-0.24,32.108,7.839,0.2579,9.631,-64.577,91.772,-60.109,3053.582,0.0885,20.641,0,1,0,0
4504,5,-30.753,-33.598,-88.539,-33.628,0.7929,169.161,-17.698,-7.677,-29.884,-20.275,0.2126,227.168,33.135,-69.235,25.671,1320.649,0.8769,92.554,0,0,0,1
2128,3,-12.874,-32.093,-75.125,-17.177,0.4448,312.126,8.201,-38.377,-36.468,3.848,0.0,224.468,57.054,15.362,46.753,1089.111,0.99,66.697,0,0,1,1
1369,5,-27.976,-53.644,-51.264,-26.852,0.7047,289.843,-11.226,-31.234,-11.53,-10.28,0.5968,21.507,-25.502,-125.078,-21.75,3443.897,0.4326,66.807,0,0,0,1
1904,10,-0.508,9.023,-5.824,1.889,0.1932,614.266,7.067,18.837,48.005,5.57,0.0848,333.603,11.107,-141.959,14.175,896.235,0.1026,8.242,0,0,0,0
4903,3,-3.159,-39.51,-30.546,-3.595,0.2103,463.437,-3.44,-43.789,-33.682,-0.481,0.4594,52.927,-35.36,68.367,-36.71,4752.767,0.5558,17.57,1,0,0,1
3033,5,0.842,-1.169,-51.156,-1.533,0.0178,527.753,-7.752,13.373,25.038,-9.041,0.0,318.696,-31.984,-10.985,-22.108,1951.657,0.2778,14.598,0,0,0,0
3798,10,23.126,-30.585,-58.02,24.365,0.6828,475.235,-21.787,-4.062,-15.596,-20.659,0.1569,318.032,-5.152,55.09,-3.104,3743.244,0.3271,11.889,0,0,0,0
2446,3,-33.379,-45.503,-54.012,-33.733,0.6093,54.234,3.168,-7.415,-54.114,0.897,0.0,85.104,21.154,55.808,18.817,4263.611,0.7763,68.209,1,0,0,1
4887,10,-31.526,-41.803,-58.757,-30.66,0.8591,84.42,-12.184,-5.907,9.468,-14.683,0.4789,142.361,-59.267,-107.587,-43.499,1973.578,0.907,67.145,0,0,0,1
4550,5,-23.405,-14.569,2.381,-22.482,0.0,530.887,21.784,15.828,31.004,20.775,0.0,458.47,14.865,-18.906,10.045,1193.393,0.0944,0.0,0,0,0,0
4547,5,7.98,-7.47,9.331,8.895,0.1952,419.594,3.106,19.457,11.285,4.961,0.0598,355.67,-29.246,-102.202,-26.524,2232.259,0.0,19.695,0,0,0,0
765,5,17.925,30.079,32.521,18.278,0.4566,567.949,-18.694,-1.635,3.21,-19.007,0.1687,337.623,-18.037,144.568,-16.703,4213.917,0.2003,8.996,0,0,0,0
502,5,11.276,27.007,4.214,9.785,0.1316,463.758,-1.642,-0.703,-5.686,0.539,0.0511,456.146,-11.298,102.714,-10.396,4529.631,0.1682,5.006,0,0,0,0
2368,3,-18.394,-27.258,-42.107,-18.32,0.5301,144.759,-7.438,-34.586,-39.529,-8.573,0.1395,239.441,-13.799,-93.819,-21.66,5137.028,0.5547,77.822,1,1,0,1
2736,10,1.049,-16.556,-27.334,2.423,0.1261,670.633,-0.106,-17.182,-8.301,-0.758,0.1431,40.714,50.815,-22.188,60.15,3821.8,0.0272,36.732,0,1,0,0
1027,3,0.998,-23.209,-66.707,2.285,0.5582,445.979,-10.626,-21.274,-11.417,-9.91,0.5549,118.616,16.122,-160.788,17.473,3199.419,0.5885,99.178,1,0,0,1
3314,10,-0.955,-10.643,-23.043,-1.705,0.3604,50.2,-11.546,-35.47,-9.256,-9.0,0.149,465.836,-56.476,45.581,-52.112,7088.593,0.3748,8.358,0,0,0,0
2267,10,23.692,-38.565,33.092,22.075,0.3274,305.768,15.603,-5.998,3.928,15.229,0.0,322.782,23.212,9.881,12.722,5629.465,0.4164,19.78,0,0,0,0
2816,10,-11.823,-18.509,-90.211,-13.901,0.5362,214.844,1.102,17.419,-29.62,-1.266,0.2279,324.052,-55.745,-167.993,-48.692,10.447,0.4732,95.744,1,1,0,1
220,3,-0.041,-27.961,-52.717,0.898,0.3692,441.221,2.321,-34.82,41.253,6.325,0.0,247.354,71.0,-134.546,72.376,1014.225,0.0,58.765,1,0,0,0
1407,5,7.254,-11.093,-14.667,7.803,0.0,732.885,4.229,-26.648,34.858,-0.651,0.0307,453.153,-26.118,-74.851,-25.572,4166.325,0.171,18.092,0,0,0,0
2954,10,1.333,56.523,21.938,-0.127,0.0696,253.288,-1.947,3.643,-24.283,-0.36,0.051,376.998,25.426,-125.573,13.306,3938.602,0.084,4.057,1,0,0,0
1928,10,-25.055,-46.498,-56.768,-27.49,0.5334,297.715,-7.719,-34.926,-27.119,-10.675,0.2229,66.37,-3.417,-139.448,-12.232,162.17,0.6424,62.461,1,0,1,1
4302,5,12.415,-0.196,-2.237,12.292,0.0884,243.859,-0.849,-16.813,14.05,1.987,0.029,445.982,9.581,49.269,25.342,1072.53,0.2598,22.24,0,0,0,0
3335,3,1.255,3.952,-7.162,1.518,0.284,440.691,-20.687,8.595,20.247,-17.019,0.0034,308.636,32.477,129.861,47.19,1043.7,0.0,13.099,1,0,0,0
4075,10,-29.733,-33.869,-66.549,-30.415,0.3079,214.718,-5.396,-11.615,-5.804,-3.362,0.7547,238.905,9.337,-168.705,19.535,3124.462,0.8506,41.116,0,1,0,1
4596,5,2.525,-9.826,-23.893,-0.181,0.0263,474.025,12.033,-5.878,5.578,12.954,0.1796,269.35,5.989,47.944,-2.527,3874.8,0.0,0.0,1,0,0,0
3655,10,-8.029,-22.133,-7.642,-7.147,0.0455,616.968,-7.569,-7.166,-11.655,-8.983,0.0459,577.582,13.677,-68.115,15.185,4415.727,0.2529,1.457,0,0,0,0
1264,5,-21.43,40.276,-19.526,-22.374,0.1879,37.606,6.846,11.369,6.532,6.711,0.0,621.655,-11.044,61.219,-5.502,4214.726,0.0704,0.0,0,0,0,0
1845,3,9.805,1.143,23.461,6.888,0.2145,255.269,-11.27,2.193,-36.141,-12.457,0.0,411.627,-0.407,88.913,2.195,4315.735,0.1215,0.0,0,0,0,0
1424,3,-22.955,-27.345,-6.318,-21.617,0.3063,132.874,-17.105,-1.662,-52.156,-14.908,0.3047,292.443,-11.006,52.738,-15.835,1567.62,0.7661,28.032,1,0,1,1
599,10,-17.095,-72.188,-71.445,-16.208,0.5321,380.984,-4.765,-6.739,-2.824,-4.03,0.2919,211.291,-39.846,8.142,-37.138,1556.216,0.9243,51.596,1,0,0,1
4986,10,0.797,-34.444,-46.776,5.012,0.3525,745.616,-18.895,-3.053,-38.147,-18.215,0.0,177.113,70.232,-70.243,79.427,6992.61,0.2783,51.516,1,0,0,0
2599,5,15.039,-20.529,4.249,16.671,0.1374,368.035,-6.722,6.713,36.981,-6.984,0.0735,291.603,2.464,5.221,1.112,5409.952,0.2261,29.751,1,0,0,0
686,3,5.375,-13.842,28.235,4.764,0.0333,379.177,11.525,-22.419,34.343,12.774,0.0,361.022,-27.179,121.047,-19.354,2590.657,0.0,22.603,0,0,0,0
2839,5,-16.242,-9.207,-0.827,-17.663,0.0,383.275,-4.239,6.119,-51.099,-5.004,0.2046,571.735,-76.893,-113.434,-103.643,3465.972,0.0352,2.563,0,0,0,0
514,3,-11.02,18.222,44.558,-9.906,0.1589,538.905,1.671,-6.939,19.824,1.192,0.0,194.597,-2.561,-38.838,-8.613,5795.213,0.443,34.195,0,0,0,0
133,3,-34.624,0.896,-52.492,-32.796,0.0519,183.69,3.34,-30.776,78.189,6.578,0.1796,397.422,20.757,58.903,9.841,6359.818,0.1762,37.671,0,0,0,0
1989,10,-31.849,-23.688,-41.427,-31.834,0.4558,275.559,0.361,-36.923,-41.905,-4.236,0.0291,137.326,10.464,136.816,2.499,5492.352,0.2102,57.787,0,0,0,0
3123,3,-4.807,2.819,64.272,-3.511,0.0774,384.169,18.673,-4.16,-48.329,19.791,0.0,755.102,-20.846,57.151,-17.522,4723.843,0.0,15.286,0,0,0,0
1271,3,2.019,14.255,8.083,3.821,0.0179,37.236,7.586,4.972,0.954,6.181,0.1089,598.455,13.183,-90.7,-4.728,2572.076,0.2322,28.368,0,0,0,0
1262,10,-2.714,0.094,7.805,0.987,0.0,564.79,2.033,5.892,-25.799,1.405,0.0508,355.941,-19.289,44.653,-18.92,3062.318,0.0,4.827,0,0,0,0
1702,3,-27.327,20.349,-3.072,-31.64,0.0865,408.74,-1.973,-35.322,-11.055,-1.943,0.0,528.541,-1.324,-68.429,-13.627,2728.358,0.0,41.204,0,0,0,0
1365,3,-16.553,-35.584,-54.079,-18.08,0.5187,258.644,-11.597,-9.569,-28.904,-12.678,0.3079,165.437,-33.64,-113.951,-28.919,2016.552,0.5648,86.699,1,0,1,1
665,10,-14.847,-3.894,-20.608,-14.34,0.0,319.772,-17.73,-28.798,13.095,-17.805,0.2038,145.497,-11.514,162.811,-11.54,460.525,0.0943,40.66,0,0,0,0
4330,3,-13.809,24.056,-100.0,-17.598,0.1371,576.779,24.107,6.36,-22.424,21.967,0.1194,254.416,-7.774,7.654,-2.888,7737.83,0.0816,38.635,1,1,0,0
3905,5,3.206,-19.612,-3.091,4.754,0.2188,110.809,14.852,-31.15,19.495,11.593,0.0263,374.547,-28.241,27.458,-27.269,2736.522,0.0418,11.253,0,0,0,0
2796,5,-20.06,-47.299,-47.659,-19.494,0.5344,376.373,-12.346,-30.816,-45.56,-15.064,0.0546,77.702,33.136,-17.098,44.0,1216.88,0.8017,45.174,1,0,1,1
3641,10,-34.447,-31.266,-20.028,-32.005,0.3884,103.286,1.749,6.31,-46.551,1.227,0.2559,276.4,52.305,-107.975,61.153,1965.64,0.7829,83.41,1,1,0,1
1908,3,-8.437,56.453,34.386,-7.744,0.0,370.656,18.64,13.648,6.462,20.753,0.0469,366.595,-23.112,44.983,-1.138,3545.231,0.1839,16.955,0,0,1,0
1643,5,-14.949,20.29,-9.808,-15.612,0.0,594.834,13.486,-50.797,-7.294,14.092,0.0,108.456,-37.121,48.155,-17.699,3291.82,0.0386,18.192,0,0,0,0
2699,10,9.444,-15.168,20.536,13.867,0.0595,284.483,-3.59,24.976,9.934,-0.584,0.0,405.919,61.659,-98.022,68.244,583.784,0.1575,0.041,0,0,0,0
4819,10,-18.035,-23.424,-39.049,-15.952,0.5932,365.942,1.195,-2.767,20.648,-0.398,0.0614,506.129,20.965,-33.188,9.755,389.033,0.0674,40.881,0,0,0,0
52,3,-2.361,16.149,-28.704,-0.151,0.1338,354.988,7.808,4.314,46.64,7.822,0.2326,431.074,-34.105,15.758,-38.145,2972.279,0.3029,10.439,0,0,0,0
100,10,4.873,-20.017,7.355,4.458,0.0,424.682,-2.868,-6.964,21.418,-4.072,0.0,365.759,16.208,10.627,9.659,4703.539,0.2247,0.0,0,0,0,0
1991,10,-13.585,-17.446,-43.841,-13.729,0.0868,548.636,-12.862,-1.62,13.096,-13.874,0.0858,464.539,-18.071,100.84,-16.238,5184.092,0.0376,32.555,0,0,0,0
4941,3,-17.048,-23.42,24.707,-15.011,0.137,154.959,-6.64,7.268,-62.37,-6.199,0.2354,361.887,-20.409,153.343,-12.531,293.89,0.3349,10.986,0,0,0,0
3509,5,-7.434,24.248,18.165,-7.74,0.1402,631.071,11.221,11.434,23.1,11.028,0.2597,430.513,45.556,-26.473,50.283,360.426,0.0,0.0,0,0,0,0
725,10,-19.187,-40.861,-54.007,-18.339,0.318,167.781,-9.991,-17.188,-19.885,-14.806,0.2425,147.722,-31.105,-36.751,-34.816,2752.347,1.0,65.798,0,0,0,1
1772,5,-9.848,22.174,48.26,-12.261,0.0093,242.343,2.226,-13.428,34.179,2.877,0.1203,465.481,24.13,1.971,2.694,7166.116,0.0099,13.811,0,0,0,0
1213,3,-30.771,-43.438,-87.537,-32.948,0.4325,142.788,-18.194,0.649,1.607,-16.804,0.2658,51.638,-53.33,-238.603,-44.677,4414.882,0.5899,66.557,1,0,0,1
1380,5,-36.869,-33.668,-7.156,-36.034,0.5222,9.227,-6.796,-41.983,1.458,-7.346,0.2551,253.446,-38.434,-116.925,-33.848,3390.574,0.5234,74.128,0,0,1,1
1588,3,17.251,12.932,21.905,18.539,0.1534,166.272,-6.553,31.489,5.331,-5.428,0.0342,95.665,-12.904,-155.526,-11.68,2278.871,0.4798,4.146,0,0,0,0
4017,3,2.163,-24.507,-29.514,2.283,0.331,370.363,3.328,24.461,4.993,2.268,0.0706,152.89,-18.638,-50.516,-4.346,7067.131,0.1713,51.047,0,0,0,0
3809,10,-33.016,25.43,31.029,-37.632,0.0656,204.195,18.888,11.367,41.988,16.875,0.0,450.203,42.208,15.118,50.087,3830.364,0.1866,27.414,0,0,0,0
3148,10,-45.76,19.527,-16.337,-46.201,0.2304,403.152,6.769,18.086,-17.792,4.106,0.0848,413.06,-71.899,-40.321,-64.568,5368.964,0.2901,0.0,0,0,0,0
2741,3,-14.841,-29.173,-23.565,-13.841,0.2039,689.282,4.045,-45.361,14.005,3.05,0.0,157.121,-26.072,65.925,-19.537,743.436,0.395,22.092,1,0,0,0
3408,10,-21.733,-25.986,-37.129,-23.34,0.6325,312.044,-4.801,-9.916,-4.643,-4.609,0.682,76.555,-64.558,-145.643,-72.201,232.59,0.5686,89.692,1,0,0,1
196,3,-8.46,-74.357,-35.527,-12.325,0.3715,150.51,-1.866,-21.646,-39.96,-1.482,0.1251,170.096,-49.089,-167.97,-50.268,2706.33,0.9065,100.0,0,0,0,1
2822,10,22.84,22.904,-13.058,23.757,0.0,416.45,7.216,15.067,-25.505,7.764,0.0999,545.783,31.193,-3.107,27.996,7095.857,0.0,19.172,0,0,0,0
1689,10,24.02,-17.789,-100.0,25.594,0.29,298.791,-21.509,-3.753,-23.676,-20.769,0.014,301.224,-49.201,-121.629,-45.918,3924.467,0.513,20.35,1,0,0,0
4052,3,-14.774,23.728,16.004,-16.835,0.0,663.659,2.992,-21.635,4.747,5.708,0.1596,110.194,-26.427,103.861,-31.934,5572.527,0.2599,27.168,1,0,0,0
4033,3,7.223,-24.969,-46.012,9.184,0.4916,775.536,3.645,30.875,-21.146,6.527,0.0,441.691,-35.286,-148.872,-38.605,4280.41,0.5881,58.679,0,0,0,0
1357,3,-11.822,-37.505,-14.1,-11.832,0.0,90.678,5.809,-16.2,22.078,8.036,0.0,593.361,43.13,51.973,41.845,4276.447,0.1833,0.646,0,1,0,0
4588,3,-10.028,14.336,5.826,-6.382,0.0393,749.146,-9.752,11.058,6.79,-8.574,0.1673,317.011,-43.238,32.191,-47.899,3113.601,0.2578,30.113,0,0,0,0
255,5,-2.404,11.819,-44.924,-0.975,0.0,235.683,2.479,14.419,10.572,-0.424,0.0551,470.959,-14.431,69.284,-16.993,688.139,0.422,12.952,0,0,0,0
1917,10,-3.821,-52.626,-15.826,-3.612,0.7639,208.776,-15.011,-24.401,-24.48,-12.177,0.7041,154.48,80.731,26.289,86.0,2922.211,0.6989,60.6,1,0,0,1
1901,3,-37.377,35.159,-14.671,-36.047,0.2649,363.653,-25.839,-11.26,-31.709,-27.527,0.0913,137.506,48.832,99.736,58.248,2921.857,0.0602,9.355,0,0,0,0
4937,3,-1.54,0.713,16.816,-4.117,0.5976,488.251,-9.22,-18.75,-22.175,-8.694,0.2127,177.744,-60.512,-114.078,-71.15,4298.547,0.7786,100.0,1,0,0,1
1487,5,11.621,-27.467,45.367,9.311,0.0214,137.387,0.155,1.269,26.815,-1.665,0.1728,183.298,5.605,5.302,4.552,3555.065,0.0,11.766,0,0,0,0
996,5,-21.172,-38.485,-52.048,-17.025,0.6781,246.898,1.604,-36.027,-8.7,-1.385,0.2649,116.191,92.699,-85.814,101.515,1423.834,0.5022,70.386,1,0,0,1
4172,3,21.928,-31.701,-77.014,20.325,0.3975,448.678,-18.445,-16.789,5.076,-19.056,0.148,146.305,-5.39,71.814,-4.893,3864.333,0.4234,59.613,0,0,0,0
1206,3,5.068,-42.522,-25.593,2.359,0.6252,238.3,-3.489,-5.828,-41.629,-3.2,0.0093,146.31,-38.947,-13.225,-54.668,1442.843,0.5622,88.207,1,0,0,1
3348,10,-13.471,-50.969,-36.965,-12.992,0.5078,238.529,-3.44,-13.437,-10.787,-6.753,0.0,40.072,-92.294,80.032,-107.223,1739.718,0.5569,81.497,1,1,0,1
1969,10,1.155,-49.319,23.703,-1.247,0.0717,260.219,-1.986,-30.9,15.078,-1.324,0.1391,638.835,-26.929,1.188,-39.802,8107.11,0.1751,9.951,0,0,0,0
1164,10,3.521,7.895,13.184,2.365,0.1157,343.968,-2.202,27.66,29.446,-0.019,0.0,413.799,57.876,37.153,54.199,6108.879,0.1967,29.836,0,0,0,0
1223,5,-19.954,-73.312,-73.786,-21.007,0.2768,182.075,-18.269,2.809,-24.184,-16.051,0.3769,59.027,-51.279,217.05,-40.21,1988.343,0.7929,62.803,1,0,0,1
3220,10,-8.802,-31.639,-23.789,-12.47,0.3825,330.253,17.068,31.631,21.455,20.306,0.0044,442.549,-37.838,-74.329,-46.008,5069.571,0.3584,28.243,0,0,0,0
885,10,-29.62,-69.26,-75.32,-27.58,0.369,464.787,-10.146,3.032,-39.267,-8.766,0.4966,21.191,36.156,-46.661,31.968,221.253,0.4781,100.0,0,0,0,1
2297,5,20.136,26.314,39.271,19.775,0.2327,569.788,5.705,43.771,-42.424,5.067,0.0,101.004,-5.727,-55.917,-4.906,3722.602,0.0353,9.923,0,0,0,0
3717,3,-15.16,-14.046,-59.703,-11.839,0.2354,368.281,-12.98,-23.533,-17.359,-8.954,0.1794,496.432,-16.129,-23.045,-20.738,1620.642,0.2943,18.231,0,0,0,0
4676,5,-18.717,-2.476,-36.055,-18.173,0.0,383.798,3.955,-41.466,-34.804,3.006,0.1089,312.437,54.678,-21.817,48.01,1900.337,0.2842,18.06,0,0,0,0
49,3,-5.148,8.463,18.298,-5.49,0.1759,296.519,14.015,-32.969,-5.006,12.912,0.1002,381.225,37.444,142.573,27.629,2814.844,0.1716,17.932,0,0,0,0
440,5,-11.952,11.994,18.568,-15.81,0.0467,671.612,-4.065,8.768,-50.193,-6.625,0.1285,481.218,-11.996,98.227,-7.315,3519.147,0.187,0.0,0,0,0,0
4022,10,11.18,11.466,-18.066,11.666,0.082,573.383,3.459,-14.032,-23.946,5.694,0.0148,125.097,10.666,-130.576,8.047,3371.814,0.3657,33.987,0,0,0,0
3091,10,-30.303,-31.771,-67.2,-30.455,0.5768,236.04,-7.922,-1.237,-5.603,-9.318,0.2822,214.19,-130.477,9.282,-133.68,2268.503,0.5915,76.405,1,0,0,1
136,10,1.527,-10.371,8.743,-2.351,0.0365,397.984,-30.6,-7.429,0.573,-33.225,0.0776,385.847,11.496,127.67,25.028,7071.403,0.0472,0.0,1,0,0,0
3508,10,-25.15,-31.433,-57.731,-23.711,0.8045,199.695,2.736,-1.981,-3.893,3.674,0.5547,79.971,-32.324,-91.348,-35.654,5378.347,0.7248,83.028,1,0,0,1
3662,3,5.989,-15.447,-35.962,5.09,0.0132,435.633,-1.368,-16.484,-65.311,-1.995,0.0593,146.921,-7.781,145.617,-3.983,4610.639,0.0,0.0,0,0,0,0
2120,5,-1.946,27.378,27.257,-2.52,0.0816,647.237,9.505,5.148,-23.833,9.822,0.0658,567.089,1.548,-83.988,-1.782,3693.681,0.2269,1.215,0,0,0,0
3486,10,9.035,-17.082,0.53,5.173,0.1584,282.908,-8.85,-9.266,-12.737,-8.462,0.0864,463.561,17.186,-104.809,-2.765,5294.431,0.0,38.656,0,0,0,0
2414,3,4.626,-18.183,-22.256,6.995,0.042,344.782,-6.493,30.161,-19.702,-6.594,0.0878,75.921,-57.12,-69.548,-51.508,6253.433,0.1256,22.863,0,0,0,0
192,10,22.927,4.326,-60.558,23.414,0.0,373.437,22.303,-34.716,-27.888,20.725,0.0945,90.826,-4.552,38.117,-8.766,32.42,0.2881,1.308,0,0,0,0
855,5,18.493,-9.999,46.502,21.701,0.1422,634.117,-5.549,10.308,2.213,-6.406,0.0128,340.306,-41.891,15.296,-36.887,3524.257,0.3435,17.479,0,0,0,0
4621,5,-3.918,-9.305,-4.752,-5.472,0.1764,508.247,-0.375,-34.203,45.885,-1.699,0.0,305.135,-36.117,-46.018,-26.784,1092.054,0.0242,40.612,0,0,0,0
117,3,-19.004,-61.383,-15.379,-19.919,0.8503,416.13,0.772,-18.931,-5.769,2.875,0.0242,136.956,6.914,-321.892,16.895,4759.712,0.872,37.646,1,0,0,1
1630,3,11.606,12.061,41.077,13.607,0.1032,662.986,-0.568,-30.546,-71.356,0.6,0.0,327.639,21.563,-70.955,2.36,119.715,0.0,1.373,0,0,0,0
4274,3,1.707,15.933,8.371,4.648,0.0404,280.786,3.61,20.507,-2.656,3.117,0.1429,384.15,42.647,-25.381,58.301,151.06,0.3057,23.815,0,0,0,0
775,10,-8.19,-23.726,-35.277,-8.239,0.0593,339.249,-17.954,-29.145,-23.467,-16.162,0.0249,136.58,-50.132,-275.759,-54.895,3642.097,1.0,43.244,1,0,0,1
19,10,-36.172,-58.998,-31.812,-35.385,0.7454,44.709,-14.102,2.134,-49.082,-16.605,0.5779,76.553,-64.36,66.109,-61.164,2067.29,0.8937,46.088,0,1,0,1
4708,5,0.72,-31.593,-65.597,-2.334,0.6317,70.601,6.198,-26.574,-27.528,7.138,0.4145,214.481,30.811,-137.652,35.835,6739.814,1.0,74.32,1,0,0,1
2373,10,-9.98,-19.678,-8.016,-6.628,0.0,197.638,3.759,-19.976,-57.885,1.08,0.0,353.826,-31.426,117.884,-30.928,5598.885,0.3184,5.594,1,0,0,0
663,10,28.77,-5.368,-9.224,25.877,0.2176,496.018,-5.551,-18.917,-1.823,-5.102,0.0119,139.896,48.42,-66.153,43.637,5990.35,0.4192,16.648,0,0,0,0
4380,5,21.145,-21.976,-4.011,22.282,0.0,408.457,-9.721,16.951,-29.531,-14.989,0.1228,431.106,-17.382,23.8,-0.795,3427.503,0.0,0.0,0,0,0,0
1881,5,-12.316,-19.72,-14.538,-13.578,0.1177,444.497,-2.261,-14.576,-22.373,-5.868,0.0,299.106,-18.243,-16.844,-23.244,3852.306,0.0,11.919,0,0,0,0
1016,3,-8.859,-52.248,-16.655,-8.907,0.0307,314.223,-6.69,-13.721,17.777,-5.803,0.0,372.918,-109.538,-83.923,-100.366,4490.633,0.0634,15.287,0,0,1,0
4977,10,-10.091,14.976,-25.665,-11.936,0.0,428.154,7.579,2.261,29.148,5.135,0.1477,427.942,33.771,-75.1,38.859,5220.737,0.1613,25.753,0,0,0,0
2422,10,-37.281,-21.2,-49.539,-36.291,0.0419,573.913,-9.402,-32.488,4.477,-11.779,0.1628,272.414,9.322,157.105,4.099,1572.451,0.1297,17.096,0,0,0,0
51,10,9.394,-48.31,-36.819,13.19,0.0151,306.164,6.824,13.363,25.986,9.454,0.0,356.519,43.585,-66.851,46.087,5680.027,0.1871,9.081,0,0,0,0
11,3,-26.582,17.428,23.612,-26.899,0.1253,701.158,12.251,-5.944,-31.354,9.977,0.0292,340.612,24.532,-2.221,15.122,4376.612,0.2263,26.741,0,0,0,0
1891,5,-17.116,-38.307,-57.169,-15.611,0.5864,2.575,-10.79,-24.806,0.908,-11.6,0.2438,110.843,-6.341,-54.405,1.398,1314.308,0.6017,84.392,1,1,0,1
3411,5,-22.23,-14.526,-27.066,-23.42,0.5213,314.909,-17.0,-11.087,-25.198,-19.013,0.3565,50.536,-64.357,171.076,-52.125,1198.937,0.6778,34.153,1,0,1,1
2426,10,4.184,17.909,-2.504,1.843,0.0,110.05,10.215,22.78,-73.398,10.922,0.351,612.052,-31.304,55.486,-37.61,3809.803,0.0567,0.0,1,0,0,0
1896,3,-4.87,-14.619,-78.464,-4.59,0.4393,542.546,-5.934,-21.449,-25.685,-9.178,0.6308,125.318,-58.518,-55.057,-63.762,466.986,0.8168,42.716,0,0,1,1
3089,10,16.054,8.19,55.488,13.779,0.1342,685.794,-34.044,16.279,23.332,-34.505,0.0,375.203,-3.829,-21.665,-5.697,3712.669,0.013,10.514,0,0,1,0
3880,5,13.105,-1.915,-2.731,11.989,0.1577,376.044,-12.646,-5.821,-4.32,-13.745,0.0317,428.433,-57.277,170.068,-60.402,2882.358,0.1334,21.961,0,0,0,0
4553,10,-8.45,13.707,1.602,-6.032,0.0,431.79,7.945,9.384,-14.291,8.867,0.095,438.136,-20.841,-77.79,-24.519,419.305,0.1666,44.588,0,0,0,0
4625,3,-18.984,-14.49,-8.005,-18.865,0.1491,752.443,7.497,-9.27,-6.645,6.428,0.1109,340.327,25.671,-52.374,31.014,7135.411,0.2814,17.579,0,0,0,0
20,10,-7.316,-20.954,-53.308,-6.039,0.3875,43.857,-8.663,-25.278,-14.343,-5.983,0.3028,333.822,-40.707,-11.705,-20.207,2887.472,0.5373,66.043,1,0,1,1
3261,5,-17.161,-22.257,-30.248,-20.862,0.52,338.82,6.981,-3.423,-42.791,8.572,0.4612,5.958,-92.346,14.71,-77.239,3828.926,0.5387,58.872,1,0,0,1
3562,3,-18.958,33.212,-68.781,-22.319,0.1556,560.718,10.125,-32.541,81.807,10.643,0.0285,579.969,7.279,-49.258,3.751,2891.239,0.2346,5.07,0,0,0,0
3036,3,29.153,-5.61,-8.965,26.546,0.1749,240.543,-19.144,-1.135,1.515,-20.427,0.0,176.655,27.192,-51.165,25.457,4134.481,0.1102,20.044,0,0,0,0
3205,3,11.255,20.443,41.334,12.594,0.3024,470.018,-14.675,24.313,-0.001,-16.767,0.0641,426.674,7.854,-20.002,2.666,3418.95,0.0089,28.323,0,0,0,0
449,5,8.418,14.786,31.57,11.916,0.1468,544.526,-2.894,-10.97,73.416,-2.117,0.1767,354.643,-20.024,-32.543,-21.764,990.434,0.1984,1.972,1,0,0,0
837,5,-32.401,-25.366,-41.59,-29.632,0.5342,78.611,7.373,-7.389,-36.064,6.54,0.2217,63.218,-45.031,-136.463,-42.983,1471.41,0.7033,41.578,1,0,0,1
3291,10,-13.368,-21.618,-28.175,-13.347,0.107,276.765,-9.228,-15.034,-25.268,-13.541,0.109,38.573,-52.98,-168.816,-44.884,2830.782,0.5311,86.141,0,0,0,1
4390,5,-10.427,-17.085,-100.0,-12.122,0.38,8.547,-2.656,-27.729,-16.762,-1.082,0.2866,82.156,-14.416,66.26,-13.337,1093.502,0.3787,82.363,1,0,0,1
3986,5,-15.249,-30.599,-55.925,-16.466,0.3362,149.554,-0.628,11.377,-24.821,0.418,0.1264,321.543,-106.246,127.003,-111.452,341.777,0.7834,60.84,0,1,0,1
927,3,-8.759,30.122,64.261,-11.252,0.0838,219.138,2.441,-13.679,-0.014,4.882,0.1551,466.156,34.871,25.448,42.448,10812.968,0.3001,29.202,0,0,0,0
382,3,-0.672,-4.548,-57.242,-1.332,0.0064,620.77,-5.701,-4.072,-50.135,-4.414,0.0,166.984,-27.716,-15.291,-44.423,4808.01,0.076,19.12,0,0,0,0
3235,3,5.607,-33.867,9.66,8.865,0.0,466.327,14.777,-12.661,25.083,16.138,0.0745,167.768,38.406,6.249,41.791,3344.832,0.0,0.0,0,0,0,0
2125,10,16.985,23.436,8.978,17.241,0.0549,129.5,-17.619,-30.492,-69.349,-18.518,0.0,183.137,-19.131,-28.999,-24.338,7908.223,0.1855,41.253,0,0,0,0
2802,5,17.921,-1.336,-72.703,21.051,0.0623,314.182,7.837,3.391,-6.437,10.535,0.0863,336.811,10.1,-10.451,22.652,4954.317,0.0892,13.999,0,0,0,0
2377,5,-2.761,-46.324,-11.364,-4.235,0.8084,456.765,1.122,-37.376,-12.867,3.68,0.4045,335.267,1.806,-72.768,15.712,621.948,0.5621,11.94,1,0,0,1
1496,3,-10.601,-14.305,37.032,-16.098,0.0352,603.612,-4.067,-1.928,32.673,-1.638,0.019,38.284,59.468,-26.73,67.159,4926.112,0.3014,13.058,0,0,0,0
2379,3,-0.349,-6.093,21.377,-1.082,0.0,786.568,-7.878,-4.182,19.158,-10.096,0.007,213.031,12.83,-116.223,9.652,5842.866,0.3918,15.688,0,0,0,0
2621,10,6.27,36.077,-38.485,8.784,0.0203,202.738,11.993,-16.916,-33.385,13.623,0.0701,411.781,-42.364,53.632,-22.173,4379.652,0.1238,3.891,1,0,0,0
4453,10,-34.825,-28.465,-79.915,-35.316,0.2342,177.364,0.054,-23.412,-34.511,-2.821,0.1345,169.531,1.469,39.959,-5.441,2910.233,0.4867,100.0,0,0,0,1
1274,3,-20.106,-32.928,-56.074,-19.684,0.4815,200.285,-9.368,23.123,-17.427,-8.616,0.2096,211.649,-46.618,-109.63,-40.03,270.493,0.6002,100.0,1,0,1,1
3136,3,-25.175,-34.624,-68.163,-25.661,0.5938,496.607,-1.484,2.777,-26.526,0.779,0.2921,99.794,-55.646,-29.289,-55.377,1975.474,0.6207,60.463,1,0,0,1
2642,5,-5.286,-25.849,-39.976,-4.88,0.1053,398.346,0.409,4.705,13.663,-0.315,0.213,287.494,-22.653,-16.794,-20.036,4874.49,0.2506,9.781,0,0,0,0
2552,3,-1.707,11.655,14.989,-2.651,0.0763,512.727,0.308,-35.031,-11.283,0.778,0.0491,157.83,7.075,-45.749,2.974,3378.754,0.061,33.291,0,0,0,0
646,10,27.459,6.698,6.298,26.607,0.0313,347.691,1.454,-4.445,-17.947,-1.942,0.0,27.722,-23.399,-64.339,-10.804,3386.914,0.1925,14.7,0,0,0,0
383,3,-1.087,-36.285,63.02,-0.444,0.1249,556.744,-11.737,-25.114,32.031,-12.86,0.0,146.736,27.601,-81.934,26.042,5722.021,0.0795,12.442,0,0,0,0
4287,10,-16.749,-31.554,-43.864,-13.222,0.4193,72.7,4.958,4.964,10.465,3.536,0.0,175.278,-56.558,14.741,-51.47,3573.036,0.0,63.73,0,0,0,0
2343,3,-7.385,18.423,17.857,-5.989,0.0383,639.668,-18.827,18.935,7.29,-16.073,0.0615,568.589,-34.464,94.871,-49.167,4047.727,0.3518,4.744,0,0,0,0
3925,5,-11.648,-11.786,29.808,-12.973,0.0,169.209,0.772,12.325,-23.46,-0.369,0.1408,249.086,-39.3,73.775,-37.132,3310.702,0.0689,28.963,0,1,0,0
2219,3,3.995,-7.398,-35.911,4.082,0.2157,278.191,-28.585,21.41,-33.164,-29.26,0.0853,459.297,9.251,-65.144,11.086,2269.983,0.1019,8.24,0,0,0,0
4811,10,-24.769,20.006,-7.51,-23.262,0.1184,411.776,-14.256,47.417,31.578,-14.575,0.0987,270.19,11.075,48.384,8.694,4154.827,0.0925,20.339,1,0,0,0
3712,3,-21.813,-19.603,-70.59,-21.844,1.0,358.542,-8.688,-16.165,-3.994,-4.478,0.5737,86.358,-23.834,45.538,-6.471,1387.34,0.7929,100.0,1,0,0,1
2122,10,-14.327,-37.826,-65.689,-16.09,0.3239,137.683,-4.16,-26.997,-16.701,-4.631,0.0,214.953,36.179,-82.224,39.26,1242.519,0.4106,39.7,1,0,0,1
4532,3,-20.712,-6.855,-51.327,-19.691,0.5486,188.562,-2.721,-29.414,6.06,-2.858,0.1949,172.556,-76.62,-156.282,-64.425,773.116,0.8932,77.173,1,0,0,1
3684,10,-15.27,13.098,-33.862,-14.205,0.0147,777.89,-9.017,-1.348,-25.23,-5.231,0.046,246.253,46.004,11.539,43.261,6473.643,0.1139,15.287,0,0,0,0
3271,3,30.042,-11.92,72.207,30.134,0.1025,311.164,1.828,-10.715,41.375,-0.074,0.0,422.518,0.012,-68.76,6.962,6416.863,0.0,15.988,0,0,0,0
3000,3,24.476,42.398,-4.789,26.489,0.1464,146.984,-4.199,-19.338,-33.44,-3.39,0.0377,241.708,-48.206,81.685,-52.559,8266.459,0.2182,18.87,0,1,0,0
1482,3,-21.997,-56.923,-54.311,-21.196,0.4112,184.665,-8.89,-3.647,-36.674,-7.216,0.4049,203.958,14.843,-119.32,17.683,2044.868,0.5547,72.986,1,1,0,1
2485,3,0.38,20.633,-66.126,-1.181,0.0782,350.658,5.382,-8.813,-14.555,2.996,0.0,32.753,-13.423,139.917,-20.602,5314.424,0.1072,14.346,0,0,0,0
1800,3,-1.437,-6.636,-41.237,-1.341,0.3008,518.137,-16.458,21.289,-2.565,-17.868,0.1892,22.579,31.059,100.053,34.721,476.605,0.307,73.659,0,0,0,0
2248,3,-23.789,-24.662,-51.161,-22.334,0.6879,106.346,-0.93,-34.739,-1.262,-5.77,0.1578,286.995,-19.412,-58.732,-15.574,6326.756,0.7291,79.667,1,1,0,1
4010,5,27.837,35.61,-46.082,29.393,0.0325,106.99,-11.199,-0.84,28.762,-9.855,0.166,382.331,49.277,-39.709,46.013,2912.751,0.6077,16.141,0,0,0,0
2234,3,-18.696,-43.628,-26.763,-19.127,0.0,105.764,3.977,-28.26,-57.447,2.903,0.1318,101.993,15.236,-18.12,14.802,4222.369,0.6317,64.682,1,1,1,1
2519,10,-8.004,13.049,16.089,-14.757,0.076,123.591,5.72,21.412,-17.915,6.738,0.0418,155.549,-23.453,-101.383,-21.757,2680.283,0.1481,27.512,0,0,0,0
4770,10,-10.054,-2.608,-9.408,-11.942,0.0,336.735,-16.474,-15.964,25.43,-17.018,0.0,147.914,-22.183,-48.736,-29.281,4151.212,0.4068,13.747,0,0,0,0
1980,5,-23.972,-39.035,-56.325,-25.605,0.6442,139.163,-6.908,-10.193,-22.866,-6.259,0.6925,238.724,-21.288,18.78,-15.749,1721.363,0.9565,82.713,1,0,0,1
1275,5,2.845,-44.258,30.323,-0.22,0.2193,728.76,-9.021,-16.521,39.898,-9.031,0.0672,309.569,7.181,-71.582,5.22,1714.954,0.2827,16.354,0,0,0,0
15,5,-17.393,-52.405,-27.413,-14.912,0.3793,315.228,-8.482,-33.577,-23.305,-7.781,0.044,162.996,46.104,39.551,37.094,1677.316,0.847,45.492,1,0,0,1
3644,5,-6.938,-5.108,9.351,-3.878,0.0815,454.952,-6.758,-14.831,16.662,-9.137,0.0102,341.123,-34.693,22.693,-42.486,3847.864,0.375,3.485,0,0,0,0
619,5,3.78,-42.877,-54.499,5.335,0.4136,376.54,1.494,-19.668,15.596,1.545,0.0014,286.063,-30.579,18.444,-30.895,5183.411,0.264,56.557,0,0,0,0
2710,3,3.957,14.868,-48.049,0.892,0.0092,484.947,-10.36,-16.091,10.239,-8.984,0.0312,254.515,22.135,66.9,22.489,4344.714,0.1121,0.0,0,0,0,0
1517,5,-0.022,-16.617,-45.346,3.839,0.5359,143.968,-10.629,-16.367,-34.293,-11.631,0.2882,276.358,44.544,-125.865,37.66,277.77,0.5986,71.876,0,1,0,1
851,5,8.911,-23.007,25.039,10.257,0.0,524.796,-0.204,-2.763,-14.432,3.871,0.1977,261.186,-41.76,92.719,-31.801,1407.493,0.4373,27.202,0,0,0,0
3624,3,-3.705,14.172,5.05,-4.315,0.032,678.725,-5.642,-4.359,-27.777,-2.024,0.0427,702.384,59.57,34.153,51.241,1057.6,0.1459,23.647,0,0,0,0
4035,5,8.94,17.922,10.208,10.133,0.0922,464.37,-11.501,17.726,-24.926,-13.614,0.0085,594.531,-36.025,42.376,-38.849,4228.245,0.2501,0.0,0,0,0,0
1550,5,10.597,36.182,12.824,11.187,0.1155,463.645,27.226,1.132,-54.274,25.43,0.0,210.21,24.281,213.813,33.48,4292.306,0.2128,25.592,0,0,0,0
745,3,4.384,-14.225,-19.668,4.794,0.0496,166.067,7.641,25.023,-0.756,9.219,0.1806,410.138,-39.585,2.278,-45.819,1774.139,0.438,5.783,0,0,0,0
1326,10,5.127,12.781,0.599,4.435,0.1255,328.66,-2.527,30.576,14.523,-4.094,0.0,146.483,-31.18,-111.86,-33.058,6577.235,0.1966,6.857,0,0,0,0
4187,10,7.769,-21.17,-18.899,5.13,0.0,329.989,9.405,-9.283,-3.888,6.421,0.0389,102.407,-15.375,79.668,-16.663,234.717,0.4328,10.468,0,0,0,0
2273,3,-10.253,-9.156,-6.141,-11.976,0.8075,265.802,-15.326,-16.055,-28.823,-12.035,0.2922,318.769,-81.481,-14.557,-79.723,3624.037,0.9095,56.66,1,0,0,1
699,3,-18.771,-79.257,-6.002,-22.04,0.358,305.253,-21.425,-25.312,-25.124,-23.809,0.0,193.583,46.886,22.058,39.597,1604.471,0.6862,44.467,1,0,0,1
811,10,-23.297,-54.172,-76.34,-24.147,0.4669,279.516,10.668,-5.41,-36.77,9.672,0.2297,77.628,3.987,-75.301,6.119,1313.099,0.756,72.776,1,1,1,1
1215,3,4.009,2.938,-22.957,6.961,0.08,315.363,-3.861,6.184,34.825,-5.394,0.0,495.92,-12.689,49.564,-3.182,1999.966,0.0849,22.774,0,0,0,0
4368,5,-21.214,-47.409,-50.511,-19.819,0.4818,31.512,-3.709,-16.403,-45.817,-3.763,0.4055,211.694,59.017,-141.996,61.182,1797.116,0.5177,43.895,1,0,0,1
729,10,0.044,18.198,-17.812,-0.627,0.0,187.76,7.852,-20.392,23.702,8.489,0.019,289.078,-65.94,98.608,-60.299,2009.458,0.2332,0.0,0,0,0,0
3579,3,-10.655,-30.249,-1.169,-11.95,0.5892,478.865,-9.112,-16.734,-4.005,-8.556,0.0762,365.568,-38.934,51.956,-31.792,4741.957,0.8738,18.857,0,0,1,1
4846,5,-16.161,-78.349,-55.427,-19.361,0.7029,285.242,-7.951,-9.153,-26.463,-6.555,0.2742,186.948,-13.381,-148.193,-26.11,679.425,0.7996,77.498,0,1,0,1
4406,10,7.975,-12.932,-46.426,3.189,0.0804,434.097,-9.218,-12.254,-73.561,-9.763,0.0,447.939,1.887,124.036,-9.84,1804.427,0.0102,0.0,0,0,0,0
803,3,-14.912,-41.179,-17.55,-14.8,0.8965,355.542,-17.804,-9.654,-24.242,-19.047,0.2323,147.797,85.276,2.07,74.948,1815.952,0.9659,49.393,0,0,0,1
4474,10,-32.212,-8.474,-44.508,-34.403,0.3794,272.486,-13.362,-29.089,10.713,-14.809,0.5529,142.661,-53.461,-175.899,-48.946,5658.494,0.6836,82.417,1,0,0,1
2742,5,0.737,-25.947,7.555,2.607,0.1496,122.974,8.445,-5.924,-36.903,6.582,0.1884,391.833,7.417,-61.881,28.69,154.848,0.0062,40.94,0,0,0,0
477,3,4.107,-8.018,43.481,3.869,0.0243,634.556,-21.279,-3.201,14.464,-21.333,0.0163,504.365,-8.361,-136.729,-4.681,1189.002,0.0358,15.786,0,0,0,0
2141,3,7.224,-18.08,-34.337,7.392,0.0536,465.105,5.956,15.672,-32.891,6.689,0.02,95.943,-6.071,119.721,-9.655,5307.868,0.4657,49.513,0,0,0,0
1308,10,-9.355,-9.867,67.696,-10.691,0.106,274.334,3.734,-4.683,2.662,3.645,0.0,409.55,46.504,-11.68,59.557,1621.348,0.4071,18.668,0,0,0,0
3931,10,12.851,-31.054,-9.613,11.881,0.1331,425.566,-14.602,56.906,11.513,-10.608,0.1475,238.808,17.256,-98.975,12.164,4695.531,0.0,10.666,0,0,0,0
807,5,-17.533,-53.931,-48.335,-13.184,0.5769,188.156,-24.299,-22.211,-22.653,-25.831,0.2118,154.788,-24.655,-266.153,-26.379,4939.545,0.7774,77.685,0,0,0,1
145,3,8.059,-27.868,-29.406,8.416,0.3995,502.162,-1.062,4.831,23.883,-1.483,0.0904,424.515,39.73,41.454,41.369,967.31,0.4539,46.392,0,0,0,0
1390,5,-2.933,-27.758,-28.837,-3.099,0.3809,124.034,10.304,6.881,-14.771,9.495,0.2293,350.985,-24.303,-172.172,-20.621,524.451,0.3571,44.48,1,1,0,1
597,10,5.307,9.095,-15.381,4.777,0.0,468.457,14.729,4.084,70.047,12.665,0.0,153.491,-15.376,104.186,-17.366,3184.299,0.113,0.981,1,0,0,0
3722,3,-19.569,-24.426,-65.637,-15.547,0.073,272.543,-19.641,-9.694,-50.821,-23.055,0.3688,12.007,-12.397,-169.069,-26.19,574.133,0.7727,55.088,0,0,0,1
4960,10,-0.811,-7.925,17.99,0.889,0.0,690.21,-0.89,6.327,-39.512,-0.312,0.0664,316.937,-76.408,-156.992,-82.179,3773.498,0.2155,21.243,0,0,0,0
168,5,8.371,-21.414,-32.664,7.525,0.5189,363.974,-4.909,5.716,9.148,-3.181,0.0,171.034,51.328,80.992,62.911,5576.922,0.2941,32.259,0,0,0,0
2513,10,-3.815,-9.246,-46.976,-0.708,0.1541,17.983,17.643,-41.234,-37.602,18.217,0.0,32.529,35.699,-12.702,45.227,1239.631,0.3487,31.155,0,0,0,0
4105,5,-17.688,-45.574,0.909,-14.929,0.5145,234.654,-14.024,-36.971,-36.004,-19.129,0.2352,125.926,12.828,-98.854,22.916,1242.104,0.6652,100.0,1,0,0,1
944,10,2.733,-19.833,11.985,3.032,0.2448,215.867,15.519,1.861,36.577,16.509,0.0,164.037,-72.713,142.968,-70.402,1920.28,0.1525,27.061,0,0,0,0
3118,5,-26.518,-49.07,-69.156,-30.947,0.4321,376.832,-6.167,-26.206,-27.903,-2.335,0.056,173.584,-19.591,-31.021,-21.141,2172.26,0.9974,75.256,1,1,1,1
2181,5,-2.178,-2.32,6.997,-5.402,0.0,325.1,8.272,-16.955,-2.821,13.126,0.1699,158.293,30.984,-39.442,47.345,1562.999,0.3815,6.524,0,0,0,0
270,3,-16.996,-50.978,-20.072,-17.715,0.0413,242.494,0.204,-9.425,-28.474,-0.583,0.1802,266.983,-5.595,-85.062,-23.006,6282.299,0.1413,1.219,0,0,0,0
1609,3,8.858,-36.485,53.383,7.03,0.0,209.669,-11.461,-11.352,5.603,-14.551,0.2045,281.637,27.247,195.138,28.758,5907.08,0.1118,0.0,1,0,0,0
4068,5,28.519,8.865,-15.659,28.783,0.1468,215.838,-9.958,-10.155,-33.22,-7.341,0.1609,273.207,-26.531,144.576,-21.675,5341.251,0.1658,14.951,0,0,0,0
351,10,-23.165,-28.744,-70.338,-23.11,0.3811,232.784,-0.091,-10.806,-34.157,-1.795,0.6793,168.942,-53.251,-106.48,-40.465,2602.169,1.0,59.444,1,0,0,1
3522,5,6.108,36.434,-0.459,5.166,0.1277,394.677,12.18,-29.598,-21.381,12.394,0.0186,377.051,-9.547,87.814,-3.134,1983.377,0.2752,0.0,0,0,0,0
2052,3,-11.186,-67.716,-34.255,-13.159,0.4956,352.031,-10.383,-7.721,16.363,-8.872,0.1633,319.871,-17.214,-73.351,-19.224,1822.997,0.7817,100.0,1,1,0,1
3916,5,-13.232,-21.788,-6.608,-13.555,0.1948,474.259,-8.778,17.663,0.36,-8.801,0.0617,483.645,39.571,142.763,40.93,3106.18,0.2114,34.28,0,0,0,0
4950,3,-7.093,-30.595,-30.457,-7.651,0.3557,537.857,-16.8,-3.166,38.0,-16.46,0.0513,340.163,-9.633,-69.019,-7.042,7687.35,0.5265,74.06,0,0,0,0
3147,3,23.404,-22.685,0.127,23.342,0.0745,217.926,1.132,28.51,11.697,-3.09,0.0141,219.305,-33.858,-116.34,-24.381,9856.571,0.0468,24.917,0,0,0,0
1182,3,17.527,-38.981,-46.126,18.181,0.1197,399.014,-0.589,-28.984,-17.399,-1.431,0.0,289.944,-2.54,-173.239,7.782,2844.315,0.138,20.263,0,0,0,0
4897,5,-29.853,-45.962,-42.94,-29.98,0.8393,174.685,-22.297,-17.711,-39.366,-21.084,0.1077,136.028,-68.057,-26.026,-64.272,520.358,0.5729,53.411,1,0,0,1
85,5,5.289,-2.71,-36.598,5.878,0.5752,170.242,-1.025,14.688,-17.088,-1.551,0.2674,366.77,4.958,50.744,17.087,7275.069,0.232,66.614,0,1,0,0
3692,5,-29.499,-55.276,-85.024,-30.105,0.5909,532.142,-0.005,-24.262,-34.169,-1.552,0.1495,35.097,-57.816,-192.699,-58.856,3701.168,0.4683,68.897,1,0,0,1
2782,10,-0.63,-13.921,21.509,-2.537,0.2407,547.117,5.567,-4.533,14.326,6.478,0.0,555.387,21.83,-54.806,27.223,2582.945,0.0965,8.553,0,0,0,0
1549,10,-7.85,-14.033,-27.51,-4.269,0.5252,272.609,-12.897,-36.086,-20.201,-10.656,0.4508,134.964,-45.645,83.058,-42.085,3589.779,0.7467,50.12,0,0,0,1
1330,5,19.096,14.616,8.07,21.617,0.0324,745.829,14.133,-7.439,42.476,14.821,0.0,264.575,-42.606,-59.203,-42.334,3919.691,0.211,14.585,0,0,0,0
4233,5,-1.38,25.69,23.872,-1.279,0.1049,398.433,8.61,-2.665,-16.884,10.117,0.1292,412.377,14.339,-126.846,13.723,785.223,0.1825,29.556,0,0,0,0
1204,10,-13.694,-15.061,-63.388,-15.512,0.3227,215.414,-14.338,10.201,5.943,-12.507,0.4698,120.77,-25.924,-18.317,-39.042,92.242,0.3177,59.042,1,0,0,1
1013,5,-2.61,69.442,10.3,-2.301,0.0171,495.038,-29.79,1.173,10.217,-28.144,0.0,232.638,44.22,109.065,44.231,587.035,0.1782,10.3,0,0,0,0
2594,5,-17.521,-48.948,-37.244,-18.375,0.8699,89.714,-15.657,-1.866,14.696,-13.285,0.5511,180.645,-23.953,12.303,-6.931,4812.55,0.6027,79.172,1,0,0,1
541,5,-13.341,-83.998,-66.071,-13.731,0.1789,144.941,-25.575,0.107,-6.694,-29.912,0.256,352.278,-82.193,-27.233,-91.425,3247.649,0.6426,49.7,0,0,0,1
54,5,4.235,-20.218,17.054,5.476,0.0,98.287,-4.826,12.533,-21.593,-7.226,0.151,133.241,90.735,123.346,105.696,3452.6,0.3215,30.859,0,0,0,0
4714,5,16.059,-13.654,-30.739,16.494,0.4037,240.151,12.814,14.925,0.787,14.276,0.0,340.009,-40.413,-42.449,-47.337,4562.405,0.3738,58.18,0,0,0,0
4771,3,-12.795,-30.47,1.86,-11.781,0.1366,638.832,-14.44,-14.229,-21.52,-18.472,0.0,232.82,9.947,30.745,-4.04,2917.037,0.4233,3.685,0,0,0,0
4796,3,-27.035,-10.534,-74.302,-25.644,0.3799,73.53,-4.692,-32.738,-17.96,-3.609,0.0901,130.391,41.968,-191.699,40.448,4077.769,0.4959,76.276,0,0,1,1
1813,10,14.042,-31.558,15.929,14.755,0.3143,276.523,7.66,-20.047,21.29,10.107,0.0161,415.557,-37.866,19.865,-32.162,3344.624,0.1471,0.0,0,0,0,0
4721,5,-6.866,-9.09,-49.502,-10.443,0.3601,250.302,-2.925,-14.289,-44.247,-4.686,0.111,17.62,-67.677,-75.181,-58.097,604.148,0.8859,52.853,0,0,0,1
2548,10,7.832,-3.68,-37.44,10.922,0.0,926.619,-8.817,-4.14,13.865,-8.068,0.122,345.646,-4.291,-61.266,-7.086,732.458,0.3742,18.551,0,0,0,0
2310,3,17.755,23.134,-10.624,19.814,0.2634,395.055,19.801,0.771,-29.468,22.267,0.0,89.658,-28.237,-15.367,-27.809,0.119,0.4783,0.581,0,0,0,0
1392,3,0.093,-20.147,-46.321,-3.159,0.4487,340.374,10.669,20.22,0.212,9.727,0.1207,485.063,-24.504,231.475,-22.992,178.498,0.006,44.717,0,0,0,0
2841,3,-22.019,-10.584,-4.182,-23.285,0.11,396.271,-6.302,-20.791,-21.564,-6.472,0.1888,310.317,1.642,96.566,0.346,5022.742,0.1088,0.0,0,0,0,0
4629,5,0.775,-10.59,1.708,3.573,0.06,252.543,3.23,-31.152,6.321,3.85,0.0296,374.838,-8.52,130.25,-0.904,3484.335,0.1916,30.008,0,0,0,0
2955,3,-22.016,-33.12,-50.991,-25.494,0.8242,200.621,2.03,-39.711,-52.736,4.165,0.3194,127.95,56.479,-57.788,46.085,7865.916,1.0,44.67,1,0,0,1
1752,10,16.79,12.83,26.927,16.62,0.1711,476.399,-0.304,22.656,-6.565,1.898,0.218,326.771,-27.602,-70.814,-17.877,1397.476,0.3386,20.149,0,0,0,0
962,3,-0.19,-3.554,28.617,-0.225,0.0041,524.427,16.931,-14.34,22.58,15.805,0.0304,365.035,-50.505,-12.864,-63.257,655.378,0.2357,21.332,0,0,0,0
2182,10,3.971,-23.158,-33.62,3.471,0.6015,184.165,12.703,0.985,25.77,16.638,0.1267,281.722,-16.028,-47.693,-17.885,4821.489,0.1915,48.897,0,1,0,0
3150,10,-20.857,-21.062,20.633,-21.544,0.0436,460.45,-0.568,-6.008,40.459,0.969,0.0044,150.144,-21.202,-236.416,-22.846,5511.85,0.1112,4.68,0,0,0,0
2558,10,1.951,-10.417,9.404,2.918,0.141,446.266,-0.589,10.824,42.5,-0.379,0.0,339.424,-40.024,99.57,-30.017,4032.041,0.311,21.153,0,0,0,0
3570,3,-2.929,-17.787,47.647,-7.342,0.195,354.579,-15.147,-28.429,-9.827,-15.678,0.0076,325.871,-11.763,75.891,-17.673,4359.472,0.4575,4.058,0,0,0,0
4170,5,-12.837,-34.095,-62.15,-11.908,0.5349,9.18,-23.284,-16.381,-38.059,-23.067,0.0348,181.793,64.226,-230.734,54.477,2631.042,0.8608,69.966,1,1,0,1
142,3,-18.878,-30.79,-32.051,-18.238,0.4719,323.444,-3.822,-4.061,5.313,-5.33,0.2987,191.199,-42.912,-143.485,-45.266,133.41,0.9033,97.901,1,1,0,1
890,3,-17.279,21.642,-25.598,-16.881,0.0993,63.577,5.385,-13.026,25.015,7.4,0.0,293.48,-11.641,63.967,-9.313,3316.809,0.2476,38.467,0,0,0,0
